dataset_id,image_id,image_path,partial_target,target,xlsx_image_path,uuid_prefix,f4dficimg_path,record_count,expert_ids_json
16,5369,gl-0010.jpg,"[102, 103]",103,static/img/9404a7017326433cbafbf98a6d0c8e83_gl-0010.jpg,9404a7017326433cbafbf98a6d0c8e83,~/ml4img/f4dficimg/dif_MRItumor/gl-0010.jpg,2,"[""dtr005"", ""dtr006""]"
16,5370,gl-0014.jpg,"[103, 105]",105,static/img/157ebdfb8b2049d48b69ede4eb529c42_gl-0014.jpg,157ebdfb8b2049d48b69ede4eb529c42,~/ml4img/f4dficimg/dif_MRItumor/gl-0014.jpg,2,"[""dtr005"", ""dtr006""]"
16,5371,gl-0016.jpg,[102],102,static/img/da86c3953b8143e0a5f6be67db398c65_gl-0016.jpg,da86c3953b8143e0a5f6be67db398c65,~/ml4img/f4dficimg/dif_MRItumor/gl-0016.jpg,2,"[""dtr005"", ""dtr006""]"
16,5372,gl-0020.jpg,[102],102,static/img/1dbce150689b4651b61d78001797a5e7_gl-0020.jpg,1dbce150689b4651b61d78001797a5e7,~/ml4img/f4dficimg/dif_MRItumor/gl-0020.jpg,2,"[""dtr005"", ""dtr006""]"
16,5373,gl-0021.jpg,"[102, 103]",103,static/img/52b5944ae40544e89b26e670de6cc07a_gl-0021.jpg,52b5944ae40544e89b26e670de6cc07a,~/ml4img/f4dficimg/dif_MRItumor/gl-0021.jpg,2,"[""dtr005"", ""dtr006""]"
16,5374,gl-0022.jpg,[102],102,static/img/78e2f2d33ab14521a269f3ffceac9fc2_gl-0022.jpg,78e2f2d33ab14521a269f3ffceac9fc2,~/ml4img/f4dficimg/dif_MRItumor/gl-0022.jpg,2,"[""dtr005"", ""dtr006""]"
16,5375,gl-0030.jpg,"[102, 105]",105,static/img/35cb3dfa873848f9b1faa5e1af55b2e7_gl-0030.jpg,35cb3dfa873848f9b1faa5e1af55b2e7,~/ml4img/f4dficimg/dif_MRItumor/gl-0030.jpg,2,"[""dtr005"", ""dtr006""]"
16,5376,gl-0035.jpg,[102],102,static/img/8e8f3e19e68e4e98b233084d6624fb1f_gl-0035.jpg,8e8f3e19e68e4e98b233084d6624fb1f,~/ml4img/f4dficimg/dif_MRItumor/gl-0035.jpg,2,"[""dtr005"", ""dtr006""]"
16,5377,gl-0036.jpg,"[102, 105]",102,static/img/e47451d88e13455dbc7d2704a1f69c2a_gl-0036.jpg,e47451d88e13455dbc7d2704a1f69c2a,~/ml4img/f4dficimg/dif_MRItumor/gl-0036.jpg,2,"[""dtr005"", ""dtr006""]"
16,5378,gl-0045.jpg,"[102, 104, 105]",105,static/img/59df1807a7d14ddcb4ec32d813e91888_gl-0045.jpg,59df1807a7d14ddcb4ec32d813e91888,~/ml4img/f4dficimg/dif_MRItumor/gl-0045.jpg,3,"[""dtr004"", ""dtr005"", ""dtr006""]"
16,5379,gl-0049.jpg,[102],102,static/img/9ec4745fbb8a45d2ac12cab01736448e_gl-0049.jpg,9ec4745fbb8a45d2ac12cab01736448e,~/ml4img/f4dficimg/dif_MRItumor/gl-0049.jpg,2,"[""dtr005"", ""dtr006""]"
16,5380,gl-0056.jpg,"[102, 105]",105,static/img/d524ee40d3864572b719862805d23fdc_gl-0056.jpg,d524ee40d3864572b719862805d23fdc,~/ml4img/f4dficimg/dif_MRItumor/gl-0056.jpg,2,"[""dtr005"", ""dtr006""]"
16,5381,gl-0057.jpg,"[102, 103, 105]",105,static/img/8a6fe40a7e9d42e0afd33e3e901993c6_gl-0057.jpg,8a6fe40a7e9d42e0afd33e3e901993c6,~/ml4img/f4dficimg/dif_MRItumor/gl-0057.jpg,3,"[""dtr004"", ""dtr005"", ""dtr006""]"
16,5382,gl-0060.jpg,[105],105,static/img/395c44120ce0482ab6e48481710ec1fc_gl-0060.jpg,395c44120ce0482ab6e48481710ec1fc,~/ml4img/f4dficimg/dif_MRItumor/gl-0060.jpg,2,"[""dtr005"", ""dtr006""]"
16,5383,gl-0065.jpg,[102],102,static/img/7aa6125403b847fc88721ed51e03cea4_gl-0065.jpg,7aa6125403b847fc88721ed51e03cea4,~/ml4img/f4dficimg/dif_MRItumor/gl-0065.jpg,2,"[""dtr005"", ""dtr006""]"
16,5384,gl-0072.jpg,[102],102,static/img/e12e28e8c3774d6d878f0f8d37cac05d_gl-0072.jpg,e12e28e8c3774d6d878f0f8d37cac05d,~/ml4img/f4dficimg/dif_MRItumor/gl-0072.jpg,2,"[""dtr005"", ""dtr006""]"
16,5385,gl-0084.jpg,[102],102,static/img/0a9c4f39d10e4829a489e1c3cae5ea08_gl-0084.jpg,0a9c4f39d10e4829a489e1c3cae5ea08,~/ml4img/f4dficimg/dif_MRItumor/gl-0084.jpg,2,"[""dtr005"", ""dtr006""]"
16,5386,gl-0087.jpg,[102],102,static/img/ff2c322c0034439a9cfa8d4eed264b53_gl-0087.jpg,ff2c322c0034439a9cfa8d4eed264b53,~/ml4img/f4dficimg/dif_MRItumor/gl-0087.jpg,2,"[""dtr005"", ""dtr006""]"
16,5387,gl-0088.jpg,[102],102,static/img/56305afc69404cc6be488a37f1fd82fd_gl-0088.jpg,56305afc69404cc6be488a37f1fd82fd,~/ml4img/f4dficimg/dif_MRItumor/gl-0088.jpg,2,"[""dtr005"", ""dtr006""]"
16,5388,gl-0089.jpg,[102],102,static/img/8a252e151ac94cc494a2294ec32f43df_gl-0089.jpg,8a252e151ac94cc494a2294ec32f43df,~/ml4img/f4dficimg/dif_MRItumor/gl-0089.jpg,2,"[""dtr005"", ""dtr006""]"
16,5389,gl-0093.jpg,[102],102,static/img/37671947be174397a9e08c4b8d3c0e97_gl-0093.jpg,37671947be174397a9e08c4b8d3c0e97,~/ml4img/f4dficimg/dif_MRItumor/gl-0093.jpg,2,"[""dtr005"", ""dtr006""]"
16,5390,gl-0094.jpg,"[102, 103, 105]",105,static/img/83e08e8c6aa64c49ab49ff5056ffa745_gl-0094.jpg,83e08e8c6aa64c49ab49ff5056ffa745,~/ml4img/f4dficimg/dif_MRItumor/gl-0094.jpg,3,"[""dtr004"", ""dtr005"", ""dtr006""]"
16,5391,gl-0095.jpg,"[102, 105]",102,static/img/e3c8d4398ed74620b4e62b11225489ca_gl-0095.jpg,e3c8d4398ed74620b4e62b11225489ca,~/ml4img/f4dficimg/dif_MRItumor/gl-0095.jpg,2,"[""dtr005"", ""dtr006""]"
16,5392,gl-0099.jpg,[102],102,static/img/f694af2ae9b84c339b6bb4a2126fc52b_gl-0099.jpg,f694af2ae9b84c339b6bb4a2126fc52b,~/ml4img/f4dficimg/dif_MRItumor/gl-0099.jpg,2,"[""dtr005"", ""dtr006""]"
16,5393,gl-0100.jpg,[102],102,static/img/f443cf96ab124295b06b45d4c43deca3_gl-0100.jpg,f443cf96ab124295b06b45d4c43deca3,~/ml4img/f4dficimg/dif_MRItumor/gl-0100.jpg,3,"[""dtr004"", ""dtr005"", ""dtr006""]"
16,5394,gl-0108.jpg,[102],102,static/img/7a0020214bae4c16b8c027e931a34dd6_gl-0108.jpg,7a0020214bae4c16b8c027e931a34dd6,~/ml4img/f4dficimg/dif_MRItumor/gl-0108.jpg,2,"[""dtr005"", ""dtr006""]"
16,5395,gl-0109.jpg,[102],102,static/img/7083963389fe441bbf6acec5c0e6baa6_gl-0109.jpg,7083963389fe441bbf6acec5c0e6baa6,~/ml4img/f4dficimg/dif_MRItumor/gl-0109.jpg,2,"[""dtr005"", ""dtr006""]"
16,5396,gl-0110.jpg,"[102, 104]",102,static/img/4f35a10e90914890bfbe7a395fc0b43b_gl-0110.jpg,4f35a10e90914890bfbe7a395fc0b43b,~/ml4img/f4dficimg/dif_MRItumor/gl-0110.jpg,2,"[""dtr005"", ""dtr006""]"
16,5397,gl-0113.jpg,[102],102,static/img/91322ec8f3074f0d9a9b871ceab1e93f_gl-0113.jpg,91322ec8f3074f0d9a9b871ceab1e93f,~/ml4img/f4dficimg/dif_MRItumor/gl-0113.jpg,2,"[""dtr005"", ""dtr006""]"
16,5398,gl-0116.jpg,[102],102,static/img/9e12f9df3aaa4386aab522e393fc948d_gl-0116.jpg,9e12f9df3aaa4386aab522e393fc948d,~/ml4img/f4dficimg/dif_MRItumor/gl-0116.jpg,2,"[""dtr005"", ""dtr006""]"
16,5399,gl-0117.jpg,[102],102,static/img/c636a5f5be2a42e28c71a8cb5a7ceca7_gl-0117.jpg,c636a5f5be2a42e28c71a8cb5a7ceca7,~/ml4img/f4dficimg/dif_MRItumor/gl-0117.jpg,2,"[""dtr005"", ""dtr006""]"
16,5400,gl-0119.jpg,"[102, 103]",102,static/img/0733fef5352f4c4eab42b6bfbd06af89_gl-0119.jpg,0733fef5352f4c4eab42b6bfbd06af89,~/ml4img/f4dficimg/dif_MRItumor/gl-0119.jpg,3,"[""dtr004"", ""dtr005"", ""dtr006""]"
16,5401,gl-0125.jpg,[102],102,static/img/8d2d70837aa34c248d316223b717574d_gl-0125.jpg,8d2d70837aa34c248d316223b717574d,~/ml4img/f4dficimg/dif_MRItumor/gl-0125.jpg,3,"[""dtr004"", ""dtr005"", ""dtr006""]"
16,5402,gl-0126.jpg,[105],105,static/img/ad569af1c7d342109a1716b123690f91_gl-0126.jpg,ad569af1c7d342109a1716b123690f91,~/ml4img/f4dficimg/dif_MRItumor/gl-0126.jpg,2,"[""dtr005"", ""dtr006""]"
16,5403,gl-0127.jpg,"[102, 105]",102,static/img/a6a487c4a3bb4c8bbe63bbb1faebb5ae_gl-0127.jpg,a6a487c4a3bb4c8bbe63bbb1faebb5ae,~/ml4img/f4dficimg/dif_MRItumor/gl-0127.jpg,3,"[""dtr004"", ""dtr005"", ""dtr006""]"
16,5404,gl-0129.jpg,[102],102,static/img/fc542cfb63cb4a58a3ce5176c1bc3e3f_gl-0129.jpg,fc542cfb63cb4a58a3ce5176c1bc3e3f,~/ml4img/f4dficimg/dif_MRItumor/gl-0129.jpg,2,"[""dtr005"", ""dtr006""]"
16,5405,gl-0130.jpg,[102],102,static/img/830abae30a654186af52978a87070107_gl-0130.jpg,830abae30a654186af52978a87070107,~/ml4img/f4dficimg/dif_MRItumor/gl-0130.jpg,2,"[""dtr005"", ""dtr006""]"
16,5406,gl-0131.jpg,[102],102,static/img/19327e74228947d4b1854557a861a3d4_gl-0131.jpg,19327e74228947d4b1854557a861a3d4,~/ml4img/f4dficimg/dif_MRItumor/gl-0131.jpg,2,"[""dtr005"", ""dtr006""]"
16,5407,gl-0134.jpg,[102],102,static/img/a1083a7ecf6942bcbb173a33c89ad739_gl-0134.jpg,a1083a7ecf6942bcbb173a33c89ad739,~/ml4img/f4dficimg/dif_MRItumor/gl-0134.jpg,2,"[""dtr005"", ""dtr006""]"
16,5408,gl-0136.jpg,[102],102,static/img/5784f335573442ef91144bef8ed2f57c_gl-0136.jpg,5784f335573442ef91144bef8ed2f57c,~/ml4img/f4dficimg/dif_MRItumor/gl-0136.jpg,2,"[""dtr005"", ""dtr006""]"
16,5409,gl-0137.jpg,"[102, 105]",102,static/img/6c59fc89dc044083b29c95ae20d26618_gl-0137.jpg,6c59fc89dc044083b29c95ae20d26618,~/ml4img/f4dficimg/dif_MRItumor/gl-0137.jpg,3,"[""dtr004"", ""dtr005"", ""dtr006""]"
16,5410,gl-0138.jpg,[102],102,static/img/982a6fa377b94b91af01562732542880_gl-0138.jpg,982a6fa377b94b91af01562732542880,~/ml4img/f4dficimg/dif_MRItumor/gl-0138.jpg,2,"[""dtr005"", ""dtr006""]"
16,5411,gl-0140.jpg,[102],102,static/img/b51cec3e55104c86820a4b1a4982f915_gl-0140.jpg,b51cec3e55104c86820a4b1a4982f915,~/ml4img/f4dficimg/dif_MRItumor/gl-0140.jpg,2,"[""dtr005"", ""dtr006""]"
16,5412,gl-0146.jpg,[102],102,static/img/e598b9575e35428aacf53f2a83806926_gl-0146.jpg,e598b9575e35428aacf53f2a83806926,~/ml4img/f4dficimg/dif_MRItumor/gl-0146.jpg,2,"[""dtr005"", ""dtr006""]"
16,5413,gl-0151.jpg,[103],103,static/img/c80d71d558de491897e89e558f53052b_gl-0151.jpg,c80d71d558de491897e89e558f53052b,~/ml4img/f4dficimg/dif_MRItumor/gl-0151.jpg,2,"[""dtr005"", ""dtr006""]"
16,5414,gl-0160.jpg,[102],102,static/img/0cc9ba3ce0f34b888270098b16593676_gl-0160.jpg,0cc9ba3ce0f34b888270098b16593676,~/ml4img/f4dficimg/dif_MRItumor/gl-0160.jpg,2,"[""dtr005"", ""dtr006""]"
16,5415,gl-0161.jpg,[102],102,static/img/e06236e16d0a4ae7ab71ebc1a5394612_gl-0161.jpg,e06236e16d0a4ae7ab71ebc1a5394612,~/ml4img/f4dficimg/dif_MRItumor/gl-0161.jpg,2,"[""dtr005"", ""dtr006""]"
16,5416,gl-0162.jpg,[102],102,static/img/bd99717a188c492d85152f147f406429_gl-0162.jpg,bd99717a188c492d85152f147f406429,~/ml4img/f4dficimg/dif_MRItumor/gl-0162.jpg,2,"[""dtr005"", ""dtr006""]"
16,5417,gl-0163.jpg,[102],102,static/img/0aa8d6de643e482480225d5c1949d2e0_gl-0163.jpg,0aa8d6de643e482480225d5c1949d2e0,~/ml4img/f4dficimg/dif_MRItumor/gl-0163.jpg,2,"[""dtr005"", ""dtr006""]"
16,5418,gl-0170.jpg,"[102, 103]",102,static/img/a7517125496f458798df056f917f2db9_gl-0170.jpg,a7517125496f458798df056f917f2db9,~/ml4img/f4dficimg/dif_MRItumor/gl-0170.jpg,2,"[""dtr005"", ""dtr006""]"
16,5419,gl-0172.jpg,[102],102,static/img/d65adaab292f4b23bd20cf4fda09aeb8_gl-0172.jpg,d65adaab292f4b23bd20cf4fda09aeb8,~/ml4img/f4dficimg/dif_MRItumor/gl-0172.jpg,2,"[""dtr005"", ""dtr006""]"
16,5420,gl-0179.jpg,[102],102,static/img/1190f45f35b440ec9e6cf51b0c079a13_gl-0179.jpg,1190f45f35b440ec9e6cf51b0c079a13,~/ml4img/f4dficimg/dif_MRItumor/gl-0179.jpg,2,"[""dtr005"", ""dtr006""]"
16,5421,gl-0187.jpg,"[102, 105]",105,static/img/7240a703c99744e4b792c80c7570fa20_gl-0187.jpg,7240a703c99744e4b792c80c7570fa20,~/ml4img/f4dficimg/dif_MRItumor/gl-0187.jpg,2,"[""dtr005"", ""dtr006""]"
16,5422,gl-0189.jpg,"[102, 105]",102,static/img/202fb09d5bb747e687d9af60d7e28788_gl-0189.jpg,202fb09d5bb747e687d9af60d7e28788,~/ml4img/f4dficimg/dif_MRItumor/gl-0189.jpg,2,"[""dtr005"", ""dtr006""]"
16,5423,gl-0191.jpg,[102],102,static/img/150927a3924b4848a1e3a65f0b01ba62_gl-0191.jpg,150927a3924b4848a1e3a65f0b01ba62,~/ml4img/f4dficimg/dif_MRItumor/gl-0191.jpg,2,"[""dtr005"", ""dtr006""]"
16,5424,gl-0192.jpg,[102],102,static/img/020fbe5db8f24cc4ab0c09ac4e521fb2_gl-0192.jpg,020fbe5db8f24cc4ab0c09ac4e521fb2,~/ml4img/f4dficimg/dif_MRItumor/gl-0192.jpg,2,"[""dtr005"", ""dtr006""]"
16,5425,gl-0193.jpg,"[103, 105]",105,static/img/e8045e4104fb49048241a49295bde052_gl-0193.jpg,e8045e4104fb49048241a49295bde052,~/ml4img/f4dficimg/dif_MRItumor/gl-0193.jpg,3,"[""dtr004"", ""dtr005"", ""dtr006""]"
16,5426,gl-0194.jpg,[105],105,static/img/4a4960e5442c45c69838a98c934fb006_gl-0194.jpg,4a4960e5442c45c69838a98c934fb006,~/ml4img/f4dficimg/dif_MRItumor/gl-0194.jpg,2,"[""dtr005"", ""dtr006""]"
16,5427,gl-0200.jpg,[102],102,static/img/0a946221405740bba975780230a3b32a_gl-0200.jpg,0a946221405740bba975780230a3b32a,~/ml4img/f4dficimg/dif_MRItumor/gl-0200.jpg,2,"[""dtr005"", ""dtr006""]"
16,5428,gl-0204.jpg,[102],102,static/img/6de3894402c74fe7b4691078ee5acdad_gl-0204.jpg,6de3894402c74fe7b4691078ee5acdad,~/ml4img/f4dficimg/dif_MRItumor/gl-0204.jpg,2,"[""dtr005"", ""dtr006""]"
16,5429,gl-0205.jpg,"[102, 104]",102,static/img/052f9e346a434bad84cf607ecfa99d0b_gl-0205.jpg,052f9e346a434bad84cf607ecfa99d0b,~/ml4img/f4dficimg/dif_MRItumor/gl-0205.jpg,2,"[""dtr005"", ""dtr006""]"
16,5430,gl-0207.jpg,[102],102,static/img/881098877b7f446f996882106bbade44_gl-0207.jpg,881098877b7f446f996882106bbade44,~/ml4img/f4dficimg/dif_MRItumor/gl-0207.jpg,2,"[""dtr005"", ""dtr006""]"
16,5431,gl-0208.jpg,"[102, 103]",102,static/img/13428a396f294d8cb378f2691d045d91_gl-0208.jpg,13428a396f294d8cb378f2691d045d91,~/ml4img/f4dficimg/dif_MRItumor/gl-0208.jpg,2,"[""dtr005"", ""dtr006""]"
16,5432,gl-0211.jpg,[102],102,static/img/a0c848d435164702b895853598cd6922_gl-0211.jpg,a0c848d435164702b895853598cd6922,~/ml4img/f4dficimg/dif_MRItumor/gl-0211.jpg,2,"[""dtr005"", ""dtr006""]"
16,5433,gl-0214.jpg,"[103, 104]",103,static/img/41759088b0d04a9395cbd2476759a5ce_gl-0214.jpg,41759088b0d04a9395cbd2476759a5ce,~/ml4img/f4dficimg/dif_MRItumor/gl-0214.jpg,2,"[""dtr005"", ""dtr006""]"
16,5434,gl-0216.jpg,"[102, 105]",105,static/img/e456b39a910f46cf8b4cf1964176d53b_gl-0216.jpg,e456b39a910f46cf8b4cf1964176d53b,~/ml4img/f4dficimg/dif_MRItumor/gl-0216.jpg,3,"[""dtr004"", ""dtr005"", ""dtr006""]"
16,5435,gl-0219.jpg,"[102, 105]",105,static/img/1e8e949a67fb4831925162fbef329815_gl-0219.jpg,1e8e949a67fb4831925162fbef329815,~/ml4img/f4dficimg/dif_MRItumor/gl-0219.jpg,2,"[""dtr005"", ""dtr006""]"
16,5436,gl-0220.jpg,"[102, 103]",102,static/img/7ecf7bd2c5d74c3d9006da34ffbb4fc2_gl-0220.jpg,7ecf7bd2c5d74c3d9006da34ffbb4fc2,~/ml4img/f4dficimg/dif_MRItumor/gl-0220.jpg,3,"[""dtr004"", ""dtr005"", ""dtr006""]"
16,5437,gl-0221.jpg,[105],105,static/img/bcd670c357c441e5af77ee24bf6c8321_gl-0221.jpg,bcd670c357c441e5af77ee24bf6c8321,~/ml4img/f4dficimg/dif_MRItumor/gl-0221.jpg,2,"[""dtr005"", ""dtr006""]"
16,5438,gl-0225.jpg,[102],102,static/img/21a490a1c0ca41589e889ffce8d8325f_gl-0225.jpg,21a490a1c0ca41589e889ffce8d8325f,~/ml4img/f4dficimg/dif_MRItumor/gl-0225.jpg,2,"[""dtr005"", ""dtr006""]"
16,5439,gl-0228.jpg,"[102, 105]",102,static/img/8a9f3cb8a61c4196a105305419c06a28_gl-0228.jpg,8a9f3cb8a61c4196a105305419c06a28,~/ml4img/f4dficimg/dif_MRItumor/gl-0228.jpg,2,"[""dtr005"", ""dtr006""]"
16,5440,gl-0229.jpg,"[103, 105]",105,static/img/7d6c54d48b8a4425b89deb6c7042dcb0_gl-0229.jpg,7d6c54d48b8a4425b89deb6c7042dcb0,~/ml4img/f4dficimg/dif_MRItumor/gl-0229.jpg,3,"[""dtr004"", ""dtr005"", ""dtr006""]"
16,5441,gl-0233.jpg,"[102, 105]",102,static/img/3fe56bc22f564bf194d72316e0e927d7_gl-0233.jpg,3fe56bc22f564bf194d72316e0e927d7,~/ml4img/f4dficimg/dif_MRItumor/gl-0233.jpg,2,"[""dtr005"", ""dtr006""]"
16,5442,gl-0239.jpg,[102],102,static/img/9c454f360d8149aa9a302d5874808371_gl-0239.jpg,9c454f360d8149aa9a302d5874808371,~/ml4img/f4dficimg/dif_MRItumor/gl-0239.jpg,2,"[""dtr005"", ""dtr006""]"
16,5443,gl-0241.jpg,[102],102,static/img/b4a47f488bf14d76bc9a09a55d3640e4_gl-0241.jpg,b4a47f488bf14d76bc9a09a55d3640e4,~/ml4img/f4dficimg/dif_MRItumor/gl-0241.jpg,2,"[""dtr005"", ""dtr006""]"
16,5444,gl-0244.jpg,"[102, 105]",102,static/img/2cc69afd47644859adcd2ec35a0656f1_gl-0244.jpg,2cc69afd47644859adcd2ec35a0656f1,~/ml4img/f4dficimg/dif_MRItumor/gl-0244.jpg,2,"[""dtr005"", ""dtr006""]"
16,5445,gl-0245.jpg,"[102, 105]",105,static/img/f629cff6115f46d380f1ce882a3ea024_gl-0245.jpg,f629cff6115f46d380f1ce882a3ea024,~/ml4img/f4dficimg/dif_MRItumor/gl-0245.jpg,2,"[""dtr005"", ""dtr006""]"
16,5446,gl-0247.jpg,[105],105,static/img/b1e032d248784f3e8d94cf47d3b00e82_gl-0247.jpg,b1e032d248784f3e8d94cf47d3b00e82,~/ml4img/f4dficimg/dif_MRItumor/gl-0247.jpg,2,"[""dtr005"", ""dtr006""]"
16,5447,gl-0252.jpg,[102],102,static/img/34a500810f994f4b9f1c9673ddf75299_gl-0252.jpg,34a500810f994f4b9f1c9673ddf75299,~/ml4img/f4dficimg/dif_MRItumor/gl-0252.jpg,2,"[""dtr005"", ""dtr006""]"
16,5448,gl-0259.jpg,"[102, 103]",103,static/img/6a974cb29f6e466981fa7d239b245921_gl-0259.jpg,6a974cb29f6e466981fa7d239b245921,~/ml4img/f4dficimg/dif_MRItumor/gl-0259.jpg,2,"[""dtr005"", ""dtr006""]"
16,5449,gl-0260.jpg,[102],102,static/img/eae9beae2d554bada6ab56bf83484b36_gl-0260.jpg,eae9beae2d554bada6ab56bf83484b36,~/ml4img/f4dficimg/dif_MRItumor/gl-0260.jpg,2,"[""dtr005"", ""dtr006""]"
16,5450,gl-0263.jpg,[105],105,static/img/c0c620d16dbf42528a9696ee9e8ab378_gl-0263.jpg,c0c620d16dbf42528a9696ee9e8ab378,~/ml4img/f4dficimg/dif_MRItumor/gl-0263.jpg,2,"[""dtr005"", ""dtr006""]"
16,5451,gl-0269.jpg,"[102, 105]",105,static/img/73ac7ae72a0a4a2f8074ff516e371da9_gl-0269.jpg,73ac7ae72a0a4a2f8074ff516e371da9,~/ml4img/f4dficimg/dif_MRItumor/gl-0269.jpg,2,"[""dtr005"", ""dtr006""]"
16,5452,gl-0270.jpg,[102],102,static/img/288c7a74948a442e86360f84ea48bbef_gl-0270.jpg,288c7a74948a442e86360f84ea48bbef,~/ml4img/f4dficimg/dif_MRItumor/gl-0270.jpg,2,"[""dtr005"", ""dtr006""]"
16,5453,gl-0273.jpg,[105],105,static/img/d7a59e68fcc34a0491fb42d29b45fc0f_gl-0273.jpg,d7a59e68fcc34a0491fb42d29b45fc0f,~/ml4img/f4dficimg/dif_MRItumor/gl-0273.jpg,2,"[""dtr005"", ""dtr006""]"
16,5454,gl-0274.jpg,"[102, 105]",102,static/img/01698f3b671443e9a400bfc8dd562794_gl-0274.jpg,01698f3b671443e9a400bfc8dd562794,~/ml4img/f4dficimg/dif_MRItumor/gl-0274.jpg,2,"[""dtr005"", ""dtr006""]"
16,5455,gl-0280.jpg,[102],102,static/img/09d7696c06ec4d36a9f8b26c5e414823_gl-0280.jpg,09d7696c06ec4d36a9f8b26c5e414823,~/ml4img/f4dficimg/dif_MRItumor/gl-0280.jpg,2,"[""dtr005"", ""dtr006""]"
16,5456,gl-0281.jpg,[102],102,static/img/0dd06207787b48d7a256b477fe7f4d7d_gl-0281.jpg,0dd06207787b48d7a256b477fe7f4d7d,~/ml4img/f4dficimg/dif_MRItumor/gl-0281.jpg,2,"[""dtr005"", ""dtr006""]"
16,5457,gl-0285.jpg,"[102, 105]",102,static/img/3c09ec4e495647d6a02d817310392b20_gl-0285.jpg,3c09ec4e495647d6a02d817310392b20,~/ml4img/f4dficimg/dif_MRItumor/gl-0285.jpg,2,"[""dtr005"", ""dtr006""]"
16,5458,gl-0287.jpg,[102],102,static/img/d958f4dd844f43c9adb9b8ce3bdf990d_gl-0287.jpg,d958f4dd844f43c9adb9b8ce3bdf990d,~/ml4img/f4dficimg/dif_MRItumor/gl-0287.jpg,2,"[""dtr005"", ""dtr006""]"
16,5459,gl-0293.jpg,"[102, 105]",105,static/img/ff4cf66776ae4f03bf84befc55d14432_gl-0293.jpg,ff4cf66776ae4f03bf84befc55d14432,~/ml4img/f4dficimg/dif_MRItumor/gl-0293.jpg,3,"[""dtr004"", ""dtr005"", ""dtr006""]"
16,5460,gl-0302.jpg,[102],102,static/img/6c2c09b565f047d3ae528a28eb784d14_gl-0302.jpg,6c2c09b565f047d3ae528a28eb784d14,~/ml4img/f4dficimg/dif_MRItumor/gl-0302.jpg,2,"[""dtr005"", ""dtr006""]"
16,5461,gl-0304.jpg,"[102, 103]",102,static/img/e0af2fdb042f4ee893ca7f8233949c28_gl-0304.jpg,e0af2fdb042f4ee893ca7f8233949c28,~/ml4img/f4dficimg/dif_MRItumor/gl-0304.jpg,3,"[""dtr004"", ""dtr005"", ""dtr006""]"
16,5462,gl-0313.jpg,[103],103,static/img/f9105cc8649344a48fc8f03b44f87c91_gl-0313.jpg,f9105cc8649344a48fc8f03b44f87c91,~/ml4img/f4dficimg/dif_MRItumor/gl-0313.jpg,2,"[""dtr005"", ""dtr006""]"
16,5463,gl-0314.jpg,"[102, 105]",102,static/img/63f1367a49c84d2294a21765df457cbc_gl-0314.jpg,63f1367a49c84d2294a21765df457cbc,~/ml4img/f4dficimg/dif_MRItumor/gl-0314.jpg,2,"[""dtr005"", ""dtr006""]"
16,5464,gl-0316.jpg,[102],102,static/img/8918fc336b344b54a0540575589bca16_gl-0316.jpg,8918fc336b344b54a0540575589bca16,~/ml4img/f4dficimg/dif_MRItumor/gl-0316.jpg,2,"[""dtr005"", ""dtr006""]"
16,5465,gl-0317.jpg,"[102, 103]",103,static/img/7029e7dbb0ac4974b98dd5302e4fe46d_gl-0317.jpg,7029e7dbb0ac4974b98dd5302e4fe46d,~/ml4img/f4dficimg/dif_MRItumor/gl-0317.jpg,2,"[""dtr005"", ""dtr006""]"
16,5466,gl-0324.jpg,[102],102,static/img/8e6c1bd132df41cda2f17ab2f1bb6410_gl-0324.jpg,8e6c1bd132df41cda2f17ab2f1bb6410,~/ml4img/f4dficimg/dif_MRItumor/gl-0324.jpg,2,"[""dtr005"", ""dtr006""]"
16,5467,gl-0330.jpg,[102],102,static/img/354119818a4e4312a9a5ff4a4cf2677c_gl-0330.jpg,354119818a4e4312a9a5ff4a4cf2677c,~/ml4img/f4dficimg/dif_MRItumor/gl-0330.jpg,3,"[""dtr004"", ""dtr005"", ""dtr006""]"
16,5468,gl-0332.jpg,[102],102,static/img/5ac2b4bd803b43f7921dfb94532047a2_gl-0332.jpg,5ac2b4bd803b43f7921dfb94532047a2,~/ml4img/f4dficimg/dif_MRItumor/gl-0332.jpg,2,"[""dtr005"", ""dtr006""]"
16,5469,gl-0333.jpg,"[104, 105]",105,static/img/6444f44c4dbe416c9b8eef63851f8105_gl-0333.jpg,6444f44c4dbe416c9b8eef63851f8105,~/ml4img/f4dficimg/dif_MRItumor/gl-0333.jpg,2,"[""dtr005"", ""dtr006""]"
16,5470,gl-0338.jpg,[102],102,static/img/211337e8973640f59129c5562d46045a_gl-0338.jpg,211337e8973640f59129c5562d46045a,~/ml4img/f4dficimg/dif_MRItumor/gl-0338.jpg,2,"[""dtr005"", ""dtr006""]"
16,5471,gl-0347.jpg,[102],102,static/img/c910c158ee0743cf8ff9751bd78fe6bb_gl-0347.jpg,c910c158ee0743cf8ff9751bd78fe6bb,~/ml4img/f4dficimg/dif_MRItumor/gl-0347.jpg,2,"[""dtr005"", ""dtr006""]"
16,5472,gl-0356.jpg,[102],102,static/img/09fc69ecf89c4540aab9f5ee340d5ced_gl-0356.jpg,09fc69ecf89c4540aab9f5ee340d5ced,~/ml4img/f4dficimg/dif_MRItumor/gl-0356.jpg,2,"[""dtr005"", ""dtr006""]"
16,5473,gl-0359.jpg,[102],102,static/img/46da3c1e34394efca0e1d8b9c2c01253_gl-0359.jpg,46da3c1e34394efca0e1d8b9c2c01253,~/ml4img/f4dficimg/dif_MRItumor/gl-0359.jpg,2,"[""dtr005"", ""dtr006""]"
16,5474,gl-0363.jpg,[102],102,static/img/5e1fdc8d86e0468488cb2a7864f3d71f_gl-0363.jpg,5e1fdc8d86e0468488cb2a7864f3d71f,~/ml4img/f4dficimg/dif_MRItumor/gl-0363.jpg,2,"[""dtr005"", ""dtr006""]"
16,5475,gl-0369.jpg,[102],102,static/img/289eebc6e09942e09b8d97d84ec06d36_gl-0369.jpg,289eebc6e09942e09b8d97d84ec06d36,~/ml4img/f4dficimg/dif_MRItumor/gl-0369.jpg,2,"[""dtr005"", ""dtr006""]"
16,5476,gl-0374.jpg,[102],102,static/img/d25aa677c1bc4a40b28bc93cc4c8b04d_gl-0374.jpg,d25aa677c1bc4a40b28bc93cc4c8b04d,~/ml4img/f4dficimg/dif_MRItumor/gl-0374.jpg,2,"[""dtr005"", ""dtr006""]"
16,5477,gl-0379.jpg,[102],102,static/img/ff9ccb1e5191424e8834074f5637dd90_gl-0379.jpg,ff9ccb1e5191424e8834074f5637dd90,~/ml4img/f4dficimg/dif_MRItumor/gl-0379.jpg,2,"[""dtr005"", ""dtr006""]"
16,5478,gl-0384.jpg,"[102, 104]",102,static/img/6cff839e3aa44cd4918f2292c5f419bf_gl-0384.jpg,6cff839e3aa44cd4918f2292c5f419bf,~/ml4img/f4dficimg/dif_MRItumor/gl-0384.jpg,2,"[""dtr005"", ""dtr006""]"
16,5479,gl-0388.jpg,[102],102,static/img/acde27c3fb844db6af28952cce338c90_gl-0388.jpg,acde27c3fb844db6af28952cce338c90,~/ml4img/f4dficimg/dif_MRItumor/gl-0388.jpg,2,"[""dtr005"", ""dtr006""]"
16,5480,gl-0390.jpg,"[102, 103]",102,static/img/9a3086f7aa054a46bc95e6d525816327_gl-0390.jpg,9a3086f7aa054a46bc95e6d525816327,~/ml4img/f4dficimg/dif_MRItumor/gl-0390.jpg,3,"[""dtr004"", ""dtr005"", ""dtr006""]"
16,5481,gl-0392.jpg,[102],102,static/img/c4e069e050df4fdfa59b1c1b58a7d772_gl-0392.jpg,c4e069e050df4fdfa59b1c1b58a7d772,~/ml4img/f4dficimg/dif_MRItumor/gl-0392.jpg,2,"[""dtr005"", ""dtr006""]"
16,5482,gl-0395.jpg,"[102, 105]",105,static/img/481fc3045a7a4b829d55a2c38449d2da_gl-0395.jpg,481fc3045a7a4b829d55a2c38449d2da,~/ml4img/f4dficimg/dif_MRItumor/gl-0395.jpg,3,"[""dtr004"", ""dtr005"", ""dtr006""]"
16,5483,gl-0401.jpg,[102],102,static/img/3857a8f427c440ad87e9b5260ca1c14b_gl-0401.jpg,3857a8f427c440ad87e9b5260ca1c14b,~/ml4img/f4dficimg/dif_MRItumor/gl-0401.jpg,2,"[""dtr005"", ""dtr006""]"
16,5484,gl-0403.jpg,[105],105,static/img/ccb6bd98b28e44cfb84ad2ffa5ef79ca_gl-0403.jpg,ccb6bd98b28e44cfb84ad2ffa5ef79ca,~/ml4img/f4dficimg/dif_MRItumor/gl-0403.jpg,2,"[""dtr005"", ""dtr006""]"
16,5485,gl-0405.jpg,[102],102,static/img/b10c9321231e4e0ebadd06fd94acfc34_gl-0405.jpg,b10c9321231e4e0ebadd06fd94acfc34,~/ml4img/f4dficimg/dif_MRItumor/gl-0405.jpg,2,"[""dtr005"", ""dtr006""]"
16,5486,gl-0410.jpg,"[102, 103]",102,static/img/74cb6a61198b41739543ef6c0ba116df_gl-0410.jpg,74cb6a61198b41739543ef6c0ba116df,~/ml4img/f4dficimg/dif_MRItumor/gl-0410.jpg,2,"[""dtr005"", ""dtr006""]"
16,5487,gl-0412.jpg,[102],102,static/img/f8d8205565eb43caa31bd28166a64603_gl-0412.jpg,f8d8205565eb43caa31bd28166a64603,~/ml4img/f4dficimg/dif_MRItumor/gl-0412.jpg,3,"[""dtr004"", ""dtr005"", ""dtr006""]"
16,5488,gl-0414.jpg,[102],102,static/img/118049f4940049d2b744790fc0c5b7e9_gl-0414.jpg,118049f4940049d2b744790fc0c5b7e9,~/ml4img/f4dficimg/dif_MRItumor/gl-0414.jpg,2,"[""dtr005"", ""dtr006""]"
16,5489,gl-0425.jpg,"[104, 105]",105,static/img/8a24dd1008f9469f9c90d610548da3c5_gl-0425.jpg,8a24dd1008f9469f9c90d610548da3c5,~/ml4img/f4dficimg/dif_MRItumor/gl-0425.jpg,3,"[""dtr004"", ""dtr005"", ""dtr006""]"
16,5490,gl-0426.jpg,[102],102,static/img/ed49048f8b08494c8e92d1be8e956bb5_gl-0426.jpg,ed49048f8b08494c8e92d1be8e956bb5,~/ml4img/f4dficimg/dif_MRItumor/gl-0426.jpg,3,"[""dtr004"", ""dtr005"", ""dtr006""]"
16,5491,gl-0427.jpg,[102],102,static/img/aa2c7c6758804f4fb1ce88df2886c5d1_gl-0427.jpg,aa2c7c6758804f4fb1ce88df2886c5d1,~/ml4img/f4dficimg/dif_MRItumor/gl-0427.jpg,2,"[""dtr005"", ""dtr006""]"
16,5492,gl-0443.jpg,[102],102,static/img/c418f49b04bc4b8db1c61db69b9840c9_gl-0443.jpg,c418f49b04bc4b8db1c61db69b9840c9,~/ml4img/f4dficimg/dif_MRItumor/gl-0443.jpg,2,"[""dtr005"", ""dtr006""]"
16,5493,gl-0450.jpg,"[102, 103, 105]",103,static/img/c2c7f7582e1e450182c953287f3e0e55_gl-0450.jpg,c2c7f7582e1e450182c953287f3e0e55,~/ml4img/f4dficimg/dif_MRItumor/gl-0450.jpg,3,"[""dtr004"", ""dtr005"", ""dtr006""]"
16,5494,gl-0453.jpg,"[102, 103]",102,static/img/f0dabbc5512a44dc94856b5d69ce11f9_gl-0453.jpg,f0dabbc5512a44dc94856b5d69ce11f9,~/ml4img/f4dficimg/dif_MRItumor/gl-0453.jpg,2,"[""dtr005"", ""dtr006""]"
16,5495,gl-0460.jpg,[103],103,static/img/19d10d87895b485d9fcc43d4338fb4b5_gl-0460.jpg,19d10d87895b485d9fcc43d4338fb4b5,~/ml4img/f4dficimg/dif_MRItumor/gl-0460.jpg,2,"[""dtr005"", ""dtr006""]"
16,5496,gl-0461.jpg,[102],102,static/img/4bd99e3b85004558a31d4b61939c12c3_gl-0461.jpg,4bd99e3b85004558a31d4b61939c12c3,~/ml4img/f4dficimg/dif_MRItumor/gl-0461.jpg,2,"[""dtr005"", ""dtr006""]"
16,5497,gl-0462.jpg,[102],102,static/img/7470f29d24874c528a86326cb636f7e0_gl-0462.jpg,7470f29d24874c528a86326cb636f7e0,~/ml4img/f4dficimg/dif_MRItumor/gl-0462.jpg,2,"[""dtr005"", ""dtr006""]"
16,5498,gl-0465.jpg,[102],102,static/img/40fc6d670b0a4d5e9f76637547257adf_gl-0465.jpg,40fc6d670b0a4d5e9f76637547257adf,~/ml4img/f4dficimg/dif_MRItumor/gl-0465.jpg,2,"[""dtr005"", ""dtr006""]"
16,5499,gl-0468.jpg,[102],102,static/img/aebe3ffeb2044501ab033b930a406571_gl-0468.jpg,aebe3ffeb2044501ab033b930a406571,~/ml4img/f4dficimg/dif_MRItumor/gl-0468.jpg,2,"[""dtr005"", ""dtr006""]"
16,5500,gl-0476.jpg,"[102, 103]",102,static/img/9b361e18b86740a59790ac83756e00d6_gl-0476.jpg,9b361e18b86740a59790ac83756e00d6,~/ml4img/f4dficimg/dif_MRItumor/gl-0476.jpg,2,"[""dtr005"", ""dtr006""]"
16,5501,gl-0478.jpg,"[102, 103]",102,static/img/4fc9be012698499d8bc91d74f1e21385_gl-0478.jpg,4fc9be012698499d8bc91d74f1e21385,~/ml4img/f4dficimg/dif_MRItumor/gl-0478.jpg,2,"[""dtr005"", ""dtr006""]"
16,5502,gl-0480.jpg,"[103, 105]",103,static/img/6ebac16f120e4fb2b93f13df4af1dc76_gl-0480.jpg,6ebac16f120e4fb2b93f13df4af1dc76,~/ml4img/f4dficimg/dif_MRItumor/gl-0480.jpg,2,"[""dtr005"", ""dtr006""]"
16,5503,gl-0481.jpg,[102],102,static/img/df7c07491e5c4244b0b28fd117e57bc4_gl-0481.jpg,df7c07491e5c4244b0b28fd117e57bc4,~/ml4img/f4dficimg/dif_MRItumor/gl-0481.jpg,2,"[""dtr005"", ""dtr006""]"
16,5504,gl-0483.jpg,[102],102,static/img/fea103440bb645d88faa0b8c99b3062c_gl-0483.jpg,fea103440bb645d88faa0b8c99b3062c,~/ml4img/f4dficimg/dif_MRItumor/gl-0483.jpg,2,"[""dtr005"", ""dtr006""]"
16,5505,gl-0489.jpg,[102],102,static/img/ae977aa6f3b340b5845461211b835ba8_gl-0489.jpg,ae977aa6f3b340b5845461211b835ba8,~/ml4img/f4dficimg/dif_MRItumor/gl-0489.jpg,2,"[""dtr005"", ""dtr006""]"
16,5506,gl-0491.jpg,[102],102,static/img/f19a6545b3b04203bb30a4ead61ce782_gl-0491.jpg,f19a6545b3b04203bb30a4ead61ce782,~/ml4img/f4dficimg/dif_MRItumor/gl-0491.jpg,2,"[""dtr005"", ""dtr006""]"
16,5507,gl-0496.jpg,[102],102,static/img/a40f33d7e70b4df198e854f0bba7df6b_gl-0496.jpg,a40f33d7e70b4df198e854f0bba7df6b,~/ml4img/f4dficimg/dif_MRItumor/gl-0496.jpg,2,"[""dtr005"", ""dtr006""]"
16,5508,gl-0503.jpg,[102],102,static/img/33a924c470834dd68de04f8efc021156_gl-0503.jpg,33a924c470834dd68de04f8efc021156,~/ml4img/f4dficimg/dif_MRItumor/gl-0503.jpg,2,"[""dtr005"", ""dtr006""]"
16,5509,gl-0508.jpg,[102],102,static/img/0ce7d5d4ae364412ac94755262b29383_gl-0508.jpg,0ce7d5d4ae364412ac94755262b29383,~/ml4img/f4dficimg/dif_MRItumor/gl-0508.jpg,2,"[""dtr005"", ""dtr006""]"
16,5510,gl-0511.jpg,[105],105,static/img/26ec080ae8d24963a6715487bc59d53c_gl-0511.jpg,26ec080ae8d24963a6715487bc59d53c,~/ml4img/f4dficimg/dif_MRItumor/gl-0511.jpg,2,"[""dtr005"", ""dtr006""]"
16,5511,gl-0515.jpg,[102],102,static/img/703b1358dbd04d81a5b95549ff0d6904_gl-0515.jpg,703b1358dbd04d81a5b95549ff0d6904,~/ml4img/f4dficimg/dif_MRItumor/gl-0515.jpg,2,"[""dtr005"", ""dtr006""]"
16,5512,gl-0519.jpg,"[104, 105]",105,static/img/2ffcb7f500d3454bb9a1d331c57c8306_gl-0519.jpg,2ffcb7f500d3454bb9a1d331c57c8306,~/ml4img/f4dficimg/dif_MRItumor/gl-0519.jpg,3,"[""dtr004"", ""dtr005"", ""dtr006""]"
16,5513,gl-0521.jpg,[102],102,static/img/62de3105aa3b4996b46978e3f16b06a9_gl-0521.jpg,62de3105aa3b4996b46978e3f16b06a9,~/ml4img/f4dficimg/dif_MRItumor/gl-0521.jpg,2,"[""dtr005"", ""dtr006""]"
16,5514,gl-0524.jpg,"[103, 105]",105,static/img/d9c7a5097aaa4611b1a7023a519e3ef1_gl-0524.jpg,d9c7a5097aaa4611b1a7023a519e3ef1,~/ml4img/f4dficimg/dif_MRItumor/gl-0524.jpg,3,"[""dtr004"", ""dtr005"", ""dtr006""]"
16,5515,gl-0525.jpg,"[102, 103]",103,static/img/ce3ecf61d73540cd8eab1391cab517c1_gl-0525.jpg,ce3ecf61d73540cd8eab1391cab517c1,~/ml4img/f4dficimg/dif_MRItumor/gl-0525.jpg,2,"[""dtr005"", ""dtr006""]"
16,5516,gl-0532.jpg,[102],102,static/img/1f856ab245904e3cb2cff2af39bdc28c_gl-0532.jpg,1f856ab245904e3cb2cff2af39bdc28c,~/ml4img/f4dficimg/dif_MRItumor/gl-0532.jpg,2,"[""dtr005"", ""dtr006""]"
16,5517,gl-0535.jpg,[102],102,static/img/c32c7106a10f4d2b94886d9ae4f3973d_gl-0535.jpg,c32c7106a10f4d2b94886d9ae4f3973d,~/ml4img/f4dficimg/dif_MRItumor/gl-0535.jpg,2,"[""dtr005"", ""dtr006""]"
16,5518,gl-0536.jpg,[102],102,static/img/69902feb42c542298cbba62b7c041af6_gl-0536.jpg,69902feb42c542298cbba62b7c041af6,~/ml4img/f4dficimg/dif_MRItumor/gl-0536.jpg,2,"[""dtr005"", ""dtr006""]"
16,5519,gl-0538.jpg,"[102, 105]",102,static/img/d3248c85131248b497618f8ef73ade4c_gl-0538.jpg,d3248c85131248b497618f8ef73ade4c,~/ml4img/f4dficimg/dif_MRItumor/gl-0538.jpg,2,"[""dtr005"", ""dtr006""]"
16,5520,gl-0540.jpg,[102],102,static/img/3610af587bd9433d91007e03148144f3_gl-0540.jpg,3610af587bd9433d91007e03148144f3,~/ml4img/f4dficimg/dif_MRItumor/gl-0540.jpg,2,"[""dtr005"", ""dtr006""]"
16,5521,gl-0548.jpg,[102],102,static/img/df257771efc4427c939a6921ceccf088_gl-0548.jpg,df257771efc4427c939a6921ceccf088,~/ml4img/f4dficimg/dif_MRItumor/gl-0548.jpg,2,"[""dtr005"", ""dtr006""]"
16,5522,gl-0558.jpg,[102],102,static/img/819a1bf77808440aa856c3d777e9ffe2_gl-0558.jpg,819a1bf77808440aa856c3d777e9ffe2,~/ml4img/f4dficimg/dif_MRItumor/gl-0558.jpg,2,"[""dtr005"", ""dtr006""]"
16,5523,gl-0561.jpg,[102],102,static/img/d42ad5f4606d450382cb5f2cb5481a69_gl-0561.jpg,d42ad5f4606d450382cb5f2cb5481a69,~/ml4img/f4dficimg/dif_MRItumor/gl-0561.jpg,2,"[""dtr005"", ""dtr006""]"
16,5524,gl-0568.jpg,[102],102,static/img/ba85254c4e754283962ce385b176d556_gl-0568.jpg,ba85254c4e754283962ce385b176d556,~/ml4img/f4dficimg/dif_MRItumor/gl-0568.jpg,2,"[""dtr005"", ""dtr006""]"
16,5525,gl-0570.jpg,[102],102,static/img/4dd26b6e34364a92abe592b4bc17ba77_gl-0570.jpg,4dd26b6e34364a92abe592b4bc17ba77,~/ml4img/f4dficimg/dif_MRItumor/gl-0570.jpg,3,"[""dtr004"", ""dtr005"", ""dtr006""]"
16,5526,gl-0571.jpg,[102],102,static/img/fc55e022ab5c42dc9763ad5a3d05b0e7_gl-0571.jpg,fc55e022ab5c42dc9763ad5a3d05b0e7,~/ml4img/f4dficimg/dif_MRItumor/gl-0571.jpg,2,"[""dtr005"", ""dtr006""]"
16,5527,gl-0573.jpg,[102],102,static/img/45d35dcc0d6447f5ae2146ded1fff0a3_gl-0573.jpg,45d35dcc0d6447f5ae2146ded1fff0a3,~/ml4img/f4dficimg/dif_MRItumor/gl-0573.jpg,2,"[""dtr005"", ""dtr006""]"
16,5528,gl-0575.jpg,[103],103,static/img/2459c7ca3aec4942b4152b856ec2ba29_gl-0575.jpg,2459c7ca3aec4942b4152b856ec2ba29,~/ml4img/f4dficimg/dif_MRItumor/gl-0575.jpg,3,"[""dtr004"", ""dtr005"", ""dtr006""]"
16,5529,gl-0579.jpg,[102],102,static/img/d7c0fd1e385848179f6ada295904be77_gl-0579.jpg,d7c0fd1e385848179f6ada295904be77,~/ml4img/f4dficimg/dif_MRItumor/gl-0579.jpg,2,"[""dtr005"", ""dtr006""]"
16,5530,gl-0583.jpg,[102],102,static/img/cec9c0de3bb0405cba4a6c73bd58e745_gl-0583.jpg,cec9c0de3bb0405cba4a6c73bd58e745,~/ml4img/f4dficimg/dif_MRItumor/gl-0583.jpg,2,"[""dtr005"", ""dtr006""]"
16,5531,gl-0586.jpg,[102],102,static/img/0b8495955cd44426b6a062ea33707843_gl-0586.jpg,0b8495955cd44426b6a062ea33707843,~/ml4img/f4dficimg/dif_MRItumor/gl-0586.jpg,2,"[""dtr005"", ""dtr006""]"
16,5532,gl-0587.jpg,[102],102,static/img/a6bfb08937f441d2ae3f4b8e5607ab40_gl-0587.jpg,a6bfb08937f441d2ae3f4b8e5607ab40,~/ml4img/f4dficimg/dif_MRItumor/gl-0587.jpg,2,"[""dtr005"", ""dtr006""]"
16,5533,gl-0588.jpg,[102],102,static/img/6f8b7f530cbc4aafb88b94001f8695a2_gl-0588.jpg,6f8b7f530cbc4aafb88b94001f8695a2,~/ml4img/f4dficimg/dif_MRItumor/gl-0588.jpg,2,"[""dtr005"", ""dtr006""]"
16,5534,gl-0591.jpg,"[102, 103, 105]",105,static/img/674bc31df34144dabf67e73b96db7195_gl-0591.jpg,674bc31df34144dabf67e73b96db7195,~/ml4img/f4dficimg/dif_MRItumor/gl-0591.jpg,3,"[""dtr004"", ""dtr005"", ""dtr006""]"
16,5535,gl-0593.jpg,"[102, 105]",105,static/img/df0e4e4a8c4a4c8eb1767731f52906a4_gl-0593.jpg,df0e4e4a8c4a4c8eb1767731f52906a4,~/ml4img/f4dficimg/dif_MRItumor/gl-0593.jpg,3,"[""dtr004"", ""dtr005"", ""dtr006""]"
16,5536,gl-0595.jpg,"[102, 103]",102,static/img/3bb21eef71b44484b71b76aa51c003f8_gl-0595.jpg,3bb21eef71b44484b71b76aa51c003f8,~/ml4img/f4dficimg/dif_MRItumor/gl-0595.jpg,2,"[""dtr005"", ""dtr006""]"
16,5537,gl-0599.jpg,[102],102,static/img/14118b2d8f564e069474430bdf89ce95_gl-0599.jpg,14118b2d8f564e069474430bdf89ce95,~/ml4img/f4dficimg/dif_MRItumor/gl-0599.jpg,2,"[""dtr005"", ""dtr006""]"
16,5538,gl-0603.jpg,"[102, 105]",102,static/img/188aab5768f14eba98416a311034f449_gl-0603.jpg,188aab5768f14eba98416a311034f449,~/ml4img/f4dficimg/dif_MRItumor/gl-0603.jpg,3,"[""dtr004"", ""dtr005"", ""dtr006""]"
16,5539,gl-0607.jpg,"[102, 105]",105,static/img/a6c616bb636340f3b6247edc130c14c3_gl-0607.jpg,a6c616bb636340f3b6247edc130c14c3,~/ml4img/f4dficimg/dif_MRItumor/gl-0607.jpg,2,"[""dtr005"", ""dtr006""]"
16,5540,gl-0608.jpg,[102],102,static/img/959fe84c1c50471580353dceced43e02_gl-0608.jpg,959fe84c1c50471580353dceced43e02,~/ml4img/f4dficimg/dif_MRItumor/gl-0608.jpg,2,"[""dtr005"", ""dtr006""]"
16,5541,gl-0611.jpg,[102],102,static/img/33dc9437fafe4d4486403e3e44cc66af_gl-0611.jpg,33dc9437fafe4d4486403e3e44cc66af,~/ml4img/f4dficimg/dif_MRItumor/gl-0611.jpg,2,"[""dtr005"", ""dtr006""]"
16,5542,gl-0612.jpg,[102],102,static/img/c2dbd1d741a94a6da0521ee00e0077af_gl-0612.jpg,c2dbd1d741a94a6da0521ee00e0077af,~/ml4img/f4dficimg/dif_MRItumor/gl-0612.jpg,2,"[""dtr005"", ""dtr006""]"
16,5543,gl-0613.jpg,"[102, 105]",105,static/img/fbd7532b2c1c433c884099d06ee2ada3_gl-0613.jpg,fbd7532b2c1c433c884099d06ee2ada3,~/ml4img/f4dficimg/dif_MRItumor/gl-0613.jpg,3,"[""dtr004"", ""dtr005"", ""dtr006""]"
16,5544,gl-0614.jpg,[102],102,static/img/23af57b3983044eca3b18276e846fd60_gl-0614.jpg,23af57b3983044eca3b18276e846fd60,~/ml4img/f4dficimg/dif_MRItumor/gl-0614.jpg,2,"[""dtr005"", ""dtr006""]"
16,5545,gl-0615.jpg,[102],102,static/img/1f50192ac4244988906b8c7ec40fcd7a_gl-0615.jpg,1f50192ac4244988906b8c7ec40fcd7a,~/ml4img/f4dficimg/dif_MRItumor/gl-0615.jpg,2,"[""dtr005"", ""dtr006""]"
16,5546,gl-0617.jpg,[102],102,static/img/0a66fc7fc6314b9ba7ac7b3773d956ef_gl-0617.jpg,0a66fc7fc6314b9ba7ac7b3773d956ef,~/ml4img/f4dficimg/dif_MRItumor/gl-0617.jpg,2,"[""dtr005"", ""dtr006""]"
16,5547,gl-0619.jpg,"[102, 103]",102,static/img/cb85f364bddc4339b2b59015282f0d67_gl-0619.jpg,cb85f364bddc4339b2b59015282f0d67,~/ml4img/f4dficimg/dif_MRItumor/gl-0619.jpg,2,"[""dtr005"", ""dtr006""]"
16,5548,gl-0620.jpg,[102],102,static/img/2d50db823bbd4b408a3ddac4de49956e_gl-0620.jpg,2d50db823bbd4b408a3ddac4de49956e,~/ml4img/f4dficimg/dif_MRItumor/gl-0620.jpg,2,"[""dtr005"", ""dtr006""]"
16,5549,gl-0627.jpg,"[102, 105]",105,static/img/6584f8e1568948ce97f113d1760c8d32_gl-0627.jpg,6584f8e1568948ce97f113d1760c8d32,~/ml4img/f4dficimg/dif_MRItumor/gl-0627.jpg,2,"[""dtr005"", ""dtr006""]"
16,5550,gl-0629.jpg,[102],102,static/img/640425f8f1ab4f5ba670e24a378a1fcc_gl-0629.jpg,640425f8f1ab4f5ba670e24a378a1fcc,~/ml4img/f4dficimg/dif_MRItumor/gl-0629.jpg,2,"[""dtr005"", ""dtr006""]"
16,5551,gl-0639.jpg,[102],102,static/img/d781097a662e408eb16196ddaae53482_gl-0639.jpg,d781097a662e408eb16196ddaae53482,~/ml4img/f4dficimg/dif_MRItumor/gl-0639.jpg,2,"[""dtr005"", ""dtr006""]"
16,5552,gl-0641.jpg,[102],102,static/img/03e978a42c46441f9d25063dc8919643_gl-0641.jpg,03e978a42c46441f9d25063dc8919643,~/ml4img/f4dficimg/dif_MRItumor/gl-0641.jpg,2,"[""dtr005"", ""dtr006""]"
16,5553,gl-0649.jpg,[102],102,static/img/cc51178bcec84f0580c8184f36e1a8ea_gl-0649.jpg,cc51178bcec84f0580c8184f36e1a8ea,~/ml4img/f4dficimg/dif_MRItumor/gl-0649.jpg,2,"[""dtr005"", ""dtr006""]"
16,5554,gl-0651.jpg,"[102, 103]",103,static/img/0438b64c0fe048ba9e9718d530efd452_gl-0651.jpg,0438b64c0fe048ba9e9718d530efd452,~/ml4img/f4dficimg/dif_MRItumor/gl-0651.jpg,2,"[""dtr005"", ""dtr006""]"
16,5555,gl-0652.jpg,[102],102,static/img/91e099473ac54c23875cd1c8730d90ae_gl-0652.jpg,91e099473ac54c23875cd1c8730d90ae,~/ml4img/f4dficimg/dif_MRItumor/gl-0652.jpg,2,"[""dtr005"", ""dtr006""]"
16,5556,gl-0654.jpg,"[102, 105]",102,static/img/eb98bd1d02874a7995eef4694ed732cc_gl-0654.jpg,eb98bd1d02874a7995eef4694ed732cc,~/ml4img/f4dficimg/dif_MRItumor/gl-0654.jpg,2,"[""dtr005"", ""dtr006""]"
16,5557,gl-0656.jpg,[102],102,static/img/b31d326fa6c441adbc69c8deb43388c4_gl-0656.jpg,b31d326fa6c441adbc69c8deb43388c4,~/ml4img/f4dficimg/dif_MRItumor/gl-0656.jpg,2,"[""dtr005"", ""dtr006""]"
16,5558,gl-0659.jpg,[102],102,static/img/cf34e26619ba476bbde6112df0472064_gl-0659.jpg,cf34e26619ba476bbde6112df0472064,~/ml4img/f4dficimg/dif_MRItumor/gl-0659.jpg,2,"[""dtr005"", ""dtr006""]"
16,5559,gl-0662.jpg,[105],105,static/img/601097fffbf241658f5c854616f99f19_gl-0662.jpg,601097fffbf241658f5c854616f99f19,~/ml4img/f4dficimg/dif_MRItumor/gl-0662.jpg,2,"[""dtr005"", ""dtr006""]"
16,5560,gl-0665.jpg,[102],102,static/img/0eb76008fccf4bfd9836db76ce0da130_gl-0665.jpg,0eb76008fccf4bfd9836db76ce0da130,~/ml4img/f4dficimg/dif_MRItumor/gl-0665.jpg,2,"[""dtr005"", ""dtr006""]"
16,5561,gl-0668.jpg,"[102, 103]",103,static/img/942bf7862f3144e488127d29d26c4fce_gl-0668.jpg,942bf7862f3144e488127d29d26c4fce,~/ml4img/f4dficimg/dif_MRItumor/gl-0668.jpg,2,"[""dtr005"", ""dtr006""]"
16,5562,gl-0669.jpg,[102],102,static/img/56003c03a7984565a897413e12f945cd_gl-0669.jpg,56003c03a7984565a897413e12f945cd,~/ml4img/f4dficimg/dif_MRItumor/gl-0669.jpg,2,"[""dtr005"", ""dtr006""]"
16,5563,gl-0680.jpg,[102],102,static/img/3627df8ee5864df0ba7011b2b81ea6ce_gl-0680.jpg,3627df8ee5864df0ba7011b2b81ea6ce,~/ml4img/f4dficimg/dif_MRItumor/gl-0680.jpg,2,"[""dtr005"", ""dtr006""]"
16,5564,gl-0685.jpg,[102],102,static/img/8267edc2b8f847f990bc38e00c3206a8_gl-0685.jpg,8267edc2b8f847f990bc38e00c3206a8,~/ml4img/f4dficimg/dif_MRItumor/gl-0685.jpg,2,"[""dtr005"", ""dtr006""]"
16,5565,gl-0686.jpg,"[104, 105]",105,static/img/333e0d6224e543c9a51d7b547c48deba_gl-0686.jpg,333e0d6224e543c9a51d7b547c48deba,~/ml4img/f4dficimg/dif_MRItumor/gl-0686.jpg,2,"[""dtr005"", ""dtr006""]"
16,5566,gl-0689.jpg,"[102, 105]",102,static/img/9d3b49835fed44bebe40485f76cdf2de_gl-0689.jpg,9d3b49835fed44bebe40485f76cdf2de,~/ml4img/f4dficimg/dif_MRItumor/gl-0689.jpg,2,"[""dtr005"", ""dtr006""]"
16,5567,gl-0690.jpg,"[102, 105]",105,static/img/8c00ddb923ca4acc88c51f57c554e810_gl-0690.jpg,8c00ddb923ca4acc88c51f57c554e810,~/ml4img/f4dficimg/dif_MRItumor/gl-0690.jpg,2,"[""dtr005"", ""dtr006""]"
16,5568,gl-0693.jpg,[102],102,static/img/2e0a5342184a46739ae7eace9304c6b7_gl-0693.jpg,2e0a5342184a46739ae7eace9304c6b7,~/ml4img/f4dficimg/dif_MRItumor/gl-0693.jpg,2,"[""dtr005"", ""dtr006""]"
16,5569,gl-0694.jpg,[102],102,static/img/38b48057278d4c539de38fdcdb6a06e9_gl-0694.jpg,38b48057278d4c539de38fdcdb6a06e9,~/ml4img/f4dficimg/dif_MRItumor/gl-0694.jpg,2,"[""dtr005"", ""dtr006""]"
16,5570,gl-0696.jpg,[102],102,static/img/a92920fcc947466bac39094522a3e4ba_gl-0696.jpg,a92920fcc947466bac39094522a3e4ba,~/ml4img/f4dficimg/dif_MRItumor/gl-0696.jpg,2,"[""dtr005"", ""dtr006""]"
16,5571,gl-0697.jpg,[102],102,static/img/c8b3b6dc8a574e338e951af7236916ff_gl-0697.jpg,c8b3b6dc8a574e338e951af7236916ff,~/ml4img/f4dficimg/dif_MRItumor/gl-0697.jpg,2,"[""dtr005"", ""dtr006""]"
16,5572,gl-0699.jpg,"[102, 104]",102,static/img/3cd81ab9fa834cb4861f6281cadb3d3e_gl-0699.jpg,3cd81ab9fa834cb4861f6281cadb3d3e,~/ml4img/f4dficimg/dif_MRItumor/gl-0699.jpg,2,"[""dtr005"", ""dtr006""]"
16,5573,gl-0701.jpg,"[102, 103]",103,static/img/5d6e036658d54e4a96995669f07140bf_gl-0701.jpg,5d6e036658d54e4a96995669f07140bf,~/ml4img/f4dficimg/dif_MRItumor/gl-0701.jpg,2,"[""dtr005"", ""dtr006""]"
16,5574,gl-0703.jpg,"[102, 103]",102,static/img/eb534a1a59454ab993da87c16578af19_gl-0703.jpg,eb534a1a59454ab993da87c16578af19,~/ml4img/f4dficimg/dif_MRItumor/gl-0703.jpg,2,"[""dtr005"", ""dtr006""]"
16,5575,gl-0714.jpg,"[102, 103]",102,static/img/506113a6dda84c59a1ed909d9694a1bf_gl-0714.jpg,506113a6dda84c59a1ed909d9694a1bf,~/ml4img/f4dficimg/dif_MRItumor/gl-0714.jpg,2,"[""dtr005"", ""dtr006""]"
16,5576,gl-0717.jpg,[102],102,static/img/83ff9e3167744f7bb0aaa0b4cbbe9fcb_gl-0717.jpg,83ff9e3167744f7bb0aaa0b4cbbe9fcb,~/ml4img/f4dficimg/dif_MRItumor/gl-0717.jpg,2,"[""dtr005"", ""dtr006""]"
16,5577,gl-0718.jpg,[102],102,static/img/fd961ce1a1924d25aa743f83a7dd99e3_gl-0718.jpg,fd961ce1a1924d25aa743f83a7dd99e3,~/ml4img/f4dficimg/dif_MRItumor/gl-0718.jpg,2,"[""dtr005"", ""dtr006""]"
16,5578,gl-0721.jpg,[102],102,static/img/70fc130997eb43589c1baf292dd285f4_gl-0721.jpg,70fc130997eb43589c1baf292dd285f4,~/ml4img/f4dficimg/dif_MRItumor/gl-0721.jpg,3,"[""dtr004"", ""dtr005"", ""dtr006""]"
16,5579,gl-0724.jpg,[102],102,static/img/676798dd2105429999084bf161260bfe_gl-0724.jpg,676798dd2105429999084bf161260bfe,~/ml4img/f4dficimg/dif_MRItumor/gl-0724.jpg,2,"[""dtr005"", ""dtr006""]"
16,5580,gl-0725.jpg,"[102, 103]",103,static/img/461bc609973948028f141900d7bb7fb5_gl-0725.jpg,461bc609973948028f141900d7bb7fb5,~/ml4img/f4dficimg/dif_MRItumor/gl-0725.jpg,2,"[""dtr005"", ""dtr006""]"
16,5581,gl-0726.jpg,[102],102,static/img/6870f6e6a278456a92709020dfd09bd7_gl-0726.jpg,6870f6e6a278456a92709020dfd09bd7,~/ml4img/f4dficimg/dif_MRItumor/gl-0726.jpg,2,"[""dtr005"", ""dtr006""]"
16,5582,gl-0727.jpg,[102],102,static/img/727f480b9a2243b0a80bbf6b6c3fe532_gl-0727.jpg,727f480b9a2243b0a80bbf6b6c3fe532,~/ml4img/f4dficimg/dif_MRItumor/gl-0727.jpg,2,"[""dtr005"", ""dtr006""]"
16,5583,gl-0735.jpg,[102],102,static/img/0ac5dd5edc7548f0b69e5babf9113c67_gl-0735.jpg,0ac5dd5edc7548f0b69e5babf9113c67,~/ml4img/f4dficimg/dif_MRItumor/gl-0735.jpg,2,"[""dtr005"", ""dtr006""]"
16,5584,gl-0741.jpg,[102],102,static/img/b45726f6476742a2b325521fba65e77b_gl-0741.jpg,b45726f6476742a2b325521fba65e77b,~/ml4img/f4dficimg/dif_MRItumor/gl-0741.jpg,2,"[""dtr005"", ""dtr006""]"
16,5585,gl-0742.jpg,[102],102,static/img/b965dcf270e8455c88cc7b55b5ddfa35_gl-0742.jpg,b965dcf270e8455c88cc7b55b5ddfa35,~/ml4img/f4dficimg/dif_MRItumor/gl-0742.jpg,2,"[""dtr005"", ""dtr006""]"
16,5586,gl-0746.jpg,[102],102,static/img/8869ec76434045b9bbe67063edcbcb86_gl-0746.jpg,8869ec76434045b9bbe67063edcbcb86,~/ml4img/f4dficimg/dif_MRItumor/gl-0746.jpg,2,"[""dtr005"", ""dtr006""]"
16,5587,gl-0751.jpg,[102],102,static/img/2cc0c76d0ab241fabaca95b7de6216a6_gl-0751.jpg,2cc0c76d0ab241fabaca95b7de6216a6,~/ml4img/f4dficimg/dif_MRItumor/gl-0751.jpg,3,"[""dtr004"", ""dtr005"", ""dtr006""]"
16,5588,gl-0752.jpg,"[102, 105]",105,static/img/bf47341e996f47f68e3203cd6ae6d427_gl-0752.jpg,bf47341e996f47f68e3203cd6ae6d427,~/ml4img/f4dficimg/dif_MRItumor/gl-0752.jpg,2,"[""dtr005"", ""dtr006""]"
16,5589,gl-0756.jpg,[102],102,static/img/6d0736383fbe4172a5fa3a03193302ae_gl-0756.jpg,6d0736383fbe4172a5fa3a03193302ae,~/ml4img/f4dficimg/dif_MRItumor/gl-0756.jpg,2,"[""dtr005"", ""dtr006""]"
16,5590,gl-0757.jpg,[102],102,static/img/1449a1b3ccfc439698976e8bb4e9d7db_gl-0757.jpg,1449a1b3ccfc439698976e8bb4e9d7db,~/ml4img/f4dficimg/dif_MRItumor/gl-0757.jpg,2,"[""dtr005"", ""dtr006""]"
16,5591,gl-0761.jpg,"[103, 104]",103,static/img/95029f1851ed482f98023c46ed083e1f_gl-0761.jpg,95029f1851ed482f98023c46ed083e1f,~/ml4img/f4dficimg/dif_MRItumor/gl-0761.jpg,2,"[""dtr005"", ""dtr006""]"
16,5592,gl-0770.jpg,[105],105,static/img/1846c723bebc4c09aefcd14e4c8ace81_gl-0770.jpg,1846c723bebc4c09aefcd14e4c8ace81,~/ml4img/f4dficimg/dif_MRItumor/gl-0770.jpg,2,"[""dtr005"", ""dtr006""]"
16,5593,gl-0771.jpg,"[102, 103]",103,static/img/ba4edba13d024123a48ec6e4d13dafb2_gl-0771.jpg,ba4edba13d024123a48ec6e4d13dafb2,~/ml4img/f4dficimg/dif_MRItumor/gl-0771.jpg,2,"[""dtr005"", ""dtr006""]"
16,5594,gl-0773.jpg,"[102, 103]",102,static/img/2df88da96c6b41d3997c72bd857c8bd4_gl-0773.jpg,2df88da96c6b41d3997c72bd857c8bd4,~/ml4img/f4dficimg/dif_MRItumor/gl-0773.jpg,3,"[""dtr004"", ""dtr005"", ""dtr006""]"
16,5595,gl-0775.jpg,[102],102,static/img/25410563249f4cb7a53753ea368d4074_gl-0775.jpg,25410563249f4cb7a53753ea368d4074,~/ml4img/f4dficimg/dif_MRItumor/gl-0775.jpg,2,"[""dtr005"", ""dtr006""]"
16,5596,gl-0778.jpg,[102],102,static/img/b11144f7ee8049a6b3336bd7380efd13_gl-0778.jpg,b11144f7ee8049a6b3336bd7380efd13,~/ml4img/f4dficimg/dif_MRItumor/gl-0778.jpg,2,"[""dtr005"", ""dtr006""]"
16,5597,gl-0781.jpg,[102],102,static/img/c5b6b71663d54845a1102eed2b0fde47_gl-0781.jpg,c5b6b71663d54845a1102eed2b0fde47,~/ml4img/f4dficimg/dif_MRItumor/gl-0781.jpg,2,"[""dtr005"", ""dtr006""]"
16,5598,gl-0787.jpg,[102],102,static/img/fa6b944d3a5a42d0a65b2f93bfdef549_gl-0787.jpg,fa6b944d3a5a42d0a65b2f93bfdef549,~/ml4img/f4dficimg/dif_MRItumor/gl-0787.jpg,2,"[""dtr005"", ""dtr006""]"
16,5599,gl-0790.jpg,"[102, 103]",103,static/img/612e7d72bb8b4fb0807af357c8bb26b1_gl-0790.jpg,612e7d72bb8b4fb0807af357c8bb26b1,~/ml4img/f4dficimg/dif_MRItumor/gl-0790.jpg,2,"[""dtr005"", ""dtr006""]"
16,5600,gl-0791.jpg,[102],102,static/img/d92d0a3865f44bd69ee66dec5f5874eb_gl-0791.jpg,d92d0a3865f44bd69ee66dec5f5874eb,~/ml4img/f4dficimg/dif_MRItumor/gl-0791.jpg,2,"[""dtr005"", ""dtr006""]"
16,5601,gl-0793.jpg,[103],103,static/img/a4fc3ed049784f59b8c2e4b6959cb23f_gl-0793.jpg,a4fc3ed049784f59b8c2e4b6959cb23f,~/ml4img/f4dficimg/dif_MRItumor/gl-0793.jpg,2,"[""dtr005"", ""dtr006""]"
16,5602,gl-0796.jpg,[102],102,static/img/bac4867b72c24206b42f3efdb98b913f_gl-0796.jpg,bac4867b72c24206b42f3efdb98b913f,~/ml4img/f4dficimg/dif_MRItumor/gl-0796.jpg,2,"[""dtr005"", ""dtr006""]"
16,5603,gl-0799.jpg,"[103, 105]",105,static/img/c0991c3785a54b89a99cd93ed8d1f1bc_gl-0799.jpg,c0991c3785a54b89a99cd93ed8d1f1bc,~/ml4img/f4dficimg/dif_MRItumor/gl-0799.jpg,3,"[""dtr004"", ""dtr005"", ""dtr006""]"
16,5604,gl-0801.jpg,[102],102,static/img/f84b62cc6bf44091b0a2a3c75c5f8140_gl-0801.jpg,f84b62cc6bf44091b0a2a3c75c5f8140,~/ml4img/f4dficimg/dif_MRItumor/gl-0801.jpg,2,"[""dtr005"", ""dtr006""]"
16,5605,gl-0803.jpg,[102],102,static/img/fdfccf74acef43a1a1628a1a992db7cd_gl-0803.jpg,fdfccf74acef43a1a1628a1a992db7cd,~/ml4img/f4dficimg/dif_MRItumor/gl-0803.jpg,2,"[""dtr005"", ""dtr006""]"
16,5606,gl-0830.jpg,[102],102,static/img/42fce25139a84b4196615de8735f9b29_gl-0830.jpg,42fce25139a84b4196615de8735f9b29,~/ml4img/f4dficimg/dif_MRItumor/gl-0830.jpg,2,"[""dtr005"", ""dtr006""]"
16,5607,gl-0831.jpg,[102],102,static/img/8a9bade42ffb4a598221293afe1dda0f_gl-0831.jpg,8a9bade42ffb4a598221293afe1dda0f,~/ml4img/f4dficimg/dif_MRItumor/gl-0831.jpg,2,"[""dtr005"", ""dtr006""]"
16,5608,gl-0841.jpg,[105],105,static/img/c63a3938b61a4dd99a817edba348b395_gl-0841.jpg,c63a3938b61a4dd99a817edba348b395,~/ml4img/f4dficimg/dif_MRItumor/gl-0841.jpg,2,"[""dtr005"", ""dtr006""]"
16,5609,gl-0843.jpg,"[102, 103]",102,static/img/13d22e3eccdb4bf6aafa39f3302398bb_gl-0843.jpg,13d22e3eccdb4bf6aafa39f3302398bb,~/ml4img/f4dficimg/dif_MRItumor/gl-0843.jpg,2,"[""dtr005"", ""dtr006""]"
16,5610,gl-0851.jpg,[102],102,static/img/769adfc363684073a082f88a0e9cd8f4_gl-0851.jpg,769adfc363684073a082f88a0e9cd8f4,~/ml4img/f4dficimg/dif_MRItumor/gl-0851.jpg,2,"[""dtr005"", ""dtr006""]"
16,5611,gl-0855.jpg,"[103, 105]",105,static/img/8fe171b84c724bef96f6849b7ee6793d_gl-0855.jpg,8fe171b84c724bef96f6849b7ee6793d,~/ml4img/f4dficimg/dif_MRItumor/gl-0855.jpg,3,"[""dtr004"", ""dtr005"", ""dtr006""]"
16,5612,gl-0859.jpg,[102],102,static/img/8cf7a2834c674682be3a831bc49cb04d_gl-0859.jpg,8cf7a2834c674682be3a831bc49cb04d,~/ml4img/f4dficimg/dif_MRItumor/gl-0859.jpg,2,"[""dtr005"", ""dtr006""]"
16,5613,gl-0861.jpg,[102],102,static/img/6b2a183941a14f9c84365de698680114_gl-0861.jpg,6b2a183941a14f9c84365de698680114,~/ml4img/f4dficimg/dif_MRItumor/gl-0861.jpg,2,"[""dtr005"", ""dtr006""]"
16,5614,gl-0863.jpg,"[102, 103]",102,static/img/e58c213f3ced478d934282fff4bf4c5a_gl-0863.jpg,e58c213f3ced478d934282fff4bf4c5a,~/ml4img/f4dficimg/dif_MRItumor/gl-0863.jpg,2,"[""dtr005"", ""dtr006""]"
16,5615,gl-0869.jpg,[102],102,static/img/25f61c07f60c4e878465a3f7bfc41cbd_gl-0869.jpg,25f61c07f60c4e878465a3f7bfc41cbd,~/ml4img/f4dficimg/dif_MRItumor/gl-0869.jpg,2,"[""dtr005"", ""dtr006""]"
16,5616,gl-0870.jpg,"[102, 103]",102,static/img/34569beb296245a19bacab7852849b98_gl-0870.jpg,34569beb296245a19bacab7852849b98,~/ml4img/f4dficimg/dif_MRItumor/gl-0870.jpg,2,"[""dtr005"", ""dtr006""]"
16,5617,gl-0872.jpg,"[102, 103]",102,static/img/f27270f788dc48d38424014d731da397_gl-0872.jpg,f27270f788dc48d38424014d731da397,~/ml4img/f4dficimg/dif_MRItumor/gl-0872.jpg,3,"[""dtr004"", ""dtr005"", ""dtr006""]"
16,5618,gl-0874.jpg,[102],102,static/img/002a887bbcd34a988b4d16a179694351_gl-0874.jpg,002a887bbcd34a988b4d16a179694351,~/ml4img/f4dficimg/dif_MRItumor/gl-0874.jpg,2,"[""dtr005"", ""dtr006""]"
16,5619,gl-0884.jpg,[102],102,static/img/1b226ab8eddc43e2b72888dfa25d9e13_gl-0884.jpg,1b226ab8eddc43e2b72888dfa25d9e13,~/ml4img/f4dficimg/dif_MRItumor/gl-0884.jpg,2,"[""dtr005"", ""dtr006""]"
16,5620,gl-0885.jpg,[102],102,static/img/614f1f2f9fce42ebafa1039cf019759f_gl-0885.jpg,614f1f2f9fce42ebafa1039cf019759f,~/ml4img/f4dficimg/dif_MRItumor/gl-0885.jpg,2,"[""dtr005"", ""dtr006""]"
16,5621,gl-0894.jpg,"[102, 103]",102,static/img/d22082c5e06c46a9841d4c5e7a407267_gl-0894.jpg,d22082c5e06c46a9841d4c5e7a407267,~/ml4img/f4dficimg/dif_MRItumor/gl-0894.jpg,2,"[""dtr005"", ""dtr006""]"
16,5622,gl-0895.jpg,[105],105,static/img/b8600e4e89c646d282c7f2b2be424140_gl-0895.jpg,b8600e4e89c646d282c7f2b2be424140,~/ml4img/f4dficimg/dif_MRItumor/gl-0895.jpg,3,"[""dtr004"", ""dtr005"", ""dtr006""]"
16,5623,gl-0896.jpg,"[102, 104]",102,static/img/e3e14958243246ef86ae071039640216_gl-0896.jpg,e3e14958243246ef86ae071039640216,~/ml4img/f4dficimg/dif_MRItumor/gl-0896.jpg,2,"[""dtr005"", ""dtr006""]"
16,5624,gl-0900.jpg,[102],102,static/img/a626939aa45d4bf3811160904ceb2eb6_gl-0900.jpg,a626939aa45d4bf3811160904ceb2eb6,~/ml4img/f4dficimg/dif_MRItumor/gl-0900.jpg,2,"[""dtr005"", ""dtr006""]"
16,5625,gl-0901.jpg,[102],102,static/img/8fdec27644374e5c9e15d8de6509cc66_gl-0901.jpg,8fdec27644374e5c9e15d8de6509cc66,~/ml4img/f4dficimg/dif_MRItumor/gl-0901.jpg,2,"[""dtr005"", ""dtr006""]"
16,5626,gl-0906.jpg,[102],102,static/img/eb99e1e7f78b49639a7184f0bf8bd4ea_gl-0906.jpg,eb99e1e7f78b49639a7184f0bf8bd4ea,~/ml4img/f4dficimg/dif_MRItumor/gl-0906.jpg,2,"[""dtr005"", ""dtr006""]"
16,5627,gl-0910.jpg,[102],102,static/img/2ce58fc92bd74546936db59252676f0e_gl-0910.jpg,2ce58fc92bd74546936db59252676f0e,~/ml4img/f4dficimg/dif_MRItumor/gl-0910.jpg,2,"[""dtr005"", ""dtr006""]"
16,5628,gl-0914.jpg,[102],102,static/img/75338164796a48aa9ee1f2b65fd17496_gl-0914.jpg,75338164796a48aa9ee1f2b65fd17496,~/ml4img/f4dficimg/dif_MRItumor/gl-0914.jpg,2,"[""dtr005"", ""dtr006""]"
16,5629,gl-0916.jpg,[102],102,static/img/9802b71405f74e24bff69832696188bb_gl-0916.jpg,9802b71405f74e24bff69832696188bb,~/ml4img/f4dficimg/dif_MRItumor/gl-0916.jpg,2,"[""dtr005"", ""dtr006""]"
16,5630,gl-0917.jpg,[102],102,static/img/7e264d1c1fb04a5986d5a675e3dcbb98_gl-0917.jpg,7e264d1c1fb04a5986d5a675e3dcbb98,~/ml4img/f4dficimg/dif_MRItumor/gl-0917.jpg,2,"[""dtr005"", ""dtr006""]"
16,5631,gl-0923.jpg,[102],102,static/img/64e60b0d59664a7ba675e7165e11148b_gl-0923.jpg,64e60b0d59664a7ba675e7165e11148b,~/ml4img/f4dficimg/dif_MRItumor/gl-0923.jpg,2,"[""dtr005"", ""dtr006""]"
16,5632,gl-0926.jpg,"[103, 105]",105,static/img/8164be5e93ed411da9ec6269a50d7801_gl-0926.jpg,8164be5e93ed411da9ec6269a50d7801,~/ml4img/f4dficimg/dif_MRItumor/gl-0926.jpg,2,"[""dtr005"", ""dtr006""]"
16,5633,gl-0930.jpg,[102],102,static/img/0354c9c231e84bd8b8e8162890561b6d_gl-0930.jpg,0354c9c231e84bd8b8e8162890561b6d,~/ml4img/f4dficimg/dif_MRItumor/gl-0930.jpg,2,"[""dtr005"", ""dtr006""]"
16,5634,gl-0931.jpg,"[102, 103]",103,static/img/d98ebc44ad3545f09a64ef39634eb21c_gl-0931.jpg,d98ebc44ad3545f09a64ef39634eb21c,~/ml4img/f4dficimg/dif_MRItumor/gl-0931.jpg,2,"[""dtr005"", ""dtr006""]"
16,5635,gl-0934.jpg,"[103, 105]",105,static/img/4820c5b4a94f4477b6f6dbe94b63eea1_gl-0934.jpg,4820c5b4a94f4477b6f6dbe94b63eea1,~/ml4img/f4dficimg/dif_MRItumor/gl-0934.jpg,3,"[""dtr004"", ""dtr005"", ""dtr006""]"
16,5636,gl-0936.jpg,[102],102,static/img/cb93503a5b3a412ebd62104e3056d840_gl-0936.jpg,cb93503a5b3a412ebd62104e3056d840,~/ml4img/f4dficimg/dif_MRItumor/gl-0936.jpg,2,"[""dtr005"", ""dtr006""]"
16,5637,gl-0942.jpg,[102],102,static/img/9bf506b338014c26870abe0065b87969_gl-0942.jpg,9bf506b338014c26870abe0065b87969,~/ml4img/f4dficimg/dif_MRItumor/gl-0942.jpg,2,"[""dtr005"", ""dtr006""]"
16,5638,gl-0945.jpg,"[102, 105]",102,static/img/7b85a70797704617b13dc320c6a41c4f_gl-0945.jpg,7b85a70797704617b13dc320c6a41c4f,~/ml4img/f4dficimg/dif_MRItumor/gl-0945.jpg,2,"[""dtr005"", ""dtr006""]"
16,5639,gl-0947.jpg,"[102, 103]",102,static/img/2d049c40f7b04b7bb4910580d6ce035a_gl-0947.jpg,2d049c40f7b04b7bb4910580d6ce035a,~/ml4img/f4dficimg/dif_MRItumor/gl-0947.jpg,3,"[""dtr004"", ""dtr005"", ""dtr006""]"
16,5640,gl-0949.jpg,[102],102,static/img/459f0b0f06914b4f869d68a675013b92_gl-0949.jpg,459f0b0f06914b4f869d68a675013b92,~/ml4img/f4dficimg/dif_MRItumor/gl-0949.jpg,2,"[""dtr005"", ""dtr006""]"
16,5641,gl-0952.jpg,[102],102,static/img/018ccecaeee042fd9817590ee9402044_gl-0952.jpg,018ccecaeee042fd9817590ee9402044,~/ml4img/f4dficimg/dif_MRItumor/gl-0952.jpg,2,"[""dtr005"", ""dtr006""]"
16,5642,gl-0956.jpg,[102],102,static/img/e42bf235e9594926b1cd2db3e773e72d_gl-0956.jpg,e42bf235e9594926b1cd2db3e773e72d,~/ml4img/f4dficimg/dif_MRItumor/gl-0956.jpg,2,"[""dtr005"", ""dtr006""]"
16,5643,gl-0959.jpg,[102],102,static/img/c45e98d273df46a6a566890fccd7392b_gl-0959.jpg,c45e98d273df46a6a566890fccd7392b,~/ml4img/f4dficimg/dif_MRItumor/gl-0959.jpg,2,"[""dtr005"", ""dtr006""]"
16,5644,gl-0963.jpg,[103],103,static/img/8516ab72b4d749ebbe8113bac53887f5_gl-0963.jpg,8516ab72b4d749ebbe8113bac53887f5,~/ml4img/f4dficimg/dif_MRItumor/gl-0963.jpg,2,"[""dtr005"", ""dtr006""]"
16,5645,gl-0966.jpg,"[102, 105]",102,static/img/c28da81aaf58467684ab157cc3a83508_gl-0966.jpg,c28da81aaf58467684ab157cc3a83508,~/ml4img/f4dficimg/dif_MRItumor/gl-0966.jpg,3,"[""dtr004"", ""dtr005"", ""dtr006""]"
16,5646,gl-0970.jpg,[102],102,static/img/78222f8e437b489f979b583687515fb7_gl-0970.jpg,78222f8e437b489f979b583687515fb7,~/ml4img/f4dficimg/dif_MRItumor/gl-0970.jpg,2,"[""dtr005"", ""dtr006""]"
16,5647,gl-0973.jpg,"[102, 103]",102,static/img/57168350143b4917a8e02a2e0a63863b_gl-0973.jpg,57168350143b4917a8e02a2e0a63863b,~/ml4img/f4dficimg/dif_MRItumor/gl-0973.jpg,2,"[""dtr005"", ""dtr006""]"
16,5648,gl-0975.jpg,[102],102,static/img/8a322565584b405f9a204df9184d714d_gl-0975.jpg,8a322565584b405f9a204df9184d714d,~/ml4img/f4dficimg/dif_MRItumor/gl-0975.jpg,2,"[""dtr005"", ""dtr006""]"
16,5649,gl-0986.jpg,[102],102,static/img/6495b9406e7b415b9c9b3ede29142fbf_gl-0986.jpg,6495b9406e7b415b9c9b3ede29142fbf,~/ml4img/f4dficimg/dif_MRItumor/gl-0986.jpg,2,"[""dtr005"", ""dtr006""]"
16,5650,gl-0995.jpg,"[102, 105]",105,static/img/84e0c20635904b3e8d429214ff4a287c_gl-0995.jpg,84e0c20635904b3e8d429214ff4a287c,~/ml4img/f4dficimg/dif_MRItumor/gl-0995.jpg,2,"[""dtr005"", ""dtr006""]"
16,5651,gl-0997.jpg,[102],102,static/img/d27ab8167f104b829bb17e71d803e559_gl-0997.jpg,d27ab8167f104b829bb17e71d803e559,~/ml4img/f4dficimg/dif_MRItumor/gl-0997.jpg,2,"[""dtr005"", ""dtr006""]"
16,5652,gl-1000.jpg,[102],102,static/img/2961ca13ba6c42c7b262d4a41ddab972_gl-1000.jpg,2961ca13ba6c42c7b262d4a41ddab972,~/ml4img/f4dficimg/dif_MRItumor/gl-1000.jpg,2,"[""dtr005"", ""dtr006""]"
16,5653,gl-1007.jpg,[102],102,static/img/6eebe9148fe84b3d906d03acd2b8defb_gl-1007.jpg,6eebe9148fe84b3d906d03acd2b8defb,~/ml4img/f4dficimg/dif_MRItumor/gl-1007.jpg,2,"[""dtr005"", ""dtr006""]"
16,5654,gl-1010.jpg,[103],103,static/img/d4848bdbd6c145e093a7eabe09a5cb49_gl-1010.jpg,d4848bdbd6c145e093a7eabe09a5cb49,~/ml4img/f4dficimg/dif_MRItumor/gl-1010.jpg,2,"[""dtr005"", ""dtr006""]"
16,5655,gl-1019.jpg,[102],102,static/img/a26754ddbba245f9872d4a1b6d0bd5d3_gl-1019.jpg,a26754ddbba245f9872d4a1b6d0bd5d3,~/ml4img/f4dficimg/dif_MRItumor/gl-1019.jpg,2,"[""dtr005"", ""dtr006""]"
16,5656,gl-1024.jpg,[102],102,static/img/5ff94651ba064c67aed65cbcc12cf722_gl-1024.jpg,5ff94651ba064c67aed65cbcc12cf722,~/ml4img/f4dficimg/dif_MRItumor/gl-1024.jpg,2,"[""dtr005"", ""dtr006""]"
16,5657,gl-1027.jpg,[102],102,static/img/6762d9198f2f408a912ab2acfdf81585_gl-1027.jpg,6762d9198f2f408a912ab2acfdf81585,~/ml4img/f4dficimg/dif_MRItumor/gl-1027.jpg,2,"[""dtr005"", ""dtr006""]"
16,5658,gl-1033.jpg,"[102, 105]",102,static/img/7e91974b79354022bb37ffbc18d45541_gl-1033.jpg,7e91974b79354022bb37ffbc18d45541,~/ml4img/f4dficimg/dif_MRItumor/gl-1033.jpg,2,"[""dtr005"", ""dtr006""]"
16,5659,gl-1037.jpg,[105],105,static/img/94f99f0793ab4f2eab20b3e38fad2eb3_gl-1037.jpg,94f99f0793ab4f2eab20b3e38fad2eb3,~/ml4img/f4dficimg/dif_MRItumor/gl-1037.jpg,2,"[""dtr005"", ""dtr006""]"
16,5660,gl-1039.jpg,"[102, 103]",103,static/img/b87520dd2a1048c79f8a09d5e4ec2d9b_gl-1039.jpg,b87520dd2a1048c79f8a09d5e4ec2d9b,~/ml4img/f4dficimg/dif_MRItumor/gl-1039.jpg,3,"[""dtr004"", ""dtr005"", ""dtr006""]"
16,5661,gl-1041.jpg,[102],102,static/img/884fa7ae2e5b472f9f85251311747979_gl-1041.jpg,884fa7ae2e5b472f9f85251311747979,~/ml4img/f4dficimg/dif_MRItumor/gl-1041.jpg,2,"[""dtr005"", ""dtr006""]"
16,5662,gl-1042.jpg,"[102, 103]",102,static/img/0f701fa4950745d4a756e3a909e0a5c2_gl-1042.jpg,0f701fa4950745d4a756e3a909e0a5c2,~/ml4img/f4dficimg/dif_MRItumor/gl-1042.jpg,2,"[""dtr005"", ""dtr006""]"
16,5663,gl-1051.jpg,"[103, 105]",105,static/img/9885ca8cbef849c38322dc386c7ae557_gl-1051.jpg,9885ca8cbef849c38322dc386c7ae557,~/ml4img/f4dficimg/dif_MRItumor/gl-1051.jpg,2,"[""dtr005"", ""dtr006""]"
16,5664,gl-1052.jpg,[105],105,static/img/d3c8797e92aa4dcd89d331c29a62eb8e_gl-1052.jpg,d3c8797e92aa4dcd89d331c29a62eb8e,~/ml4img/f4dficimg/dif_MRItumor/gl-1052.jpg,2,"[""dtr005"", ""dtr006""]"
16,5665,gl-1056.jpg,"[102, 103]",103,static/img/472ae5f5b9cf46ac881498b7a6149278_gl-1056.jpg,472ae5f5b9cf46ac881498b7a6149278,~/ml4img/f4dficimg/dif_MRItumor/gl-1056.jpg,2,"[""dtr005"", ""dtr006""]"
16,5666,gl-1058.jpg,[102],102,static/img/5309ae91faaa4690b200563f57f0c720_gl-1058.jpg,5309ae91faaa4690b200563f57f0c720,~/ml4img/f4dficimg/dif_MRItumor/gl-1058.jpg,2,"[""dtr005"", ""dtr006""]"
16,5667,gl-1063.jpg,"[102, 103]",102,static/img/99f41d36747b4edf949b4e402cb64c3c_gl-1063.jpg,99f41d36747b4edf949b4e402cb64c3c,~/ml4img/f4dficimg/dif_MRItumor/gl-1063.jpg,2,"[""dtr005"", ""dtr006""]"
16,5668,gl-1072.jpg,"[102, 105]",102,static/img/28972ef97d0b4e6f928d13670098c37f_gl-1072.jpg,28972ef97d0b4e6f928d13670098c37f,~/ml4img/f4dficimg/dif_MRItumor/gl-1072.jpg,2,"[""dtr005"", ""dtr006""]"
16,5669,gl-1073.jpg,[102],102,static/img/784133cfbeea42e6b10f7b66f5dab8d5_gl-1073.jpg,784133cfbeea42e6b10f7b66f5dab8d5,~/ml4img/f4dficimg/dif_MRItumor/gl-1073.jpg,2,"[""dtr005"", ""dtr006""]"
16,5670,gl-1074.jpg,"[102, 104]",102,static/img/b45dc8184a0545d2a5c5be1f817f6931_gl-1074.jpg,b45dc8184a0545d2a5c5be1f817f6931,~/ml4img/f4dficimg/dif_MRItumor/gl-1074.jpg,2,"[""dtr005"", ""dtr006""]"
16,5671,gl-1077.jpg,"[102, 103]",102,static/img/d738fa9b3e3e427487994e5d831d5fa8_gl-1077.jpg,d738fa9b3e3e427487994e5d831d5fa8,~/ml4img/f4dficimg/dif_MRItumor/gl-1077.jpg,3,"[""dtr004"", ""dtr005"", ""dtr006""]"
16,5672,gl-1080.jpg,[102],102,static/img/2627557a2bbc4335b355ab6714f1245f_gl-1080.jpg,2627557a2bbc4335b355ab6714f1245f,~/ml4img/f4dficimg/dif_MRItumor/gl-1080.jpg,2,"[""dtr005"", ""dtr006""]"
16,5673,gl-1086.jpg,"[102, 105]",105,static/img/119df4c51cb7493d9d7b815f7843266f_gl-1086.jpg,119df4c51cb7493d9d7b815f7843266f,~/ml4img/f4dficimg/dif_MRItumor/gl-1086.jpg,2,"[""dtr005"", ""dtr006""]"
16,5674,gl-1090.jpg,[102],102,static/img/0d5f6b69fc6a45d580ed68b258eb2a52_gl-1090.jpg,0d5f6b69fc6a45d580ed68b258eb2a52,~/ml4img/f4dficimg/dif_MRItumor/gl-1090.jpg,2,"[""dtr005"", ""dtr006""]"
16,5675,gl-1095.jpg,"[102, 105]",105,static/img/acbb07ebc47a4b828c7b621a62f0fee2_gl-1095.jpg,acbb07ebc47a4b828c7b621a62f0fee2,~/ml4img/f4dficimg/dif_MRItumor/gl-1095.jpg,2,"[""dtr005"", ""dtr006""]"
16,5676,gl-1100.jpg,[102],102,static/img/f3111fdaa2394d6698437b9d19181d35_gl-1100.jpg,f3111fdaa2394d6698437b9d19181d35,~/ml4img/f4dficimg/dif_MRItumor/gl-1100.jpg,2,"[""dtr005"", ""dtr006""]"
16,5677,gl-1106.jpg,"[102, 105]",105,static/img/1a5d4bec96664dfda6b83ebb348bfc23_gl-1106.jpg,1a5d4bec96664dfda6b83ebb348bfc23,~/ml4img/f4dficimg/dif_MRItumor/gl-1106.jpg,2,"[""dtr005"", ""dtr006""]"
16,5678,gl-1108.jpg,[102],102,static/img/e2676f91de714c1c9fd21ceb132a2430_gl-1108.jpg,e2676f91de714c1c9fd21ceb132a2430,~/ml4img/f4dficimg/dif_MRItumor/gl-1108.jpg,2,"[""dtr005"", ""dtr006""]"
16,5679,gl-1113.jpg,[102],102,static/img/d71e8a44337c418a807629385195888a_gl-1113.jpg,d71e8a44337c418a807629385195888a,~/ml4img/f4dficimg/dif_MRItumor/gl-1113.jpg,2,"[""dtr005"", ""dtr006""]"
16,5680,gl-1121.jpg,[102],102,static/img/758e0c2df44047398f60b9231e016de8_gl-1121.jpg,758e0c2df44047398f60b9231e016de8,~/ml4img/f4dficimg/dif_MRItumor/gl-1121.jpg,2,"[""dtr005"", ""dtr006""]"
16,5681,gl-1126.jpg,"[104, 105]",105,static/img/d4f2b236f6214279a0aa80fa1ae6ee1c_gl-1126.jpg,d4f2b236f6214279a0aa80fa1ae6ee1c,~/ml4img/f4dficimg/dif_MRItumor/gl-1126.jpg,2,"[""dtr005"", ""dtr006""]"
16,5682,gl-1132.jpg,[102],102,static/img/dc472038189943f395337d62d574dfb8_gl-1132.jpg,dc472038189943f395337d62d574dfb8,~/ml4img/f4dficimg/dif_MRItumor/gl-1132.jpg,2,"[""dtr005"", ""dtr006""]"
16,5683,gl-1145.jpg,[102],102,static/img/8504b5766c934cf3a535b1e295a46d5c_gl-1145.jpg,8504b5766c934cf3a535b1e295a46d5c,~/ml4img/f4dficimg/dif_MRItumor/gl-1145.jpg,2,"[""dtr005"", ""dtr006""]"
16,5684,gl-1147.jpg,"[102, 103]",102,static/img/39f1fece49494ad991b8213163ec5025_gl-1147.jpg,39f1fece49494ad991b8213163ec5025,~/ml4img/f4dficimg/dif_MRItumor/gl-1147.jpg,2,"[""dtr005"", ""dtr006""]"
16,5685,gl-1150.jpg,[102],102,static/img/fa553596e37940e091fb54d13bb0c80c_gl-1150.jpg,fa553596e37940e091fb54d13bb0c80c,~/ml4img/f4dficimg/dif_MRItumor/gl-1150.jpg,2,"[""dtr005"", ""dtr006""]"
16,5686,gl-1157.jpg,"[102, 105]",105,static/img/77127383e1d6437480f961fb391837f4_gl-1157.jpg,77127383e1d6437480f961fb391837f4,~/ml4img/f4dficimg/dif_MRItumor/gl-1157.jpg,3,"[""dtr004"", ""dtr005"", ""dtr006""]"
16,5687,gl-1159.jpg,[102],102,static/img/865b0c1c83d2459bbaacad53a305b09d_gl-1159.jpg,865b0c1c83d2459bbaacad53a305b09d,~/ml4img/f4dficimg/dif_MRItumor/gl-1159.jpg,2,"[""dtr005"", ""dtr006""]"
16,5688,gl-1163.jpg,[104],104,static/img/016470619990469fb3bfafe6321e6674_gl-1163.jpg,016470619990469fb3bfafe6321e6674,~/ml4img/f4dficimg/dif_MRItumor/gl-1163.jpg,2,"[""dtr005"", ""dtr006""]"
16,5689,gl-1171.jpg,[102],102,static/img/8f7024f779144325bf66e1f1e73290df_gl-1171.jpg,8f7024f779144325bf66e1f1e73290df,~/ml4img/f4dficimg/dif_MRItumor/gl-1171.jpg,2,"[""dtr005"", ""dtr006""]"
16,5690,gl-1176.jpg,[102],102,static/img/8f5f583154c54d51b20ba314976d3646_gl-1176.jpg,8f5f583154c54d51b20ba314976d3646,~/ml4img/f4dficimg/dif_MRItumor/gl-1176.jpg,2,"[""dtr005"", ""dtr006""]"
16,5691,gl-1178.jpg,"[103, 104]",103,static/img/9425e8734ca849108ab47b0a70e235f4_gl-1178.jpg,9425e8734ca849108ab47b0a70e235f4,~/ml4img/f4dficimg/dif_MRItumor/gl-1178.jpg,2,"[""dtr005"", ""dtr006""]"
16,5692,gl-1180.jpg,[102],102,static/img/a24582f02e4a4750a1e4cae6148ee468_gl-1180.jpg,a24582f02e4a4750a1e4cae6148ee468,~/ml4img/f4dficimg/dif_MRItumor/gl-1180.jpg,2,"[""dtr005"", ""dtr006""]"
16,5693,gl-1184.jpg,"[102, 105]",102,static/img/accc0ef40daa4f6894a9783dd448788d_gl-1184.jpg,accc0ef40daa4f6894a9783dd448788d,~/ml4img/f4dficimg/dif_MRItumor/gl-1184.jpg,2,"[""dtr005"", ""dtr006""]"
16,5694,gl-1194.jpg,"[104, 105]",105,static/img/e49e48614389400aa88284a35e15d854_gl-1194.jpg,e49e48614389400aa88284a35e15d854,~/ml4img/f4dficimg/dif_MRItumor/gl-1194.jpg,3,"[""dtr004"", ""dtr005"", ""dtr006""]"
16,5695,gl-1201.jpg,[102],102,static/img/130f7cc4d29a42438ace370772202401_gl-1201.jpg,130f7cc4d29a42438ace370772202401,~/ml4img/f4dficimg/dif_MRItumor/gl-1201.jpg,2,"[""dtr005"", ""dtr006""]"
16,5696,gl-1203.jpg,[102],102,static/img/df4b8276756a4d549034da930b07d3b9_gl-1203.jpg,df4b8276756a4d549034da930b07d3b9,~/ml4img/f4dficimg/dif_MRItumor/gl-1203.jpg,2,"[""dtr005"", ""dtr006""]"
16,5697,gl-1204.jpg,[102],102,static/img/35c23127fec347d88700b5cf87c02503_gl-1204.jpg,35c23127fec347d88700b5cf87c02503,~/ml4img/f4dficimg/dif_MRItumor/gl-1204.jpg,2,"[""dtr005"", ""dtr006""]"
16,5698,gl-1207.jpg,[102],102,static/img/f6dd2f72b2ad4516964881a2b7e8f70f_gl-1207.jpg,f6dd2f72b2ad4516964881a2b7e8f70f,~/ml4img/f4dficimg/dif_MRItumor/gl-1207.jpg,2,"[""dtr005"", ""dtr006""]"
16,5699,gl-1211.jpg,[102],102,static/img/67599e2b78a04234987fb084bdac919b_gl-1211.jpg,67599e2b78a04234987fb084bdac919b,~/ml4img/f4dficimg/dif_MRItumor/gl-1211.jpg,2,"[""dtr005"", ""dtr006""]"
16,5700,gl-1212.jpg,[102],102,static/img/bdf81d2388fd4d248949c3272ccbb8a2_gl-1212.jpg,bdf81d2388fd4d248949c3272ccbb8a2,~/ml4img/f4dficimg/dif_MRItumor/gl-1212.jpg,2,"[""dtr005"", ""dtr006""]"
16,5701,gl-1217.jpg,[102],102,static/img/39f277af1ed844f0995c94a35d00485c_gl-1217.jpg,39f277af1ed844f0995c94a35d00485c,~/ml4img/f4dficimg/dif_MRItumor/gl-1217.jpg,2,"[""dtr005"", ""dtr006""]"
16,5702,gl-1226.jpg,"[102, 103]",102,static/img/30afe41b20584ff8ac41186b2ca43ff5_gl-1226.jpg,30afe41b20584ff8ac41186b2ca43ff5,~/ml4img/f4dficimg/dif_MRItumor/gl-1226.jpg,2,"[""dtr005"", ""dtr006""]"
16,5703,gl-1227.jpg,[102],102,static/img/f39f886c22844e87a3da5f15828d6cb4_gl-1227.jpg,f39f886c22844e87a3da5f15828d6cb4,~/ml4img/f4dficimg/dif_MRItumor/gl-1227.jpg,2,"[""dtr005"", ""dtr006""]"
16,5704,gl-1228.jpg,"[102, 105]",105,static/img/12966877a8fd4566b77e598c2e591b2f_gl-1228.jpg,12966877a8fd4566b77e598c2e591b2f,~/ml4img/f4dficimg/dif_MRItumor/gl-1228.jpg,2,"[""dtr005"", ""dtr006""]"
16,5705,gl-1231.jpg,"[102, 103]",102,static/img/de8080f820b444d0ae36bc72e3c6647e_gl-1231.jpg,de8080f820b444d0ae36bc72e3c6647e,~/ml4img/f4dficimg/dif_MRItumor/gl-1231.jpg,3,"[""dtr004"", ""dtr005"", ""dtr006""]"
16,5706,gl-1232.jpg,"[102, 105]",102,static/img/db2e4a694dba4a4c8dce045a5c0a72cf_gl-1232.jpg,db2e4a694dba4a4c8dce045a5c0a72cf,~/ml4img/f4dficimg/dif_MRItumor/gl-1232.jpg,2,"[""dtr005"", ""dtr006""]"
16,5707,gl-1235.jpg,"[102, 103]",102,static/img/8b74831fb1b542b48bf1e7f7f2752726_gl-1235.jpg,8b74831fb1b542b48bf1e7f7f2752726,~/ml4img/f4dficimg/dif_MRItumor/gl-1235.jpg,2,"[""dtr005"", ""dtr006""]"
16,5708,gl-1237.jpg,[102],102,static/img/3e57cef672c84518a91da5374bfb6010_gl-1237.jpg,3e57cef672c84518a91da5374bfb6010,~/ml4img/f4dficimg/dif_MRItumor/gl-1237.jpg,2,"[""dtr005"", ""dtr006""]"
16,5709,gl-1245.jpg,[102],102,static/img/7fdac034a73e4edd8ca056bcf6eea65d_gl-1245.jpg,7fdac034a73e4edd8ca056bcf6eea65d,~/ml4img/f4dficimg/dif_MRItumor/gl-1245.jpg,2,"[""dtr005"", ""dtr006""]"
16,5710,gl-1247.jpg,"[102, 105]",105,static/img/7d3d15c035ae4de3b55890591ef31367_gl-1247.jpg,7d3d15c035ae4de3b55890591ef31367,~/ml4img/f4dficimg/dif_MRItumor/gl-1247.jpg,2,"[""dtr005"", ""dtr006""]"
16,5711,gl-1251.jpg,"[102, 105]",105,static/img/7ed67f17de1847379d8d934b524bfe62_gl-1251.jpg,7ed67f17de1847379d8d934b524bfe62,~/ml4img/f4dficimg/dif_MRItumor/gl-1251.jpg,3,"[""dtr004"", ""dtr005"", ""dtr006""]"
16,5712,gl-1261.jpg,[102],102,static/img/a21bb9d6b10f436e925ab5691060b40f_gl-1261.jpg,a21bb9d6b10f436e925ab5691060b40f,~/ml4img/f4dficimg/dif_MRItumor/gl-1261.jpg,2,"[""dtr005"", ""dtr006""]"
16,5713,gl-1268.jpg,[102],102,static/img/732334ddfce44c5696ed49157fbf8857_gl-1268.jpg,732334ddfce44c5696ed49157fbf8857,~/ml4img/f4dficimg/dif_MRItumor/gl-1268.jpg,2,"[""dtr005"", ""dtr006""]"
16,5714,gl-1269.jpg,"[103, 105]",103,static/img/d0fceaf4f02949b78fc2bc8d6ce294be_gl-1269.jpg,d0fceaf4f02949b78fc2bc8d6ce294be,~/ml4img/f4dficimg/dif_MRItumor/gl-1269.jpg,2,"[""dtr005"", ""dtr006""]"
16,5715,gl-1271.jpg,"[102, 103]",103,static/img/32464dec3523436c91a9bf9ea988316b_gl-1271.jpg,32464dec3523436c91a9bf9ea988316b,~/ml4img/f4dficimg/dif_MRItumor/gl-1271.jpg,3,"[""dtr004"", ""dtr005"", ""dtr006""]"
16,5716,gl-1281.jpg,[102],102,static/img/640dce3bc55b462a9c5a7c73441fa59f_gl-1281.jpg,640dce3bc55b462a9c5a7c73441fa59f,~/ml4img/f4dficimg/dif_MRItumor/gl-1281.jpg,2,"[""dtr005"", ""dtr006""]"
16,5717,gl-1285.jpg,[105],105,static/img/b8c91c7471ad48cf9175f2f00663b8eb_gl-1285.jpg,b8c91c7471ad48cf9175f2f00663b8eb,~/ml4img/f4dficimg/dif_MRItumor/gl-1285.jpg,2,"[""dtr005"", ""dtr006""]"
16,5718,gl-1286.jpg,[102],102,static/img/29325ecd0a334cf7913101be56bcb0e3_gl-1286.jpg,29325ecd0a334cf7913101be56bcb0e3,~/ml4img/f4dficimg/dif_MRItumor/gl-1286.jpg,2,"[""dtr005"", ""dtr006""]"
16,5719,gl-1290.jpg,"[102, 105]",102,static/img/7366c36a7e2c4c28956cf4ccf3c166d2_gl-1290.jpg,7366c36a7e2c4c28956cf4ccf3c166d2,~/ml4img/f4dficimg/dif_MRItumor/gl-1290.jpg,2,"[""dtr005"", ""dtr006""]"
16,5720,gl-1293.jpg,[102],102,static/img/e975e31975be453da578a1feadd6d5b9_gl-1293.jpg,e975e31975be453da578a1feadd6d5b9,~/ml4img/f4dficimg/dif_MRItumor/gl-1293.jpg,2,"[""dtr005"", ""dtr006""]"
16,5721,gl-1302.jpg,"[104, 105]",105,static/img/38019948fcf043a6999027522dbeecb9_gl-1302.jpg,38019948fcf043a6999027522dbeecb9,~/ml4img/f4dficimg/dif_MRItumor/gl-1302.jpg,3,"[""dtr004"", ""dtr005"", ""dtr006""]"
16,5722,gl-1303.jpg,[105],105,static/img/ca312c04af8a4e699c8476417242cf3a_gl-1303.jpg,ca312c04af8a4e699c8476417242cf3a,~/ml4img/f4dficimg/dif_MRItumor/gl-1303.jpg,2,"[""dtr005"", ""dtr006""]"
16,5723,gl-1309.jpg,[102],102,static/img/bec0558ce7c743acbd540f0695afbe2b_gl-1309.jpg,bec0558ce7c743acbd540f0695afbe2b,~/ml4img/f4dficimg/dif_MRItumor/gl-1309.jpg,2,"[""dtr005"", ""dtr006""]"
16,5724,gl-1310.jpg,[102],102,static/img/c7efc125e2734de1a4f601c02ec1debc_gl-1310.jpg,c7efc125e2734de1a4f601c02ec1debc,~/ml4img/f4dficimg/dif_MRItumor/gl-1310.jpg,2,"[""dtr005"", ""dtr006""]"
16,5725,gl-1313.jpg,[102],102,static/img/f3a0842a498744068c3a4940575b041a_gl-1313.jpg,f3a0842a498744068c3a4940575b041a,~/ml4img/f4dficimg/dif_MRItumor/gl-1313.jpg,2,"[""dtr005"", ""dtr006""]"
16,5726,gl-1314.jpg,[102],102,static/img/233899ac8c0a421d9f1a6c8114cd30ce_gl-1314.jpg,233899ac8c0a421d9f1a6c8114cd30ce,~/ml4img/f4dficimg/dif_MRItumor/gl-1314.jpg,2,"[""dtr005"", ""dtr006""]"
16,5727,gl-1324.jpg,[102],102,static/img/5e12a9f696b3434198bba5b2fa71f530_gl-1324.jpg,5e12a9f696b3434198bba5b2fa71f530,~/ml4img/f4dficimg/dif_MRItumor/gl-1324.jpg,2,"[""dtr005"", ""dtr006""]"
16,5728,gl-1325.jpg,[102],102,static/img/0009003dc68541bcbc98dc75abf9b57f_gl-1325.jpg,0009003dc68541bcbc98dc75abf9b57f,~/ml4img/f4dficimg/dif_MRItumor/gl-1325.jpg,2,"[""dtr005"", ""dtr006""]"
16,5729,gl-1328.jpg,[102],102,static/img/b4bd6b23ae914ec5bad1839eda63fce8_gl-1328.jpg,b4bd6b23ae914ec5bad1839eda63fce8,~/ml4img/f4dficimg/dif_MRItumor/gl-1328.jpg,2,"[""dtr005"", ""dtr006""]"
16,5730,gl-1330.jpg,[105],105,static/img/0de9141f531d43e89627c9a8bdae4295_gl-1330.jpg,0de9141f531d43e89627c9a8bdae4295,~/ml4img/f4dficimg/dif_MRItumor/gl-1330.jpg,2,"[""dtr005"", ""dtr006""]"
16,5731,gl-1334.jpg,[102],102,static/img/bee8229ca2b04771bb80487e78c5909d_gl-1334.jpg,bee8229ca2b04771bb80487e78c5909d,~/ml4img/f4dficimg/dif_MRItumor/gl-1334.jpg,2,"[""dtr005"", ""dtr006""]"
16,5732,gl-1336.jpg,[102],102,static/img/adb9d1b453264450b8c3d4eb7cc09ce7_gl-1336.jpg,adb9d1b453264450b8c3d4eb7cc09ce7,~/ml4img/f4dficimg/dif_MRItumor/gl-1336.jpg,2,"[""dtr005"", ""dtr006""]"
16,5733,gl-1339.jpg,[102],102,static/img/ede1dd850abb4c6c9dd1625299dd8c44_gl-1339.jpg,ede1dd850abb4c6c9dd1625299dd8c44,~/ml4img/f4dficimg/dif_MRItumor/gl-1339.jpg,3,"[""dtr004"", ""dtr005"", ""dtr006""]"
16,5734,gl-1340.jpg,"[103, 104]",103,static/img/be5665c53548451ea975cfdb756e65ab_gl-1340.jpg,be5665c53548451ea975cfdb756e65ab,~/ml4img/f4dficimg/dif_MRItumor/gl-1340.jpg,2,"[""dtr005"", ""dtr006""]"
16,5735,gl-1342.jpg,[102],102,static/img/48c7657a8748432d91eefae151ea5086_gl-1342.jpg,48c7657a8748432d91eefae151ea5086,~/ml4img/f4dficimg/dif_MRItumor/gl-1342.jpg,2,"[""dtr005"", ""dtr006""]"
16,5736,gl-1345.jpg,[102],102,static/img/69de2d948a7c46f18b937137e03010c0_gl-1345.jpg,69de2d948a7c46f18b937137e03010c0,~/ml4img/f4dficimg/dif_MRItumor/gl-1345.jpg,2,"[""dtr005"", ""dtr006""]"
16,5737,gl-1348.jpg,[102],102,static/img/68dc0cc4992c4409b2b3dee5aa4feb4d_gl-1348.jpg,68dc0cc4992c4409b2b3dee5aa4feb4d,~/ml4img/f4dficimg/dif_MRItumor/gl-1348.jpg,2,"[""dtr005"", ""dtr006""]"
16,5738,gl-1354.jpg,[102],102,static/img/b30eb0b86d404d078d65265124e854d8_gl-1354.jpg,b30eb0b86d404d078d65265124e854d8,~/ml4img/f4dficimg/dif_MRItumor/gl-1354.jpg,2,"[""dtr005"", ""dtr006""]"
16,5739,gl-1355.jpg,[102],102,static/img/20f13d6a059c49bc8ddcf89477788d5f_gl-1355.jpg,20f13d6a059c49bc8ddcf89477788d5f,~/ml4img/f4dficimg/dif_MRItumor/gl-1355.jpg,2,"[""dtr005"", ""dtr006""]"
16,5740,gl-1359.jpg,[102],102,static/img/bd833409321f459ba23a0e420356f7dd_gl-1359.jpg,bd833409321f459ba23a0e420356f7dd,~/ml4img/f4dficimg/dif_MRItumor/gl-1359.jpg,2,"[""dtr005"", ""dtr006""]"
16,5741,gl-1361.jpg,[105],105,static/img/58bf6deb2b21469daba054a62b827867_gl-1361.jpg,58bf6deb2b21469daba054a62b827867,~/ml4img/f4dficimg/dif_MRItumor/gl-1361.jpg,2,"[""dtr005"", ""dtr006""]"
16,5742,gl-1363.jpg,[102],102,static/img/1aa1d8c8fdc046c38251e11456dd344c_gl-1363.jpg,1aa1d8c8fdc046c38251e11456dd344c,~/ml4img/f4dficimg/dif_MRItumor/gl-1363.jpg,2,"[""dtr005"", ""dtr006""]"
16,5743,gl-1371.jpg,[102],102,static/img/b801952e874a40158d2d4e85bfb44e10_gl-1371.jpg,b801952e874a40158d2d4e85bfb44e10,~/ml4img/f4dficimg/dif_MRItumor/gl-1371.jpg,2,"[""dtr005"", ""dtr006""]"
16,5744,gl-1373.jpg,[102],102,static/img/f178b8cd89024fa89c6728e997af2bd2_gl-1373.jpg,f178b8cd89024fa89c6728e997af2bd2,~/ml4img/f4dficimg/dif_MRItumor/gl-1373.jpg,2,"[""dtr005"", ""dtr006""]"
16,5745,gl-1375.jpg,[102],102,static/img/b581209532fb4c409cfb1f2e676480a1_gl-1375.jpg,b581209532fb4c409cfb1f2e676480a1,~/ml4img/f4dficimg/dif_MRItumor/gl-1375.jpg,2,"[""dtr005"", ""dtr006""]"
16,5746,gl-1377.jpg,[102],102,static/img/50fb786824e24893b3a2864679117139_gl-1377.jpg,50fb786824e24893b3a2864679117139,~/ml4img/f4dficimg/dif_MRItumor/gl-1377.jpg,2,"[""dtr005"", ""dtr006""]"
16,5747,gl-1378.jpg,[103],103,static/img/d20c03a9de5441788d7f011f36503276_gl-1378.jpg,d20c03a9de5441788d7f011f36503276,~/ml4img/f4dficimg/dif_MRItumor/gl-1378.jpg,2,"[""dtr005"", ""dtr006""]"
16,5748,gl-1385.jpg,[102],102,static/img/a987efbb1b524b6cb9d53b949cc7249c_gl-1385.jpg,a987efbb1b524b6cb9d53b949cc7249c,~/ml4img/f4dficimg/dif_MRItumor/gl-1385.jpg,2,"[""dtr005"", ""dtr006""]"
16,5749,gl-1389.jpg,"[102, 105]",102,static/img/5cdfe0258c554e2db3226e62614411a3_gl-1389.jpg,5cdfe0258c554e2db3226e62614411a3,~/ml4img/f4dficimg/dif_MRItumor/gl-1389.jpg,2,"[""dtr005"", ""dtr006""]"
16,5750,gl-1390.jpg,[102],102,static/img/229e77aa73484bfeb0b4f3f4eb2802ca_gl-1390.jpg,229e77aa73484bfeb0b4f3f4eb2802ca,~/ml4img/f4dficimg/dif_MRItumor/gl-1390.jpg,2,"[""dtr005"", ""dtr006""]"
16,5751,gl-1393.jpg,[102],102,static/img/29b52aac5da1415f8440ba67ddfec9e9_gl-1393.jpg,29b52aac5da1415f8440ba67ddfec9e9,~/ml4img/f4dficimg/dif_MRItumor/gl-1393.jpg,2,"[""dtr005"", ""dtr006""]"
16,5752,gl-1394.jpg,"[102, 103]",102,static/img/442b46eea00944de90c520cfca616428_gl-1394.jpg,442b46eea00944de90c520cfca616428,~/ml4img/f4dficimg/dif_MRItumor/gl-1394.jpg,2,"[""dtr005"", ""dtr006""]"
16,5753,gl-1396.jpg,[102],102,static/img/a50d5640443f4687be3e6b02bdd0216d_gl-1396.jpg,a50d5640443f4687be3e6b02bdd0216d,~/ml4img/f4dficimg/dif_MRItumor/gl-1396.jpg,2,"[""dtr005"", ""dtr006""]"
16,5754,gl-1401.jpg,[102],102,static/img/1fdd8c3be67f45bd8ef9493ed69da14b_gl-1401.jpg,1fdd8c3be67f45bd8ef9493ed69da14b,~/ml4img/f4dficimg/dif_MRItumor/gl-1401.jpg,2,"[""dtr005"", ""dtr006""]"
16,5755,gl-1406.jpg,[102],102,static/img/78cd98b3f5004356bcccfc1f826288e4_gl-1406.jpg,78cd98b3f5004356bcccfc1f826288e4,~/ml4img/f4dficimg/dif_MRItumor/gl-1406.jpg,2,"[""dtr005"", ""dtr006""]"
16,5756,gl-1412.jpg,[102],102,static/img/c116ff5601384c89919eeb21a459f290_gl-1412.jpg,c116ff5601384c89919eeb21a459f290,~/ml4img/f4dficimg/dif_MRItumor/gl-1412.jpg,2,"[""dtr005"", ""dtr006""]"
16,5757,gl-1415.jpg,[102],102,static/img/4cf4fb9c545f4ea390aec10a7de617fc_gl-1415.jpg,4cf4fb9c545f4ea390aec10a7de617fc,~/ml4img/f4dficimg/dif_MRItumor/gl-1415.jpg,3,"[""dtr004"", ""dtr005"", ""dtr006""]"
16,5758,gl-1417.jpg,[102],102,static/img/29b69cec9101402f86b55242357a9010_gl-1417.jpg,29b69cec9101402f86b55242357a9010,~/ml4img/f4dficimg/dif_MRItumor/gl-1417.jpg,2,"[""dtr005"", ""dtr006""]"
16,5759,gl-1422.jpg,[102],102,static/img/92b0511fc8a3400fab926ee6ac8a7f8f_gl-1422.jpg,92b0511fc8a3400fab926ee6ac8a7f8f,~/ml4img/f4dficimg/dif_MRItumor/gl-1422.jpg,2,"[""dtr005"", ""dtr006""]"
16,5760,gl-1423.jpg,"[102, 105]",105,static/img/731a2159bd3542749ba6f2b1f148e276_gl-1423.jpg,731a2159bd3542749ba6f2b1f148e276,~/ml4img/f4dficimg/dif_MRItumor/gl-1423.jpg,2,"[""dtr005"", ""dtr006""]"
16,5761,gl-1425.jpg,[102],102,static/img/ae965f7f54cb4c9d92cb4dbf221ee64f_gl-1425.jpg,ae965f7f54cb4c9d92cb4dbf221ee64f,~/ml4img/f4dficimg/dif_MRItumor/gl-1425.jpg,2,"[""dtr005"", ""dtr006""]"
16,5762,gl-1433.jpg,"[102, 103]",102,static/img/dd77afbb981f44938ada9802f312b029_gl-1433.jpg,dd77afbb981f44938ada9802f312b029,~/ml4img/f4dficimg/dif_MRItumor/gl-1433.jpg,2,"[""dtr005"", ""dtr006""]"
16,5763,gl-1438.jpg,[103],103,static/img/8b8dfbaf8e6048129a2412cd633cbd48_gl-1438.jpg,8b8dfbaf8e6048129a2412cd633cbd48,~/ml4img/f4dficimg/dif_MRItumor/gl-1438.jpg,2,"[""dtr005"", ""dtr006""]"
16,5764,gl-1439.jpg,"[103, 105]",105,static/img/b3924b53a36c4e3d94595d4a60e46dc0_gl-1439.jpg,b3924b53a36c4e3d94595d4a60e46dc0,~/ml4img/f4dficimg/dif_MRItumor/gl-1439.jpg,2,"[""dtr005"", ""dtr006""]"
16,5765,gl-1440.jpg,"[102, 105]",105,static/img/78e71530c23e4f5baf8a460168990aaa_gl-1440.jpg,78e71530c23e4f5baf8a460168990aaa,~/ml4img/f4dficimg/dif_MRItumor/gl-1440.jpg,2,"[""dtr005"", ""dtr006""]"
16,5766,gl-1452.jpg,"[102, 105]",102,static/img/7f8923b2df694b21b73e61cb6af585de_gl-1452.jpg,7f8923b2df694b21b73e61cb6af585de,~/ml4img/f4dficimg/dif_MRItumor/gl-1452.jpg,2,"[""dtr005"", ""dtr006""]"
16,5767,gl-1453.jpg,[102],102,static/img/ce95f60cfb244d99bde35bf49a049fbe_gl-1453.jpg,ce95f60cfb244d99bde35bf49a049fbe,~/ml4img/f4dficimg/dif_MRItumor/gl-1453.jpg,2,"[""dtr005"", ""dtr006""]"
16,5768,gl-1455.jpg,"[102, 104]",104,static/img/2e3dd9f1c76d4624b5bd45c923ab5dd5_gl-1455.jpg,2e3dd9f1c76d4624b5bd45c923ab5dd5,~/ml4img/f4dficimg/dif_MRItumor/gl-1455.jpg,3,"[""dtr004"", ""dtr005"", ""dtr006""]"
16,5769,gl-1459.jpg,"[102, 103]",103,static/img/d0a76c904e5c464d9ae8d3b3f581fdee_gl-1459.jpg,d0a76c904e5c464d9ae8d3b3f581fdee,~/ml4img/f4dficimg/dif_MRItumor/gl-1459.jpg,2,"[""dtr005"", ""dtr006""]"
16,5770,gl-1460.jpg,[102],102,static/img/cac6f0a49ce34f459dcdb1124cd99055_gl-1460.jpg,cac6f0a49ce34f459dcdb1124cd99055,~/ml4img/f4dficimg/dif_MRItumor/gl-1460.jpg,2,"[""dtr005"", ""dtr006""]"
16,5771,gl-1461.jpg,"[102, 103, 105]",105,static/img/c426890d38f84c8284ae13c73e0457be_gl-1461.jpg,c426890d38f84c8284ae13c73e0457be,~/ml4img/f4dficimg/dif_MRItumor/gl-1461.jpg,3,"[""dtr004"", ""dtr005"", ""dtr006""]"
16,5772,gl-1465.jpg,"[103, 105]",105,static/img/abc9f715d4624349ad01582a9b12fea7_gl-1465.jpg,abc9f715d4624349ad01582a9b12fea7,~/ml4img/f4dficimg/dif_MRItumor/gl-1465.jpg,3,"[""dtr004"", ""dtr005"", ""dtr006""]"
16,5773,gl-1471.jpg,[102],102,static/img/4f3247b7ce3243a2a02972c45496f3c7_gl-1471.jpg,4f3247b7ce3243a2a02972c45496f3c7,~/ml4img/f4dficimg/dif_MRItumor/gl-1471.jpg,2,"[""dtr005"", ""dtr006""]"
16,5774,gl-1473.jpg,[102],102,static/img/e60591085a8448ecbe83f3db1e42b7d8_gl-1473.jpg,e60591085a8448ecbe83f3db1e42b7d8,~/ml4img/f4dficimg/dif_MRItumor/gl-1473.jpg,2,"[""dtr005"", ""dtr006""]"
16,5775,gl-1475.jpg,[102],102,static/img/cc54c0bfab5c4c7b8904bb56ce1fb8cb_gl-1475.jpg,cc54c0bfab5c4c7b8904bb56ce1fb8cb,~/ml4img/f4dficimg/dif_MRItumor/gl-1475.jpg,2,"[""dtr005"", ""dtr006""]"
16,5776,gl-1476.jpg,[102],102,static/img/aac97f13b4fb4faebf693f6b9c96f6b9_gl-1476.jpg,aac97f13b4fb4faebf693f6b9c96f6b9,~/ml4img/f4dficimg/dif_MRItumor/gl-1476.jpg,2,"[""dtr005"", ""dtr006""]"
16,5777,gl-1480.jpg,[102],102,static/img/af42fb7daad249dc9bac8242fae82431_gl-1480.jpg,af42fb7daad249dc9bac8242fae82431,~/ml4img/f4dficimg/dif_MRItumor/gl-1480.jpg,2,"[""dtr005"", ""dtr006""]"
16,5778,gl-1482.jpg,[105],105,static/img/60c6c187b56d459ea01ed223e67f344e_gl-1482.jpg,60c6c187b56d459ea01ed223e67f344e,~/ml4img/f4dficimg/dif_MRItumor/gl-1482.jpg,2,"[""dtr005"", ""dtr006""]"
16,5779,gl-1487.jpg,[102],102,static/img/beb841323e1e46aa940a55ed961576db_gl-1487.jpg,beb841323e1e46aa940a55ed961576db,~/ml4img/f4dficimg/dif_MRItumor/gl-1487.jpg,2,"[""dtr005"", ""dtr006""]"
16,5780,gl-1489.jpg,[102],102,static/img/f690c78225fb4ee2aa54eb0daffbf8bd_gl-1489.jpg,f690c78225fb4ee2aa54eb0daffbf8bd,~/ml4img/f4dficimg/dif_MRItumor/gl-1489.jpg,2,"[""dtr005"", ""dtr006""]"
16,5781,gl-1491.jpg,"[102, 105]",102,static/img/ef6abb9540574ce2b033a4f9237eede3_gl-1491.jpg,ef6abb9540574ce2b033a4f9237eede3,~/ml4img/f4dficimg/dif_MRItumor/gl-1491.jpg,2,"[""dtr005"", ""dtr006""]"
16,5782,gl-1492.jpg,[102],102,static/img/a01f5baf78d140fcaa7570780eb834af_gl-1492.jpg,a01f5baf78d140fcaa7570780eb834af,~/ml4img/f4dficimg/dif_MRItumor/gl-1492.jpg,2,"[""dtr005"", ""dtr006""]"
16,5783,gl-1496.jpg,[102],102,static/img/f94ec99fca0d4116a450010e2650b869_gl-1496.jpg,f94ec99fca0d4116a450010e2650b869,~/ml4img/f4dficimg/dif_MRItumor/gl-1496.jpg,2,"[""dtr005"", ""dtr006""]"
16,5784,gl-1501.jpg,[102],102,static/img/bb3d2461d010499191ac3881ff20e040_gl-1501.jpg,bb3d2461d010499191ac3881ff20e040,~/ml4img/f4dficimg/dif_MRItumor/gl-1501.jpg,2,"[""dtr005"", ""dtr006""]"
16,5785,gl-1503.jpg,"[102, 103]",103,static/img/3f99570ce75d4d959a08d95d0712b6ff_gl-1503.jpg,3f99570ce75d4d959a08d95d0712b6ff,~/ml4img/f4dficimg/dif_MRItumor/gl-1503.jpg,2,"[""dtr005"", ""dtr006""]"
16,5786,gl-1511.jpg,[102],102,static/img/0e367814a6df45deb8cc35633d51ad7a_gl-1511.jpg,0e367814a6df45deb8cc35633d51ad7a,~/ml4img/f4dficimg/dif_MRItumor/gl-1511.jpg,2,"[""dtr005"", ""dtr006""]"
16,5787,gl-1513.jpg,[102],102,static/img/b7df0952270c4e3782a71e0ccde3ee80_gl-1513.jpg,b7df0952270c4e3782a71e0ccde3ee80,~/ml4img/f4dficimg/dif_MRItumor/gl-1513.jpg,2,"[""dtr005"", ""dtr006""]"
16,5788,gl-1514.jpg,"[102, 105]",102,static/img/11a74fc15fd64c52aa7b51d4bfd3d1d5_gl-1514.jpg,11a74fc15fd64c52aa7b51d4bfd3d1d5,~/ml4img/f4dficimg/dif_MRItumor/gl-1514.jpg,2,"[""dtr005"", ""dtr006""]"
16,5789,gl-1515.jpg,[102],102,static/img/0b5c36cc1e43491096a2360beb11675f_gl-1515.jpg,0b5c36cc1e43491096a2360beb11675f,~/ml4img/f4dficimg/dif_MRItumor/gl-1515.jpg,2,"[""dtr005"", ""dtr006""]"
16,5790,gl-1526.jpg,"[102, 105]",102,static/img/ace6c1df05ff40ffafb7c9aaf3e571f3_gl-1526.jpg,ace6c1df05ff40ffafb7c9aaf3e571f3,~/ml4img/f4dficimg/dif_MRItumor/gl-1526.jpg,2,"[""dtr005"", ""dtr006""]"
16,5791,gl-1529.jpg,[102],102,static/img/a5bb05b4a85b4da6b57b15481c447db3_gl-1529.jpg,a5bb05b4a85b4da6b57b15481c447db3,~/ml4img/f4dficimg/dif_MRItumor/gl-1529.jpg,2,"[""dtr005"", ""dtr006""]"
16,5792,gl-1539.jpg,[102],102,static/img/4e3638f29eef483d93dc7ed9fe231d6a_gl-1539.jpg,4e3638f29eef483d93dc7ed9fe231d6a,~/ml4img/f4dficimg/dif_MRItumor/gl-1539.jpg,2,"[""dtr005"", ""dtr006""]"
16,5793,gl-1546.jpg,"[102, 104]",102,static/img/41bc36b6f8ae4524a40f9e77417f465f_gl-1546.jpg,41bc36b6f8ae4524a40f9e77417f465f,~/ml4img/f4dficimg/dif_MRItumor/gl-1546.jpg,3,"[""dtr004"", ""dtr005"", ""dtr006""]"
16,5794,gl-1548.jpg,[102],102,static/img/c933227fb2cc4df19cc41bab95819624_gl-1548.jpg,c933227fb2cc4df19cc41bab95819624,~/ml4img/f4dficimg/dif_MRItumor/gl-1548.jpg,3,"[""dtr004"", ""dtr005"", ""dtr006""]"
16,5795,gl-1554.jpg,"[103, 105]",105,static/img/50547b47c8114c9e94cf3ff3bc3c4f06_gl-1554.jpg,50547b47c8114c9e94cf3ff3bc3c4f06,~/ml4img/f4dficimg/dif_MRItumor/gl-1554.jpg,2,"[""dtr005"", ""dtr006""]"
16,5796,gl-1555.jpg,[102],102,static/img/c26d23c14c9b491b8773324ef6e0e9dd_gl-1555.jpg,c26d23c14c9b491b8773324ef6e0e9dd,~/ml4img/f4dficimg/dif_MRItumor/gl-1555.jpg,2,"[""dtr005"", ""dtr006""]"
16,5797,gl-1557.jpg,[102],102,static/img/5c6e1104455b424f9e616557baa3b7e9_gl-1557.jpg,5c6e1104455b424f9e616557baa3b7e9,~/ml4img/f4dficimg/dif_MRItumor/gl-1557.jpg,2,"[""dtr005"", ""dtr006""]"
16,5798,gl-1558.jpg,[105],105,static/img/951dd91bb3fa4da69532765669a198ba_gl-1558.jpg,951dd91bb3fa4da69532765669a198ba,~/ml4img/f4dficimg/dif_MRItumor/gl-1558.jpg,2,"[""dtr005"", ""dtr006""]"
16,5799,gl-1563.jpg,[102],102,static/img/13e1b4c2ba2c4634ba2e55fd23784240_gl-1563.jpg,13e1b4c2ba2c4634ba2e55fd23784240,~/ml4img/f4dficimg/dif_MRItumor/gl-1563.jpg,2,"[""dtr005"", ""dtr006""]"
16,5800,gl-1564.jpg,[102],102,static/img/45e51f55bfad4ba59493208795c2bf77_gl-1564.jpg,45e51f55bfad4ba59493208795c2bf77,~/ml4img/f4dficimg/dif_MRItumor/gl-1564.jpg,2,"[""dtr005"", ""dtr006""]"
16,5801,gl-1566.jpg,[102],102,static/img/fd5de1f7b8f345588c8340bebf7cbc3b_gl-1566.jpg,fd5de1f7b8f345588c8340bebf7cbc3b,~/ml4img/f4dficimg/dif_MRItumor/gl-1566.jpg,2,"[""dtr005"", ""dtr006""]"
16,5802,gl-1567.jpg,[102],102,static/img/852d9e079606428da7601b98dc762637_gl-1567.jpg,852d9e079606428da7601b98dc762637,~/ml4img/f4dficimg/dif_MRItumor/gl-1567.jpg,2,"[""dtr005"", ""dtr006""]"
16,5803,gl-1568.jpg,[103],103,static/img/b92acf9778d5431e9d77c02b55129975_gl-1568.jpg,b92acf9778d5431e9d77c02b55129975,~/ml4img/f4dficimg/dif_MRItumor/gl-1568.jpg,2,"[""dtr005"", ""dtr006""]"
16,5804,gl-1570.jpg,"[104, 105]",105,static/img/514be19d2d744298b8601001b5659731_gl-1570.jpg,514be19d2d744298b8601001b5659731,~/ml4img/f4dficimg/dif_MRItumor/gl-1570.jpg,2,"[""dtr005"", ""dtr006""]"
16,5805,gl-1573.jpg,[102],102,static/img/5c65cdc459474fe39c70860095a6452f_gl-1573.jpg,5c65cdc459474fe39c70860095a6452f,~/ml4img/f4dficimg/dif_MRItumor/gl-1573.jpg,2,"[""dtr005"", ""dtr006""]"
16,5806,gl-1580.jpg,[102],102,static/img/de13f075f50048c2bf58fbec108707f2_gl-1580.jpg,de13f075f50048c2bf58fbec108707f2,~/ml4img/f4dficimg/dif_MRItumor/gl-1580.jpg,2,"[""dtr005"", ""dtr006""]"
16,5807,gl-1582.jpg,[102],102,static/img/eadff59fd3774be69785067895df10b1_gl-1582.jpg,eadff59fd3774be69785067895df10b1,~/ml4img/f4dficimg/dif_MRItumor/gl-1582.jpg,2,"[""dtr005"", ""dtr006""]"
16,5808,gl-1583.jpg,[102],102,static/img/7b66c3874f0c427aa8d2467d6818f0bc_gl-1583.jpg,7b66c3874f0c427aa8d2467d6818f0bc,~/ml4img/f4dficimg/dif_MRItumor/gl-1583.jpg,2,"[""dtr005"", ""dtr006""]"
16,5809,gl-1587.jpg,"[104, 105]",105,static/img/f08d6f33dd7945a58644a259d6799238_gl-1587.jpg,f08d6f33dd7945a58644a259d6799238,~/ml4img/f4dficimg/dif_MRItumor/gl-1587.jpg,2,"[""dtr005"", ""dtr006""]"
16,5810,gl-1590.jpg,"[102, 103]",102,static/img/2977b0f84ec54d1ebc5eea4fd22e9362_gl-1590.jpg,2977b0f84ec54d1ebc5eea4fd22e9362,~/ml4img/f4dficimg/dif_MRItumor/gl-1590.jpg,2,"[""dtr005"", ""dtr006""]"
16,5811,gl-1594.jpg,"[102, 105]",105,static/img/c85ea7dc8c73428d8588dabef00b30a6_gl-1594.jpg,c85ea7dc8c73428d8588dabef00b30a6,~/ml4img/f4dficimg/dif_MRItumor/gl-1594.jpg,2,"[""dtr005"", ""dtr006""]"
16,5812,gl-1597.jpg,"[102, 105]",102,static/img/ad620b2195ba4596a74385b3571ce6c2_gl-1597.jpg,ad620b2195ba4596a74385b3571ce6c2,~/ml4img/f4dficimg/dif_MRItumor/gl-1597.jpg,2,"[""dtr005"", ""dtr006""]"
16,5813,gl-1598.jpg,[102],102,static/img/4d499f7fb0644a34b1ce0c412b1ecd41_gl-1598.jpg,4d499f7fb0644a34b1ce0c412b1ecd41,~/ml4img/f4dficimg/dif_MRItumor/gl-1598.jpg,2,"[""dtr005"", ""dtr006""]"
16,5814,gl-1599.jpg,[102],102,static/img/3b00601a2a21413694c5287fa10c3a91_gl-1599.jpg,3b00601a2a21413694c5287fa10c3a91,~/ml4img/f4dficimg/dif_MRItumor/gl-1599.jpg,2,"[""dtr005"", ""dtr006""]"
16,5815,gl-1600.jpg,[102],102,static/img/03cc792526a04df493777fdda851eab6_gl-1600.jpg,03cc792526a04df493777fdda851eab6,~/ml4img/f4dficimg/dif_MRItumor/gl-1600.jpg,2,"[""dtr005"", ""dtr006""]"
16,5816,gl-1603.jpg,[102],102,static/img/d419de223fbe4e5c8ca6310053d0778d_gl-1603.jpg,d419de223fbe4e5c8ca6310053d0778d,~/ml4img/f4dficimg/dif_MRItumor/gl-1603.jpg,2,"[""dtr005"", ""dtr006""]"
16,5817,gl-1611.jpg,[102],102,static/img/94e516a2e01a447c99c64f9da15ae7c9_gl-1611.jpg,94e516a2e01a447c99c64f9da15ae7c9,~/ml4img/f4dficimg/dif_MRItumor/gl-1611.jpg,2,"[""dtr005"", ""dtr006""]"
16,5818,gl-1613.jpg,[102],102,static/img/6c1c5ced9c784be485249c9d470eea32_gl-1613.jpg,6c1c5ced9c784be485249c9d470eea32,~/ml4img/f4dficimg/dif_MRItumor/gl-1613.jpg,2,"[""dtr005"", ""dtr006""]"
16,5819,gl-1618.jpg,[102],102,static/img/2103baa950fc471d819a20181c152bd4_gl-1618.jpg,2103baa950fc471d819a20181c152bd4,~/ml4img/f4dficimg/dif_MRItumor/gl-1618.jpg,2,"[""dtr005"", ""dtr006""]"
16,5820,gl-1619.jpg,[102],102,static/img/d24a1ac5b45f43e79a87a42beadeda88_gl-1619.jpg,d24a1ac5b45f43e79a87a42beadeda88,~/ml4img/f4dficimg/dif_MRItumor/gl-1619.jpg,2,"[""dtr005"", ""dtr006""]"
16,5821,me-0001.jpg,[103],103,static/img/02273c48b62f46cf8f1c632318b6a236_me-0001.jpg,02273c48b62f46cf8f1c632318b6a236,~/ml4img/f4dficimg/dif_MRItumor/me-0001.jpg,2,"[""dtr005"", ""dtr006""]"
16,5822,me-0003.jpg,[103],103,static/img/824a9de671474b418c849e17f8707c80_me-0003.jpg,824a9de671474b418c849e17f8707c80,~/ml4img/f4dficimg/dif_MRItumor/me-0003.jpg,2,"[""dtr005"", ""dtr006""]"
16,5823,me-0009.jpg,[103],103,static/img/524d78d389b641f9b97a356a9d82fb3c_me-0009.jpg,524d78d389b641f9b97a356a9d82fb3c,~/ml4img/f4dficimg/dif_MRItumor/me-0009.jpg,2,"[""dtr005"", ""dtr006""]"
16,5824,me-0011.jpg,[103],103,static/img/7258520fb1c94997a818743a4ee3ee80_me-0011.jpg,7258520fb1c94997a818743a4ee3ee80,~/ml4img/f4dficimg/dif_MRItumor/me-0011.jpg,2,"[""dtr005"", ""dtr006""]"
16,5825,me-0013.jpg,[103],103,static/img/30c1b6e8ee484b8dae701230708eee25_me-0013.jpg,30c1b6e8ee484b8dae701230708eee25,~/ml4img/f4dficimg/dif_MRItumor/me-0013.jpg,2,"[""dtr005"", ""dtr006""]"
16,5826,me-0014.jpg,"[102, 103]",103,static/img/88ce602457764cc997a77a5100ba2a28_me-0014.jpg,88ce602457764cc997a77a5100ba2a28,~/ml4img/f4dficimg/dif_MRItumor/me-0014.jpg,2,"[""dtr005"", ""dtr006""]"
16,5827,me-0016.jpg,"[102, 103]",102,static/img/f5dd128ef00741adabc512f16448dbdd_me-0016.jpg,f5dd128ef00741adabc512f16448dbdd,~/ml4img/f4dficimg/dif_MRItumor/me-0016.jpg,2,"[""dtr005"", ""dtr006""]"
16,5828,me-0018.jpg,[104],104,static/img/a4e188be2bf44c75bf9d38375c0cbd3f_me-0018.jpg,a4e188be2bf44c75bf9d38375c0cbd3f,~/ml4img/f4dficimg/dif_MRItumor/me-0018.jpg,2,"[""dtr005"", ""dtr006""]"
16,5829,me-0022.jpg,[103],103,static/img/76835a9541a74c459a9861f0d32ec44a_me-0022.jpg,76835a9541a74c459a9861f0d32ec44a,~/ml4img/f4dficimg/dif_MRItumor/me-0022.jpg,2,"[""dtr005"", ""dtr006""]"
16,5830,me-0026.jpg,"[102, 103]",103,static/img/1f131091250140bfa8f3d99535ec9890_me-0026.jpg,1f131091250140bfa8f3d99535ec9890,~/ml4img/f4dficimg/dif_MRItumor/me-0026.jpg,2,"[""dtr005"", ""dtr006""]"
16,5831,me-0031.jpg,[103],103,static/img/79633331ffb446e3b1cb822e31461e2e_me-0031.jpg,79633331ffb446e3b1cb822e31461e2e,~/ml4img/f4dficimg/dif_MRItumor/me-0031.jpg,2,"[""dtr005"", ""dtr006""]"
16,5832,me-0040.jpg,[103],103,static/img/5c2e0d2667db4bcdabc25a3717067a22_me-0040.jpg,5c2e0d2667db4bcdabc25a3717067a22,~/ml4img/f4dficimg/dif_MRItumor/me-0040.jpg,2,"[""dtr005"", ""dtr006""]"
16,5833,me-0042.jpg,"[103, 104]",103,static/img/f85b7298550b4c808edb048792f76a26_me-0042.jpg,f85b7298550b4c808edb048792f76a26,~/ml4img/f4dficimg/dif_MRItumor/me-0042.jpg,3,"[""dtr004"", ""dtr005"", ""dtr006""]"
16,5834,me-0045.jpg,[102],102,static/img/7f64812029ac411092e637792c4f0a6f_me-0045.jpg,7f64812029ac411092e637792c4f0a6f,~/ml4img/f4dficimg/dif_MRItumor/me-0045.jpg,2,"[""dtr005"", ""dtr006""]"
16,5835,me-0046.jpg,"[102, 103]",102,static/img/3e9a6af14e164bdd9fce2cdbfefb28f7_me-0046.jpg,3e9a6af14e164bdd9fce2cdbfefb28f7,~/ml4img/f4dficimg/dif_MRItumor/me-0046.jpg,2,"[""dtr005"", ""dtr006""]"
16,5836,me-0049.jpg,[102],102,static/img/93233e4d8a20430c8a8a2f027c12ef93_me-0049.jpg,93233e4d8a20430c8a8a2f027c12ef93,~/ml4img/f4dficimg/dif_MRItumor/me-0049.jpg,2,"[""dtr005"", ""dtr006""]"
16,5837,me-0055.jpg,[103],103,static/img/6dc407c4db03418889a863c30538698f_me-0055.jpg,6dc407c4db03418889a863c30538698f,~/ml4img/f4dficimg/dif_MRItumor/me-0055.jpg,2,"[""dtr005"", ""dtr006""]"
16,5838,me-0057.jpg,"[102, 103, 104]",103,static/img/ca080837b3fe4d13b18c7153f93f4ed3_me-0057.jpg,ca080837b3fe4d13b18c7153f93f4ed3,~/ml4img/f4dficimg/dif_MRItumor/me-0057.jpg,3,"[""dtr004"", ""dtr005"", ""dtr006""]"
16,5839,me-0060.jpg,[104],104,static/img/04c6852a84774ae8b3dea25c832f1135_me-0060.jpg,04c6852a84774ae8b3dea25c832f1135,~/ml4img/f4dficimg/dif_MRItumor/me-0060.jpg,2,"[""dtr005"", ""dtr006""]"
16,5840,me-0063.jpg,[102],102,static/img/eb92ef5bc59b4023812a391f83823d1f_me-0063.jpg,eb92ef5bc59b4023812a391f83823d1f,~/ml4img/f4dficimg/dif_MRItumor/me-0063.jpg,3,"[""dtr004"", ""dtr005"", ""dtr006""]"
16,5841,me-0064.jpg,[103],103,static/img/df733f2589374203b215319e76c7c5a0_me-0064.jpg,df733f2589374203b215319e76c7c5a0,~/ml4img/f4dficimg/dif_MRItumor/me-0064.jpg,2,"[""dtr005"", ""dtr006""]"
16,5842,me-0066.jpg,[103],103,static/img/1c8b15d11d9f40c29be7c9d4723cc2e4_me-0066.jpg,1c8b15d11d9f40c29be7c9d4723cc2e4,~/ml4img/f4dficimg/dif_MRItumor/me-0066.jpg,2,"[""dtr005"", ""dtr006""]"
16,5843,me-0068.jpg,[103],103,static/img/08d3b99e2bfa49f086c0fcc6e28b523d_me-0068.jpg,08d3b99e2bfa49f086c0fcc6e28b523d,~/ml4img/f4dficimg/dif_MRItumor/me-0068.jpg,2,"[""dtr005"", ""dtr006""]"
16,5844,me-0072.jpg,"[102, 103]",103,static/img/65a16486f6af4270af17b32ae973d545_me-0072.jpg,65a16486f6af4270af17b32ae973d545,~/ml4img/f4dficimg/dif_MRItumor/me-0072.jpg,2,"[""dtr005"", ""dtr006""]"
16,5845,me-0074.jpg,"[103, 104]",103,static/img/2f1d5bd78f5e4a8fa3092676503b123f_me-0074.jpg,2f1d5bd78f5e4a8fa3092676503b123f,~/ml4img/f4dficimg/dif_MRItumor/me-0074.jpg,2,"[""dtr005"", ""dtr006""]"
16,5846,me-0086.jpg,[102],102,static/img/5710a329754a4c08927b4cee5ea1fecc_me-0086.jpg,5710a329754a4c08927b4cee5ea1fecc,~/ml4img/f4dficimg/dif_MRItumor/me-0086.jpg,2,"[""dtr005"", ""dtr006""]"
16,5847,me-0092.jpg,[102],102,static/img/b7098ca9d62d4bb2931c564e06befdf9_me-0092.jpg,b7098ca9d62d4bb2931c564e06befdf9,~/ml4img/f4dficimg/dif_MRItumor/me-0092.jpg,2,"[""dtr005"", ""dtr006""]"
16,5848,me-0096.jpg,[102],102,static/img/1a7da18a83384246934012aebd019512_me-0096.jpg,1a7da18a83384246934012aebd019512,~/ml4img/f4dficimg/dif_MRItumor/me-0096.jpg,2,"[""dtr005"", ""dtr006""]"
16,5849,me-0099.jpg,"[102, 103]",103,static/img/898ab206e84d47c1a9b314a5425ff3b8_me-0099.jpg,898ab206e84d47c1a9b314a5425ff3b8,~/ml4img/f4dficimg/dif_MRItumor/me-0099.jpg,3,"[""dtr004"", ""dtr005"", ""dtr006""]"
16,5850,me-0107.jpg,"[102, 103]",103,static/img/ce3bf360429948d6b8e6526d6dbac8fb_me-0107.jpg,ce3bf360429948d6b8e6526d6dbac8fb,~/ml4img/f4dficimg/dif_MRItumor/me-0107.jpg,2,"[""dtr005"", ""dtr006""]"
16,5851,me-0111.jpg,"[103, 104]",103,static/img/6ebdc96237264ab3965744b723b6b980_me-0111.jpg,6ebdc96237264ab3965744b723b6b980,~/ml4img/f4dficimg/dif_MRItumor/me-0111.jpg,2,"[""dtr005"", ""dtr006""]"
16,5852,me-0112.jpg,[103],103,static/img/d573f7bf218548bc831b1de6e6470345_me-0112.jpg,d573f7bf218548bc831b1de6e6470345,~/ml4img/f4dficimg/dif_MRItumor/me-0112.jpg,2,"[""dtr005"", ""dtr006""]"
16,5853,me-0114.jpg,[103],103,static/img/1bff1b7cb8184831bf10924b06dfe3d4_me-0114.jpg,1bff1b7cb8184831bf10924b06dfe3d4,~/ml4img/f4dficimg/dif_MRItumor/me-0114.jpg,2,"[""dtr005"", ""dtr006""]"
16,5854,me-0115.jpg,"[103, 104]",103,static/img/c0e3066fdc79492bbde63d92c857df8b_me-0115.jpg,c0e3066fdc79492bbde63d92c857df8b,~/ml4img/f4dficimg/dif_MRItumor/me-0115.jpg,2,"[""dtr005"", ""dtr006""]"
16,5855,me-0118.jpg,[102],102,static/img/6627211678574aa8986292e53f50a6bc_me-0118.jpg,6627211678574aa8986292e53f50a6bc,~/ml4img/f4dficimg/dif_MRItumor/me-0118.jpg,2,"[""dtr005"", ""dtr006""]"
16,5856,me-0125.jpg,[103],103,static/img/2d1c69b9fd994aab96b4b6d71224afb0_me-0125.jpg,2d1c69b9fd994aab96b4b6d71224afb0,~/ml4img/f4dficimg/dif_MRItumor/me-0125.jpg,2,"[""dtr005"", ""dtr006""]"
16,5857,me-0128.jpg,[104],104,static/img/d774fdc6c3dd4014bee10afa2254f738_me-0128.jpg,d774fdc6c3dd4014bee10afa2254f738,~/ml4img/f4dficimg/dif_MRItumor/me-0128.jpg,2,"[""dtr005"", ""dtr006""]"
16,5858,me-0132.jpg,"[102, 103, 105]",105,static/img/cc08b02289e1482b8808ceb10db54886_me-0132.jpg,cc08b02289e1482b8808ceb10db54886,~/ml4img/f4dficimg/dif_MRItumor/me-0132.jpg,3,"[""dtr004"", ""dtr005"", ""dtr006""]"
16,5859,me-0135.jpg,"[102, 103]",102,static/img/2597f040a8fc4f4abf157d1a46332f2f_me-0135.jpg,2597f040a8fc4f4abf157d1a46332f2f,~/ml4img/f4dficimg/dif_MRItumor/me-0135.jpg,3,"[""dtr004"", ""dtr005"", ""dtr006""]"
16,5860,me-0138.jpg,[103],103,static/img/c76c88bb0cb64ba1b915ba6f6b5b5e06_me-0138.jpg,c76c88bb0cb64ba1b915ba6f6b5b5e06,~/ml4img/f4dficimg/dif_MRItumor/me-0138.jpg,2,"[""dtr005"", ""dtr006""]"
16,5861,me-0139.jpg,[103],103,static/img/b99821eff0c24eecba206f33a675a262_me-0139.jpg,b99821eff0c24eecba206f33a675a262,~/ml4img/f4dficimg/dif_MRItumor/me-0139.jpg,2,"[""dtr005"", ""dtr006""]"
16,5862,me-0148.jpg,[103],103,static/img/dc2c70f3b5d3410b83593e8be0227106_me-0148.jpg,dc2c70f3b5d3410b83593e8be0227106,~/ml4img/f4dficimg/dif_MRItumor/me-0148.jpg,2,"[""dtr005"", ""dtr006""]"
16,5863,me-0149.jpg,[102],102,static/img/a67c6832c97d4b37931b4dcb737b31c2_me-0149.jpg,a67c6832c97d4b37931b4dcb737b31c2,~/ml4img/f4dficimg/dif_MRItumor/me-0149.jpg,2,"[""dtr005"", ""dtr006""]"
16,5864,me-0156.jpg,[103],103,static/img/831043bed88046f2b20cbd7f9473ed86_me-0156.jpg,831043bed88046f2b20cbd7f9473ed86,~/ml4img/f4dficimg/dif_MRItumor/me-0156.jpg,2,"[""dtr005"", ""dtr006""]"
16,5865,me-0160.jpg,[103],103,static/img/deae741eb325449a9ec60e816bffa9e3_me-0160.jpg,deae741eb325449a9ec60e816bffa9e3,~/ml4img/f4dficimg/dif_MRItumor/me-0160.jpg,2,"[""dtr005"", ""dtr006""]"
16,5866,me-0161.jpg,"[102, 104]",102,static/img/abd546f646cb41a88a92d671ced2d500_me-0161.jpg,abd546f646cb41a88a92d671ced2d500,~/ml4img/f4dficimg/dif_MRItumor/me-0161.jpg,2,"[""dtr005"", ""dtr006""]"
16,5867,me-0166.jpg,[103],103,static/img/e8c3f81f6e474e28a5ce2cfc13765e42_me-0166.jpg,e8c3f81f6e474e28a5ce2cfc13765e42,~/ml4img/f4dficimg/dif_MRItumor/me-0166.jpg,2,"[""dtr005"", ""dtr006""]"
16,5868,me-0167.jpg,[102],102,static/img/dda1346a36a7448581508339863bd6aa_me-0167.jpg,dda1346a36a7448581508339863bd6aa,~/ml4img/f4dficimg/dif_MRItumor/me-0167.jpg,2,"[""dtr005"", ""dtr006""]"
16,5869,me-0172.jpg,[103],103,static/img/1d088cfcae5e482dae78f18f52e9ef7a_me-0172.jpg,1d088cfcae5e482dae78f18f52e9ef7a,~/ml4img/f4dficimg/dif_MRItumor/me-0172.jpg,3,"[""dtr004"", ""dtr005"", ""dtr006""]"
16,5870,me-0176.jpg,[103],103,static/img/2c38739339a541b7a73bd28608e80ebc_me-0176.jpg,2c38739339a541b7a73bd28608e80ebc,~/ml4img/f4dficimg/dif_MRItumor/me-0176.jpg,3,"[""dtr004"", ""dtr005"", ""dtr006""]"
16,5871,me-0180.jpg,[103],103,static/img/80f1b58685c643888e8cc9bbd09cc929_me-0180.jpg,80f1b58685c643888e8cc9bbd09cc929,~/ml4img/f4dficimg/dif_MRItumor/me-0180.jpg,2,"[""dtr005"", ""dtr006""]"
16,5872,me-0185.jpg,"[103, 104]",103,static/img/a5716e63f571449ea94a6a0644b8d021_me-0185.jpg,a5716e63f571449ea94a6a0644b8d021,~/ml4img/f4dficimg/dif_MRItumor/me-0185.jpg,2,"[""dtr005"", ""dtr006""]"
16,5873,me-0187.jpg,[103],103,static/img/6957700c360946fe9495072df16e21bb_me-0187.jpg,6957700c360946fe9495072df16e21bb,~/ml4img/f4dficimg/dif_MRItumor/me-0187.jpg,2,"[""dtr005"", ""dtr006""]"
16,5874,me-0188.jpg,[102],102,static/img/5cd8a87038224384b1565c898969045f_me-0188.jpg,5cd8a87038224384b1565c898969045f,~/ml4img/f4dficimg/dif_MRItumor/me-0188.jpg,2,"[""dtr005"", ""dtr006""]"
16,5875,me-0196.jpg,[102],102,static/img/a1a5e97c975d49feb37a6f57814c37da_me-0196.jpg,a1a5e97c975d49feb37a6f57814c37da,~/ml4img/f4dficimg/dif_MRItumor/me-0196.jpg,2,"[""dtr005"", ""dtr006""]"
16,5876,me-0203.jpg,"[102, 103]",102,static/img/73624bbab6d7477b85bc7b1dd4b294b5_me-0203.jpg,73624bbab6d7477b85bc7b1dd4b294b5,~/ml4img/f4dficimg/dif_MRItumor/me-0203.jpg,2,"[""dtr005"", ""dtr006""]"
16,5877,me-0205.jpg,[103],103,static/img/8254f42f02d842909f47098e14fe61af_me-0205.jpg,8254f42f02d842909f47098e14fe61af,~/ml4img/f4dficimg/dif_MRItumor/me-0205.jpg,2,"[""dtr005"", ""dtr006""]"
16,5878,me-0209.jpg,[103],103,static/img/5ae742cd1778452291633b6277053174_me-0209.jpg,5ae742cd1778452291633b6277053174,~/ml4img/f4dficimg/dif_MRItumor/me-0209.jpg,2,"[""dtr005"", ""dtr006""]"
16,5879,me-0210.jpg,[103],103,static/img/4e4782418e8d422db06bafdddd6d5f4b_me-0210.jpg,4e4782418e8d422db06bafdddd6d5f4b,~/ml4img/f4dficimg/dif_MRItumor/me-0210.jpg,2,"[""dtr005"", ""dtr006""]"
16,5880,me-0216.jpg,[102],102,static/img/865cd21265dc42b484bf99a97e2fbb59_me-0216.jpg,865cd21265dc42b484bf99a97e2fbb59,~/ml4img/f4dficimg/dif_MRItumor/me-0216.jpg,2,"[""dtr005"", ""dtr006""]"
16,5881,me-0235.jpg,[102],102,static/img/010c4e4698c6423bb46433e27d785dc8_me-0235.jpg,010c4e4698c6423bb46433e27d785dc8,~/ml4img/f4dficimg/dif_MRItumor/me-0235.jpg,2,"[""dtr005"", ""dtr006""]"
16,5882,me-0237.jpg,"[102, 103]",102,static/img/6ee10dd02e9e4df29c2a737831f1521c_me-0237.jpg,6ee10dd02e9e4df29c2a737831f1521c,~/ml4img/f4dficimg/dif_MRItumor/me-0237.jpg,3,"[""dtr004"", ""dtr005"", ""dtr006""]"
16,5883,me-0238.jpg,[103],103,static/img/a0e46674a3114d9593d4be851e882cce_me-0238.jpg,a0e46674a3114d9593d4be851e882cce,~/ml4img/f4dficimg/dif_MRItumor/me-0238.jpg,2,"[""dtr005"", ""dtr006""]"
16,5884,me-0255.jpg,[103],103,static/img/7e609993087c4c538804c36a1f3b2946_me-0255.jpg,7e609993087c4c538804c36a1f3b2946,~/ml4img/f4dficimg/dif_MRItumor/me-0255.jpg,2,"[""dtr005"", ""dtr006""]"
16,5885,me-0259.jpg,[103],103,static/img/77a3b2f9252f4fc7a9d57d2d9cadb2c7_me-0259.jpg,77a3b2f9252f4fc7a9d57d2d9cadb2c7,~/ml4img/f4dficimg/dif_MRItumor/me-0259.jpg,2,"[""dtr005"", ""dtr006""]"
16,5886,me-0263.jpg,[102],102,static/img/162119080e424f0d9c85134bb551979f_me-0263.jpg,162119080e424f0d9c85134bb551979f,~/ml4img/f4dficimg/dif_MRItumor/me-0263.jpg,2,"[""dtr005"", ""dtr006""]"
16,5887,me-0266.jpg,[103],103,static/img/83f09b46d30c4e6b8ce0450124bb82ad_me-0266.jpg,83f09b46d30c4e6b8ce0450124bb82ad,~/ml4img/f4dficimg/dif_MRItumor/me-0266.jpg,2,"[""dtr005"", ""dtr006""]"
16,5888,me-0267.jpg,[103],103,static/img/db4f8ce940ac4456947074878cff6cc7_me-0267.jpg,db4f8ce940ac4456947074878cff6cc7,~/ml4img/f4dficimg/dif_MRItumor/me-0267.jpg,2,"[""dtr005"", ""dtr006""]"
16,5889,me-0271.jpg,[104],104,static/img/e7222e025e7c48228617d4bae926a1a1_me-0271.jpg,e7222e025e7c48228617d4bae926a1a1,~/ml4img/f4dficimg/dif_MRItumor/me-0271.jpg,2,"[""dtr005"", ""dtr006""]"
16,5890,me-0277.jpg,"[102, 103]",103,static/img/ae1380e44f794243bb89f8f0a40b65d6_me-0277.jpg,ae1380e44f794243bb89f8f0a40b65d6,~/ml4img/f4dficimg/dif_MRItumor/me-0277.jpg,2,"[""dtr005"", ""dtr006""]"
16,5891,me-0278.jpg,"[102, 105]",102,static/img/f0dd7d1924ac452ea8ca48bfb1acb2eb_me-0278.jpg,f0dd7d1924ac452ea8ca48bfb1acb2eb,~/ml4img/f4dficimg/dif_MRItumor/me-0278.jpg,2,"[""dtr005"", ""dtr006""]"
16,5892,me-0281.jpg,[103],103,static/img/6d39dd571d8843e9924f0a67ee78ab89_me-0281.jpg,6d39dd571d8843e9924f0a67ee78ab89,~/ml4img/f4dficimg/dif_MRItumor/me-0281.jpg,2,"[""dtr005"", ""dtr006""]"
16,5893,me-0282.jpg,[102],102,static/img/f0a09160386644a7a63e6590b7a3d7e1_me-0282.jpg,f0a09160386644a7a63e6590b7a3d7e1,~/ml4img/f4dficimg/dif_MRItumor/me-0282.jpg,2,"[""dtr005"", ""dtr006""]"
16,5894,me-0283.jpg,[103],103,static/img/c5bba186fef1490ea92aac642422db26_me-0283.jpg,c5bba186fef1490ea92aac642422db26,~/ml4img/f4dficimg/dif_MRItumor/me-0283.jpg,2,"[""dtr005"", ""dtr006""]"
16,5895,me-0287.jpg,[103],103,static/img/7b09535aef714eacbe17796883c592e8_me-0287.jpg,7b09535aef714eacbe17796883c592e8,~/ml4img/f4dficimg/dif_MRItumor/me-0287.jpg,2,"[""dtr005"", ""dtr006""]"
16,5896,me-0288.jpg,[103],103,static/img/379ec13163cb45dd8fc8626095d5e94d_me-0288.jpg,379ec13163cb45dd8fc8626095d5e94d,~/ml4img/f4dficimg/dif_MRItumor/me-0288.jpg,2,"[""dtr005"", ""dtr006""]"
16,5897,me-0290.jpg,[102],102,static/img/2e4a69505f174278b5f0bcf57ebeef17_me-0290.jpg,2e4a69505f174278b5f0bcf57ebeef17,~/ml4img/f4dficimg/dif_MRItumor/me-0290.jpg,2,"[""dtr005"", ""dtr006""]"
16,5898,me-0291.jpg,[103],103,static/img/25742717b2034c63b833cb3a6d05a253_me-0291.jpg,25742717b2034c63b833cb3a6d05a253,~/ml4img/f4dficimg/dif_MRItumor/me-0291.jpg,2,"[""dtr005"", ""dtr006""]"
16,5899,me-0292.jpg,"[103, 104]",103,static/img/c97fd20ac8c943ed94cfddb219008657_me-0292.jpg,c97fd20ac8c943ed94cfddb219008657,~/ml4img/f4dficimg/dif_MRItumor/me-0292.jpg,2,"[""dtr005"", ""dtr006""]"
16,5900,me-0298.jpg,[103],103,static/img/cd266e80f47342fba64b76bb2a9b2739_me-0298.jpg,cd266e80f47342fba64b76bb2a9b2739,~/ml4img/f4dficimg/dif_MRItumor/me-0298.jpg,2,"[""dtr005"", ""dtr006""]"
16,5901,me-0300.jpg,[103],103,static/img/60f0872b54f04597ac72d815fb45c6bf_me-0300.jpg,60f0872b54f04597ac72d815fb45c6bf,~/ml4img/f4dficimg/dif_MRItumor/me-0300.jpg,2,"[""dtr005"", ""dtr006""]"
16,5902,me-0303.jpg,[103],103,static/img/b50940a56dc743699c1478c7fb492efb_me-0303.jpg,b50940a56dc743699c1478c7fb492efb,~/ml4img/f4dficimg/dif_MRItumor/me-0303.jpg,2,"[""dtr005"", ""dtr006""]"
16,5903,me-0304.jpg,[103],103,static/img/67c71d60ede74a4f8adb73fc3292316f_me-0304.jpg,67c71d60ede74a4f8adb73fc3292316f,~/ml4img/f4dficimg/dif_MRItumor/me-0304.jpg,2,"[""dtr005"", ""dtr006""]"
16,5904,me-0308.jpg,[103],103,static/img/854960aa655c447ca81930179c0635ad_me-0308.jpg,854960aa655c447ca81930179c0635ad,~/ml4img/f4dficimg/dif_MRItumor/me-0308.jpg,2,"[""dtr005"", ""dtr006""]"
16,5905,me-0309.jpg,"[103, 104]",103,static/img/6fc7ebf295ae47dca1280164c7a50ced_me-0309.jpg,6fc7ebf295ae47dca1280164c7a50ced,~/ml4img/f4dficimg/dif_MRItumor/me-0309.jpg,3,"[""dtr004"", ""dtr005"", ""dtr006""]"
16,5906,me-0311.jpg,[103],103,static/img/a360e20257964663809596e2092e4b60_me-0311.jpg,a360e20257964663809596e2092e4b60,~/ml4img/f4dficimg/dif_MRItumor/me-0311.jpg,2,"[""dtr005"", ""dtr006""]"
16,5907,me-0316.jpg,[104],104,static/img/a36f0d2b28f8478683ff6cd1db8a14c1_me-0316.jpg,a36f0d2b28f8478683ff6cd1db8a14c1,~/ml4img/f4dficimg/dif_MRItumor/me-0316.jpg,2,"[""dtr005"", ""dtr006""]"
16,5908,me-0318.jpg,[103],103,static/img/9492be4bf0c7480e9a65de56a12941b4_me-0318.jpg,9492be4bf0c7480e9a65de56a12941b4,~/ml4img/f4dficimg/dif_MRItumor/me-0318.jpg,2,"[""dtr005"", ""dtr006""]"
16,5909,me-0331.jpg,"[102, 103]",103,static/img/ffd31c1654724408964cbac1819d268b_me-0331.jpg,ffd31c1654724408964cbac1819d268b,~/ml4img/f4dficimg/dif_MRItumor/me-0331.jpg,2,"[""dtr005"", ""dtr006""]"
16,5910,me-0332.jpg,"[102, 103]",102,static/img/b2ee2fc7280248dfad558c8ad4a3e897_me-0332.jpg,b2ee2fc7280248dfad558c8ad4a3e897,~/ml4img/f4dficimg/dif_MRItumor/me-0332.jpg,2,"[""dtr005"", ""dtr006""]"
16,5911,me-0336.jpg,"[102, 103]",102,static/img/e5e23a92146749c591827f40ce242642_me-0336.jpg,e5e23a92146749c591827f40ce242642,~/ml4img/f4dficimg/dif_MRItumor/me-0336.jpg,2,"[""dtr005"", ""dtr006""]"
16,5912,me-0337.jpg,"[102, 103]",102,static/img/98d9345ebcbc43b4af0881d97ff9cde9_me-0337.jpg,98d9345ebcbc43b4af0881d97ff9cde9,~/ml4img/f4dficimg/dif_MRItumor/me-0337.jpg,2,"[""dtr005"", ""dtr006""]"
16,5913,me-0338.jpg,"[102, 103]",103,static/img/74142432bc034cc499abbb1bd24ce985_me-0338.jpg,74142432bc034cc499abbb1bd24ce985,~/ml4img/f4dficimg/dif_MRItumor/me-0338.jpg,3,"[""dtr004"", ""dtr005"", ""dtr006""]"
16,5914,me-0341.jpg,[103],103,static/img/d6ea6aec7972478ebe89e60f482f9bdf_me-0341.jpg,d6ea6aec7972478ebe89e60f482f9bdf,~/ml4img/f4dficimg/dif_MRItumor/me-0341.jpg,2,"[""dtr005"", ""dtr006""]"
16,5915,me-0348.jpg,[103],103,static/img/757766cfd85b431aad03da671753c395_me-0348.jpg,757766cfd85b431aad03da671753c395,~/ml4img/f4dficimg/dif_MRItumor/me-0348.jpg,2,"[""dtr005"", ""dtr006""]"
16,5916,me-0356.jpg,"[103, 104]",103,static/img/9567939af1244926b8c2a329fd50bac9_me-0356.jpg,9567939af1244926b8c2a329fd50bac9,~/ml4img/f4dficimg/dif_MRItumor/me-0356.jpg,2,"[""dtr005"", ""dtr006""]"
16,5917,me-0359.jpg,[103],103,static/img/bb21046de06c4b4187fcc847062e4dec_me-0359.jpg,bb21046de06c4b4187fcc847062e4dec,~/ml4img/f4dficimg/dif_MRItumor/me-0359.jpg,2,"[""dtr005"", ""dtr006""]"
16,5918,me-0362.jpg,[103],103,static/img/72ddd8b567ba4cd8b4fa5460dd664dac_me-0362.jpg,72ddd8b567ba4cd8b4fa5460dd664dac,~/ml4img/f4dficimg/dif_MRItumor/me-0362.jpg,2,"[""dtr005"", ""dtr006""]"
16,5919,me-0363.jpg,[103],103,static/img/386652bd4c1946579570d46ff670e98c_me-0363.jpg,386652bd4c1946579570d46ff670e98c,~/ml4img/f4dficimg/dif_MRItumor/me-0363.jpg,2,"[""dtr005"", ""dtr006""]"
16,5920,me-0365.jpg,[103],103,static/img/d3174bcff2bf42c8837c4ca1abffec82_me-0365.jpg,d3174bcff2bf42c8837c4ca1abffec82,~/ml4img/f4dficimg/dif_MRItumor/me-0365.jpg,2,"[""dtr005"", ""dtr006""]"
16,5921,me-0367.jpg,[103],103,static/img/a85efd54adea4b4b89db9d14509e2a39_me-0367.jpg,a85efd54adea4b4b89db9d14509e2a39,~/ml4img/f4dficimg/dif_MRItumor/me-0367.jpg,2,"[""dtr005"", ""dtr006""]"
16,5922,me-0368.jpg,[102],102,static/img/382b6f95f6fd4701b9d0e2dc10b9ebd9_me-0368.jpg,382b6f95f6fd4701b9d0e2dc10b9ebd9,~/ml4img/f4dficimg/dif_MRItumor/me-0368.jpg,2,"[""dtr005"", ""dtr006""]"
16,5923,me-0370.jpg,[103],103,static/img/77c56f181a0d44d68c1c9c18886d794f_me-0370.jpg,77c56f181a0d44d68c1c9c18886d794f,~/ml4img/f4dficimg/dif_MRItumor/me-0370.jpg,2,"[""dtr005"", ""dtr006""]"
16,5924,me-0375.jpg,[103],103,static/img/a747dcf84fb24e17ba49afeb0e7ee6ae_me-0375.jpg,a747dcf84fb24e17ba49afeb0e7ee6ae,~/ml4img/f4dficimg/dif_MRItumor/me-0375.jpg,2,"[""dtr005"", ""dtr006""]"
16,5925,me-0377.jpg,[103],103,static/img/9a16b3f7576f46649a601521dc1ab497_me-0377.jpg,9a16b3f7576f46649a601521dc1ab497,~/ml4img/f4dficimg/dif_MRItumor/me-0377.jpg,2,"[""dtr005"", ""dtr006""]"
16,5926,me-0378.jpg,[102],102,static/img/3712c3b57a2843ce8013207e8e49e437_me-0378.jpg,3712c3b57a2843ce8013207e8e49e437,~/ml4img/f4dficimg/dif_MRItumor/me-0378.jpg,2,"[""dtr005"", ""dtr006""]"
16,5927,me-0380.jpg,[103],103,static/img/48eda8d273734117bd96776c2ff2e824_me-0380.jpg,48eda8d273734117bd96776c2ff2e824,~/ml4img/f4dficimg/dif_MRItumor/me-0380.jpg,3,"[""dtr004"", ""dtr005"", ""dtr006""]"
16,5928,me-0383.jpg,[103],103,static/img/e15084a21e964b0494592c99be50680b_me-0383.jpg,e15084a21e964b0494592c99be50680b,~/ml4img/f4dficimg/dif_MRItumor/me-0383.jpg,2,"[""dtr005"", ""dtr006""]"
16,5929,me-0388.jpg,"[102, 103]",103,static/img/844012180c4147b39a8e90de21a6cc4c_me-0388.jpg,844012180c4147b39a8e90de21a6cc4c,~/ml4img/f4dficimg/dif_MRItumor/me-0388.jpg,3,"[""dtr004"", ""dtr005"", ""dtr006""]"
16,5930,me-0394.jpg,[103],103,static/img/9acc3ea5291042109aad832ebb7d43cb_me-0394.jpg,9acc3ea5291042109aad832ebb7d43cb,~/ml4img/f4dficimg/dif_MRItumor/me-0394.jpg,2,"[""dtr005"", ""dtr006""]"
16,5931,me-0398.jpg,[104],104,static/img/e7da05df9ddc4cce8d424a8a575347a0_me-0398.jpg,e7da05df9ddc4cce8d424a8a575347a0,~/ml4img/f4dficimg/dif_MRItumor/me-0398.jpg,2,"[""dtr005"", ""dtr006""]"
16,5932,me-0403.jpg,[103],103,static/img/2e95aa9613ed4dc5b6cf3db2f16e77e6_me-0403.jpg,2e95aa9613ed4dc5b6cf3db2f16e77e6,~/ml4img/f4dficimg/dif_MRItumor/me-0403.jpg,2,"[""dtr005"", ""dtr006""]"
16,5933,me-0411.jpg,[103],103,static/img/e6155b5def6b4a81b244f4f784081bf6_me-0411.jpg,e6155b5def6b4a81b244f4f784081bf6,~/ml4img/f4dficimg/dif_MRItumor/me-0411.jpg,2,"[""dtr005"", ""dtr006""]"
16,5934,me-0418.jpg,[103],103,static/img/6223896145164a959d245f139f42986f_me-0418.jpg,6223896145164a959d245f139f42986f,~/ml4img/f4dficimg/dif_MRItumor/me-0418.jpg,2,"[""dtr005"", ""dtr006""]"
16,5935,me-0423.jpg,[103],103,static/img/9435ea66fdd44e24a7dbbeb2aee68ac8_me-0423.jpg,9435ea66fdd44e24a7dbbeb2aee68ac8,~/ml4img/f4dficimg/dif_MRItumor/me-0423.jpg,2,"[""dtr005"", ""dtr006""]"
16,5936,me-0433.jpg,"[103, 104]",103,static/img/f03047b15fca4dc0abcab7202e8e7cb4_me-0433.jpg,f03047b15fca4dc0abcab7202e8e7cb4,~/ml4img/f4dficimg/dif_MRItumor/me-0433.jpg,2,"[""dtr005"", ""dtr006""]"
16,5937,me-0434.jpg,[103],103,static/img/352a0524428a48068c4c7150282cca15_me-0434.jpg,352a0524428a48068c4c7150282cca15,~/ml4img/f4dficimg/dif_MRItumor/me-0434.jpg,2,"[""dtr005"", ""dtr006""]"
16,5938,me-0439.jpg,"[102, 103]",102,static/img/bed5f28b370e474a83d7eb0b5f995dfc_me-0439.jpg,bed5f28b370e474a83d7eb0b5f995dfc,~/ml4img/f4dficimg/dif_MRItumor/me-0439.jpg,2,"[""dtr005"", ""dtr006""]"
16,5939,me-0440.jpg,[103],103,static/img/09c82a0890ce4839a52804be5e22a38f_me-0440.jpg,09c82a0890ce4839a52804be5e22a38f,~/ml4img/f4dficimg/dif_MRItumor/me-0440.jpg,2,"[""dtr005"", ""dtr006""]"
16,5940,me-0444.jpg,[102],102,static/img/3586dd3299604870bcd2a87d49679bc6_me-0444.jpg,3586dd3299604870bcd2a87d49679bc6,~/ml4img/f4dficimg/dif_MRItumor/me-0444.jpg,2,"[""dtr005"", ""dtr006""]"
16,5941,me-0447.jpg,[103],103,static/img/a5d78dd66e2c4cf790bd00bdd53d1095_me-0447.jpg,a5d78dd66e2c4cf790bd00bdd53d1095,~/ml4img/f4dficimg/dif_MRItumor/me-0447.jpg,2,"[""dtr005"", ""dtr006""]"
16,5942,me-0451.jpg,[102],102,static/img/08259ad637174de39f82852b8b2de509_me-0451.jpg,08259ad637174de39f82852b8b2de509,~/ml4img/f4dficimg/dif_MRItumor/me-0451.jpg,2,"[""dtr005"", ""dtr006""]"
16,5943,me-0454.jpg,"[102, 103]",103,static/img/843660934f7d4eeea35b3d4af043b5b6_me-0454.jpg,843660934f7d4eeea35b3d4af043b5b6,~/ml4img/f4dficimg/dif_MRItumor/me-0454.jpg,2,"[""dtr005"", ""dtr006""]"
16,5944,me-0455.jpg,[103],103,static/img/371cfa355d454ced8100d6c9e5bdab04_me-0455.jpg,371cfa355d454ced8100d6c9e5bdab04,~/ml4img/f4dficimg/dif_MRItumor/me-0455.jpg,2,"[""dtr005"", ""dtr006""]"
16,5945,me-0457.jpg,[103],103,static/img/5687923f6f90486b9f6dcb9322584243_me-0457.jpg,5687923f6f90486b9f6dcb9322584243,~/ml4img/f4dficimg/dif_MRItumor/me-0457.jpg,3,"[""dtr004"", ""dtr005"", ""dtr006""]"
16,5946,me-0460.jpg,[103],103,static/img/54cfcb9d298e4a49907ba5fbc719833d_me-0460.jpg,54cfcb9d298e4a49907ba5fbc719833d,~/ml4img/f4dficimg/dif_MRItumor/me-0460.jpg,2,"[""dtr005"", ""dtr006""]"
16,5947,me-0464.jpg,[102],102,static/img/9c71c98c329e41f39e8e0bdeb8471a1a_me-0464.jpg,9c71c98c329e41f39e8e0bdeb8471a1a,~/ml4img/f4dficimg/dif_MRItumor/me-0464.jpg,2,"[""dtr005"", ""dtr006""]"
16,5948,me-0472.jpg,[104],104,static/img/946c8fcaa3ab4d8ca6a45183e2f4f0ef_me-0472.jpg,946c8fcaa3ab4d8ca6a45183e2f4f0ef,~/ml4img/f4dficimg/dif_MRItumor/me-0472.jpg,2,"[""dtr005"", ""dtr006""]"
16,5949,me-0473.jpg,[103],103,static/img/90267a184023410a8ea105ea26ea748b_me-0473.jpg,90267a184023410a8ea105ea26ea748b,~/ml4img/f4dficimg/dif_MRItumor/me-0473.jpg,2,"[""dtr005"", ""dtr006""]"
16,5950,me-0476.jpg,[103],103,static/img/970fdc809f2a4e1abfc4f225e5235c86_me-0476.jpg,970fdc809f2a4e1abfc4f225e5235c86,~/ml4img/f4dficimg/dif_MRItumor/me-0476.jpg,2,"[""dtr005"", ""dtr006""]"
16,5951,me-0481.jpg,[103],103,static/img/0f4c18951c7a418ba149411f536df7f6_me-0481.jpg,0f4c18951c7a418ba149411f536df7f6,~/ml4img/f4dficimg/dif_MRItumor/me-0481.jpg,2,"[""dtr005"", ""dtr006""]"
16,5952,me-0499.jpg,[102],102,static/img/e347b9b73114482c9ebe62b44610f0ef_me-0499.jpg,e347b9b73114482c9ebe62b44610f0ef,~/ml4img/f4dficimg/dif_MRItumor/me-0499.jpg,2,"[""dtr005"", ""dtr006""]"
16,5953,me-0501.jpg,[103],103,static/img/6b78a3270e464c21937babeb9e5f5cb0_me-0501.jpg,6b78a3270e464c21937babeb9e5f5cb0,~/ml4img/f4dficimg/dif_MRItumor/me-0501.jpg,2,"[""dtr005"", ""dtr006""]"
16,5954,me-0507.jpg,[103],103,static/img/566aaf2efe8b458b912c2059d029d981_me-0507.jpg,566aaf2efe8b458b912c2059d029d981,~/ml4img/f4dficimg/dif_MRItumor/me-0507.jpg,2,"[""dtr005"", ""dtr006""]"
16,5955,me-0511.jpg,[103],103,static/img/68ae00cbcfb94917a67642f564cf00d0_me-0511.jpg,68ae00cbcfb94917a67642f564cf00d0,~/ml4img/f4dficimg/dif_MRItumor/me-0511.jpg,2,"[""dtr005"", ""dtr006""]"
16,5956,me-0519.jpg,[103],103,static/img/06d95dbcc13d47d98871ea77cb366fce_me-0519.jpg,06d95dbcc13d47d98871ea77cb366fce,~/ml4img/f4dficimg/dif_MRItumor/me-0519.jpg,2,"[""dtr005"", ""dtr006""]"
16,5957,me-0525.jpg,[103],103,static/img/3fb61858338249a89e3e9abff2b5d5eb_me-0525.jpg,3fb61858338249a89e3e9abff2b5d5eb,~/ml4img/f4dficimg/dif_MRItumor/me-0525.jpg,3,"[""admin"", ""dtr005"", ""dtr006""]"
16,5958,me-0527.jpg,"[102, 103]",102,static/img/620ec979160a4b9da3ffee5f5ec406c9_me-0527.jpg,620ec979160a4b9da3ffee5f5ec406c9,~/ml4img/f4dficimg/dif_MRItumor/me-0527.jpg,2,"[""dtr005"", ""dtr006""]"
16,5959,me-0542.jpg,[103],103,static/img/683271f600aa45218b6ad77d1083ddfd_me-0542.jpg,683271f600aa45218b6ad77d1083ddfd,~/ml4img/f4dficimg/dif_MRItumor/me-0542.jpg,2,"[""dtr005"", ""dtr006""]"
16,5960,me-0545.jpg,[103],103,static/img/314653e68b1449ab8337b07abe92b15d_me-0545.jpg,314653e68b1449ab8337b07abe92b15d,~/ml4img/f4dficimg/dif_MRItumor/me-0545.jpg,2,"[""dtr005"", ""dtr006""]"
16,5961,me-0549.jpg,[104],104,static/img/37538b42270a43b2b027b436570838b8_me-0549.jpg,37538b42270a43b2b027b436570838b8,~/ml4img/f4dficimg/dif_MRItumor/me-0549.jpg,2,"[""dtr005"", ""dtr006""]"
16,5962,me-0554.jpg,[103],103,static/img/cbd890d9c2084f82b81126641811ded1_me-0554.jpg,cbd890d9c2084f82b81126641811ded1,~/ml4img/f4dficimg/dif_MRItumor/me-0554.jpg,2,"[""dtr005"", ""dtr006""]"
16,5963,me-0560.jpg,[104],104,static/img/d2cbe9943fcf4f5db2ce2fa0ad482ff5_me-0560.jpg,d2cbe9943fcf4f5db2ce2fa0ad482ff5,~/ml4img/f4dficimg/dif_MRItumor/me-0560.jpg,2,"[""dtr005"", ""dtr006""]"
16,5964,me-0562.jpg,"[102, 103]",102,static/img/6a9f6817956741269f8c8a96cf78ba69_me-0562.jpg,6a9f6817956741269f8c8a96cf78ba69,~/ml4img/f4dficimg/dif_MRItumor/me-0562.jpg,2,"[""dtr005"", ""dtr006""]"
16,5965,me-0564.jpg,[103],103,static/img/00cfc38e76f64bdcabc935051f650d24_me-0564.jpg,00cfc38e76f64bdcabc935051f650d24,~/ml4img/f4dficimg/dif_MRItumor/me-0564.jpg,2,"[""dtr005"", ""dtr006""]"
16,5966,me-0565.jpg,[103],103,static/img/7b7033f156124f8fa6853f53714385ef_me-0565.jpg,7b7033f156124f8fa6853f53714385ef,~/ml4img/f4dficimg/dif_MRItumor/me-0565.jpg,2,"[""dtr005"", ""dtr006""]"
16,5967,me-0571.jpg,"[102, 104]",102,static/img/fbce47d062004c0b85920627bf41d466_me-0571.jpg,fbce47d062004c0b85920627bf41d466,~/ml4img/f4dficimg/dif_MRItumor/me-0571.jpg,3,"[""dtr004"", ""dtr005"", ""dtr006""]"
16,5968,me-0574.jpg,[103],103,static/img/85030510a886462da527d8df2fb0c11b_me-0574.jpg,85030510a886462da527d8df2fb0c11b,~/ml4img/f4dficimg/dif_MRItumor/me-0574.jpg,2,"[""dtr005"", ""dtr006""]"
16,5969,me-0584.jpg,[102],102,static/img/d9f6ff47c2974e60bf6c80dbd2522ef3_me-0584.jpg,d9f6ff47c2974e60bf6c80dbd2522ef3,~/ml4img/f4dficimg/dif_MRItumor/me-0584.jpg,2,"[""dtr005"", ""dtr006""]"
16,5970,me-0594.jpg,[103],103,static/img/d2674f4179604880a66d72827ce819e5_me-0594.jpg,d2674f4179604880a66d72827ce819e5,~/ml4img/f4dficimg/dif_MRItumor/me-0594.jpg,2,"[""dtr005"", ""dtr006""]"
16,5971,me-0599.jpg,[102],102,static/img/cf926e75d58644e1b92b07c394528691_me-0599.jpg,cf926e75d58644e1b92b07c394528691,~/ml4img/f4dficimg/dif_MRItumor/me-0599.jpg,2,"[""dtr005"", ""dtr006""]"
16,5972,me-0602.jpg,"[103, 105]",103,static/img/363384f8866a4ef182188804fc8fdcdb_me-0602.jpg,363384f8866a4ef182188804fc8fdcdb,~/ml4img/f4dficimg/dif_MRItumor/me-0602.jpg,3,"[""dtr004"", ""dtr005"", ""dtr006""]"
16,5973,me-0609.jpg,[102],102,static/img/1d6881c5ece642019c8c670808a0252c_me-0609.jpg,1d6881c5ece642019c8c670808a0252c,~/ml4img/f4dficimg/dif_MRItumor/me-0609.jpg,2,"[""dtr005"", ""dtr006""]"
16,5974,me-0611.jpg,"[103, 104]",103,static/img/5a3a203a7b1f40618233027188407e18_me-0611.jpg,5a3a203a7b1f40618233027188407e18,~/ml4img/f4dficimg/dif_MRItumor/me-0611.jpg,2,"[""dtr005"", ""dtr006""]"
16,5975,me-0613.jpg,[103],103,static/img/c26749ae03c64753bda0b52884d98893_me-0613.jpg,c26749ae03c64753bda0b52884d98893,~/ml4img/f4dficimg/dif_MRItumor/me-0613.jpg,2,"[""dtr005"", ""dtr006""]"
16,5976,me-0618.jpg,[103],103,static/img/0d037bf6221548d497c5489ab2fc7ba0_me-0618.jpg,0d037bf6221548d497c5489ab2fc7ba0,~/ml4img/f4dficimg/dif_MRItumor/me-0618.jpg,2,"[""dtr005"", ""dtr006""]"
16,5977,me-0619.jpg,"[103, 104]",103,static/img/0b2374199e314716b721b5b135ab57ab_me-0619.jpg,0b2374199e314716b721b5b135ab57ab,~/ml4img/f4dficimg/dif_MRItumor/me-0619.jpg,2,"[""dtr005"", ""dtr006""]"
16,5978,me-0628.jpg,[103],103,static/img/cacbb9c8c8bd49efb43da4d74ad9c43b_me-0628.jpg,cacbb9c8c8bd49efb43da4d74ad9c43b,~/ml4img/f4dficimg/dif_MRItumor/me-0628.jpg,2,"[""dtr005"", ""dtr006""]"
16,5979,me-0634.jpg,"[102, 103]",103,static/img/b3002b2b93464c038440f89856dd047e_me-0634.jpg,b3002b2b93464c038440f89856dd047e,~/ml4img/f4dficimg/dif_MRItumor/me-0634.jpg,3,"[""dtr004"", ""dtr005"", ""dtr006""]"
16,5980,me-0635.jpg,[103],103,static/img/2dc50c9ae379455e9714337ae0a1e25b_me-0635.jpg,2dc50c9ae379455e9714337ae0a1e25b,~/ml4img/f4dficimg/dif_MRItumor/me-0635.jpg,2,"[""dtr005"", ""dtr006""]"
16,5981,me-0640.jpg,"[102, 104]",102,static/img/0cefe0d6661b46b3aa1800df8cfaa8de_me-0640.jpg,0cefe0d6661b46b3aa1800df8cfaa8de,~/ml4img/f4dficimg/dif_MRItumor/me-0640.jpg,3,"[""dtr004"", ""dtr005"", ""dtr006""]"
16,5982,me-0641.jpg,"[102, 103]",103,static/img/18a5fbe714ca40469e01758415f54c26_me-0641.jpg,18a5fbe714ca40469e01758415f54c26,~/ml4img/f4dficimg/dif_MRItumor/me-0641.jpg,2,"[""dtr005"", ""dtr006""]"
16,5983,me-0655.jpg,[103],103,static/img/bc14e66c6ced4d798873e9e06a1fadfb_me-0655.jpg,bc14e66c6ced4d798873e9e06a1fadfb,~/ml4img/f4dficimg/dif_MRItumor/me-0655.jpg,2,"[""dtr005"", ""dtr006""]"
16,5984,me-0661.jpg,[103],103,static/img/594542e8fdd74a9583839b3fe538874a_me-0661.jpg,594542e8fdd74a9583839b3fe538874a,~/ml4img/f4dficimg/dif_MRItumor/me-0661.jpg,2,"[""dtr005"", ""dtr006""]"
16,5985,me-0662.jpg,[103],103,static/img/6ad6288acdad424a83c388d8d69d654f_me-0662.jpg,6ad6288acdad424a83c388d8d69d654f,~/ml4img/f4dficimg/dif_MRItumor/me-0662.jpg,2,"[""dtr005"", ""dtr006""]"
16,5986,me-0671.jpg,[103],103,static/img/385552cffefb4c2e87f082cc07a586b8_me-0671.jpg,385552cffefb4c2e87f082cc07a586b8,~/ml4img/f4dficimg/dif_MRItumor/me-0671.jpg,2,"[""dtr005"", ""dtr006""]"
16,5987,me-0673.jpg,[103],103,static/img/7dd63c3c944a4460b82c5b0d40548436_me-0673.jpg,7dd63c3c944a4460b82c5b0d40548436,~/ml4img/f4dficimg/dif_MRItumor/me-0673.jpg,3,"[""dtr004"", ""dtr005"", ""dtr006""]"
16,5988,me-0676.jpg,[104],104,static/img/1e40f6f9f1bf4fe48d2e939d08d9fdef_me-0676.jpg,1e40f6f9f1bf4fe48d2e939d08d9fdef,~/ml4img/f4dficimg/dif_MRItumor/me-0676.jpg,2,"[""dtr005"", ""dtr006""]"
16,5989,me-0679.jpg,[102],102,static/img/ee512193976347f18e7d262f937a090a_me-0679.jpg,ee512193976347f18e7d262f937a090a,~/ml4img/f4dficimg/dif_MRItumor/me-0679.jpg,2,"[""dtr005"", ""dtr006""]"
16,5990,me-0693.jpg,[103],103,static/img/48a18e7e9c62472aba9b08583a5d8ae3_me-0693.jpg,48a18e7e9c62472aba9b08583a5d8ae3,~/ml4img/f4dficimg/dif_MRItumor/me-0693.jpg,2,"[""dtr005"", ""dtr006""]"
16,5991,me-0697.jpg,"[102, 103]",103,static/img/a995bf3abf98454395fb8e430730facd_me-0697.jpg,a995bf3abf98454395fb8e430730facd,~/ml4img/f4dficimg/dif_MRItumor/me-0697.jpg,2,"[""dtr005"", ""dtr006""]"
16,5992,me-0700.jpg,"[103, 104]",103,static/img/baa0c3ef6a8f4a81aff562a773f0bc18_me-0700.jpg,baa0c3ef6a8f4a81aff562a773f0bc18,~/ml4img/f4dficimg/dif_MRItumor/me-0700.jpg,2,"[""dtr005"", ""dtr006""]"
16,5993,me-0702.jpg,"[103, 104]",103,static/img/5fdc4a128b3944289bd029106084e7ee_me-0702.jpg,5fdc4a128b3944289bd029106084e7ee,~/ml4img/f4dficimg/dif_MRItumor/me-0702.jpg,2,"[""dtr005"", ""dtr006""]"
16,5994,me-0703.jpg,"[103, 104]",103,static/img/35d792e8fe514477ab50af3917c4166a_me-0703.jpg,35d792e8fe514477ab50af3917c4166a,~/ml4img/f4dficimg/dif_MRItumor/me-0703.jpg,2,"[""dtr005"", ""dtr006""]"
16,5995,me-0704.jpg,"[102, 103]",102,static/img/829265de0af6468e818e0f30dd9bfb71_me-0704.jpg,829265de0af6468e818e0f30dd9bfb71,~/ml4img/f4dficimg/dif_MRItumor/me-0704.jpg,3,"[""dtr004"", ""dtr005"", ""dtr006""]"
16,5996,me-0705.jpg,[103],103,static/img/416e1c1bf8104648851643851ddb1ee9_me-0705.jpg,416e1c1bf8104648851643851ddb1ee9,~/ml4img/f4dficimg/dif_MRItumor/me-0705.jpg,2,"[""dtr005"", ""dtr006""]"
16,5997,me-0710.jpg,[103],103,static/img/e29df855762a49ef90efcc302f1295ae_me-0710.jpg,e29df855762a49ef90efcc302f1295ae,~/ml4img/f4dficimg/dif_MRItumor/me-0710.jpg,2,"[""dtr005"", ""dtr006""]"
16,5998,me-0717.jpg,[103],103,static/img/35d87c601f5c46459bf021e5cde70c6f_me-0717.jpg,35d87c601f5c46459bf021e5cde70c6f,~/ml4img/f4dficimg/dif_MRItumor/me-0717.jpg,2,"[""dtr005"", ""dtr006""]"
16,5999,me-0719.jpg,[102],102,static/img/d701e48d24b94506a74fa7ecc21fe915_me-0719.jpg,d701e48d24b94506a74fa7ecc21fe915,~/ml4img/f4dficimg/dif_MRItumor/me-0719.jpg,2,"[""dtr005"", ""dtr006""]"
16,6000,me-0725.jpg,[103],103,static/img/d1dcf6899ba04cfc9fd9322b0144c991_me-0725.jpg,d1dcf6899ba04cfc9fd9322b0144c991,~/ml4img/f4dficimg/dif_MRItumor/me-0725.jpg,2,"[""dtr005"", ""dtr006""]"
16,6001,me-0726.jpg,"[102, 103]",102,static/img/645cb30e73a64841bc3ce9c263bf532c_me-0726.jpg,645cb30e73a64841bc3ce9c263bf532c,~/ml4img/f4dficimg/dif_MRItumor/me-0726.jpg,3,"[""dtr004"", ""dtr005"", ""dtr006""]"
16,6002,me-0729.jpg,[104],104,static/img/1c02b41dbcfa4d2fae7787c79a5676f8_me-0729.jpg,1c02b41dbcfa4d2fae7787c79a5676f8,~/ml4img/f4dficimg/dif_MRItumor/me-0729.jpg,2,"[""dtr005"", ""dtr006""]"
16,6003,me-0737.jpg,"[103, 104]",103,static/img/053f76af22af496f8417119b6a9fb3b5_me-0737.jpg,053f76af22af496f8417119b6a9fb3b5,~/ml4img/f4dficimg/dif_MRItumor/me-0737.jpg,2,"[""dtr005"", ""dtr006""]"
16,6004,me-0740.jpg,[103],103,static/img/2291168380274c2daedff979eec717ea_me-0740.jpg,2291168380274c2daedff979eec717ea,~/ml4img/f4dficimg/dif_MRItumor/me-0740.jpg,2,"[""dtr005"", ""dtr006""]"
16,6005,me-0746.jpg,[103],103,static/img/f562a3deff864d13b3c54dd62ed845e2_me-0746.jpg,f562a3deff864d13b3c54dd62ed845e2,~/ml4img/f4dficimg/dif_MRItumor/me-0746.jpg,2,"[""dtr005"", ""dtr006""]"
16,6006,me-0760.jpg,[103],103,static/img/aa0f153f94eb4281824a58b95ccf25d8_me-0760.jpg,aa0f153f94eb4281824a58b95ccf25d8,~/ml4img/f4dficimg/dif_MRItumor/me-0760.jpg,2,"[""dtr005"", ""dtr006""]"
16,6007,me-0765.jpg,[104],104,static/img/513c9ee95ab545a9bf7e3573085504d2_me-0765.jpg,513c9ee95ab545a9bf7e3573085504d2,~/ml4img/f4dficimg/dif_MRItumor/me-0765.jpg,2,"[""dtr005"", ""dtr006""]"
16,6008,me-0767.jpg,[104],104,static/img/68b211cd7f424123b325af3cd236ec0f_me-0767.jpg,68b211cd7f424123b325af3cd236ec0f,~/ml4img/f4dficimg/dif_MRItumor/me-0767.jpg,2,"[""dtr005"", ""dtr006""]"
16,6009,me-0772.jpg,[103],103,static/img/a415780ae7ec43acb8735b3c06ae0d1b_me-0772.jpg,a415780ae7ec43acb8735b3c06ae0d1b,~/ml4img/f4dficimg/dif_MRItumor/me-0772.jpg,2,"[""dtr005"", ""dtr006""]"
16,6010,me-0775.jpg,[103],103,static/img/10769f21dc6841ac83c1a91c071afe11_me-0775.jpg,10769f21dc6841ac83c1a91c071afe11,~/ml4img/f4dficimg/dif_MRItumor/me-0775.jpg,2,"[""dtr005"", ""dtr006""]"
16,6011,me-0777.jpg,[103],103,static/img/6ac998049fea406e98b6d6d62c023868_me-0777.jpg,6ac998049fea406e98b6d6d62c023868,~/ml4img/f4dficimg/dif_MRItumor/me-0777.jpg,2,"[""dtr005"", ""dtr006""]"
16,6012,me-0782.jpg,[103],103,static/img/0e2ac19fce8840a1b6018823a85db9d9_me-0782.jpg,0e2ac19fce8840a1b6018823a85db9d9,~/ml4img/f4dficimg/dif_MRItumor/me-0782.jpg,2,"[""dtr005"", ""dtr006""]"
16,6013,me-0784.jpg,[103],103,static/img/999e0667c2b14787981381ae0e6a9215_me-0784.jpg,999e0667c2b14787981381ae0e6a9215,~/ml4img/f4dficimg/dif_MRItumor/me-0784.jpg,2,"[""dtr005"", ""dtr006""]"
16,6014,me-0788.jpg,"[102, 103]",103,static/img/23dc3e1794a74dd5a119372a127dbd85_me-0788.jpg,23dc3e1794a74dd5a119372a127dbd85,~/ml4img/f4dficimg/dif_MRItumor/me-0788.jpg,3,"[""dtr004"", ""dtr005"", ""dtr006""]"
16,6015,me-0794.jpg,[103],103,static/img/a8e7460d5e964bc08e879f9379d9140d_me-0794.jpg,a8e7460d5e964bc08e879f9379d9140d,~/ml4img/f4dficimg/dif_MRItumor/me-0794.jpg,2,"[""dtr005"", ""dtr006""]"
16,6016,me-0801.jpg,[103],103,static/img/df3e630165964e70b3ab836a2ad7bd27_me-0801.jpg,df3e630165964e70b3ab836a2ad7bd27,~/ml4img/f4dficimg/dif_MRItumor/me-0801.jpg,2,"[""dtr005"", ""dtr006""]"
16,6017,me-0803.jpg,[103],103,static/img/4f5ebfdfde6f4d9e85067c281330fba4_me-0803.jpg,4f5ebfdfde6f4d9e85067c281330fba4,~/ml4img/f4dficimg/dif_MRItumor/me-0803.jpg,2,"[""dtr005"", ""dtr006""]"
16,6018,me-0804.jpg,[103],103,static/img/fc5790dd6be148c4b312d09511c364c6_me-0804.jpg,fc5790dd6be148c4b312d09511c364c6,~/ml4img/f4dficimg/dif_MRItumor/me-0804.jpg,2,"[""dtr005"", ""dtr006""]"
16,6019,me-0805.jpg,"[103, 105]",105,static/img/49559213099741cc9ea58c92bca774b4_me-0805.jpg,49559213099741cc9ea58c92bca774b4,~/ml4img/f4dficimg/dif_MRItumor/me-0805.jpg,3,"[""dtr004"", ""dtr005"", ""dtr006""]"
16,6020,me-0808.jpg,[103],103,static/img/f278538a72dd415cb70c433d86972b54_me-0808.jpg,f278538a72dd415cb70c433d86972b54,~/ml4img/f4dficimg/dif_MRItumor/me-0808.jpg,2,"[""dtr005"", ""dtr006""]"
16,6021,me-0816.jpg,[104],104,static/img/e76cf57b18344796b6b329a616ce5d84_me-0816.jpg,e76cf57b18344796b6b329a616ce5d84,~/ml4img/f4dficimg/dif_MRItumor/me-0816.jpg,2,"[""dtr005"", ""dtr006""]"
16,6022,me-0818.jpg,"[102, 103]",103,static/img/6f37bb9cec23461a93cae26e2bd58188_me-0818.jpg,6f37bb9cec23461a93cae26e2bd58188,~/ml4img/f4dficimg/dif_MRItumor/me-0818.jpg,3,"[""dtr004"", ""dtr005"", ""dtr006""]"
16,6023,me-0822.jpg,[103],103,static/img/8ff7367c9e2540ddad17b969bbe19155_me-0822.jpg,8ff7367c9e2540ddad17b969bbe19155,~/ml4img/f4dficimg/dif_MRItumor/me-0822.jpg,3,"[""dtr004"", ""dtr005"", ""dtr006""]"
16,6024,me-0824.jpg,[103],103,static/img/c31ef3213bfa4729bab737b77c674260_me-0824.jpg,c31ef3213bfa4729bab737b77c674260,~/ml4img/f4dficimg/dif_MRItumor/me-0824.jpg,2,"[""dtr005"", ""dtr006""]"
16,6025,me-0830.jpg,[103],103,static/img/59786eb49aad46e59e5cdb68f684f893_me-0830.jpg,59786eb49aad46e59e5cdb68f684f893,~/ml4img/f4dficimg/dif_MRItumor/me-0830.jpg,2,"[""dtr005"", ""dtr006""]"
16,6026,me-0832.jpg,[102],102,static/img/4bfd3364e649462d96e658225487b5a5_me-0832.jpg,4bfd3364e649462d96e658225487b5a5,~/ml4img/f4dficimg/dif_MRItumor/me-0832.jpg,2,"[""dtr005"", ""dtr006""]"
16,6027,me-0838.jpg,[103],103,static/img/2ad4c7d53258460298bd83fcf903a957_me-0838.jpg,2ad4c7d53258460298bd83fcf903a957,~/ml4img/f4dficimg/dif_MRItumor/me-0838.jpg,2,"[""dtr005"", ""dtr006""]"
16,6028,me-0843.jpg,"[102, 103]",102,static/img/53a550815b4f488ab0b9c4581dfc4a62_me-0843.jpg,53a550815b4f488ab0b9c4581dfc4a62,~/ml4img/f4dficimg/dif_MRItumor/me-0843.jpg,2,"[""dtr005"", ""dtr006""]"
16,6029,me-0845.jpg,"[103, 104]",103,static/img/45b40dc17a364594bc882cd2a1b9bc15_me-0845.jpg,45b40dc17a364594bc882cd2a1b9bc15,~/ml4img/f4dficimg/dif_MRItumor/me-0845.jpg,3,"[""dtr004"", ""dtr005"", ""dtr006""]"
16,6030,me-0853.jpg,[103],103,static/img/c3e8b2bc5293483cada4dcbf1d54008b_me-0853.jpg,c3e8b2bc5293483cada4dcbf1d54008b,~/ml4img/f4dficimg/dif_MRItumor/me-0853.jpg,2,"[""dtr005"", ""dtr006""]"
16,6031,me-0855.jpg,[103],103,static/img/56de86a4113f43c78239d35ed050d9ee_me-0855.jpg,56de86a4113f43c78239d35ed050d9ee,~/ml4img/f4dficimg/dif_MRItumor/me-0855.jpg,2,"[""dtr005"", ""dtr006""]"
16,6032,me-0861.jpg,[103],103,static/img/a4d5e229d355428389689bfedf32d5cf_me-0861.jpg,a4d5e229d355428389689bfedf32d5cf,~/ml4img/f4dficimg/dif_MRItumor/me-0861.jpg,2,"[""dtr005"", ""dtr006""]"
16,6033,me-0862.jpg,"[103, 104]",103,static/img/6435ab54f914499b9a35fad9c5fe0736_me-0862.jpg,6435ab54f914499b9a35fad9c5fe0736,~/ml4img/f4dficimg/dif_MRItumor/me-0862.jpg,3,"[""dtr004"", ""dtr005"", ""dtr006""]"
16,6034,me-0868.jpg,[103],103,static/img/d53cff17dffa469b8f0dccebb652eaf1_me-0868.jpg,d53cff17dffa469b8f0dccebb652eaf1,~/ml4img/f4dficimg/dif_MRItumor/me-0868.jpg,2,"[""dtr005"", ""dtr006""]"
16,6035,me-0878.jpg,[102],102,static/img/74f6f14eeb984fb6adaf1072829a0bd2_me-0878.jpg,74f6f14eeb984fb6adaf1072829a0bd2,~/ml4img/f4dficimg/dif_MRItumor/me-0878.jpg,2,"[""dtr005"", ""dtr006""]"
16,6036,me-0879.jpg,[103],103,static/img/3ec21cbe70cc44df8aa7dd4443c2f2de_me-0879.jpg,3ec21cbe70cc44df8aa7dd4443c2f2de,~/ml4img/f4dficimg/dif_MRItumor/me-0879.jpg,2,"[""dtr005"", ""dtr006""]"
16,6037,me-0883.jpg,[103],103,static/img/e90f25cb1b174fbdaff733c5a3c2a1fe_me-0883.jpg,e90f25cb1b174fbdaff733c5a3c2a1fe,~/ml4img/f4dficimg/dif_MRItumor/me-0883.jpg,2,"[""dtr005"", ""dtr006""]"
16,6038,me-0894.jpg,[103],103,static/img/f7c7ae607bf24d6084751ca12e6d22c0_me-0894.jpg,f7c7ae607bf24d6084751ca12e6d22c0,~/ml4img/f4dficimg/dif_MRItumor/me-0894.jpg,2,"[""dtr005"", ""dtr006""]"
16,6039,me-0899.jpg,"[103, 104]",103,static/img/53e4d0c46be54cc9be9eb55af8128b02_me-0899.jpg,53e4d0c46be54cc9be9eb55af8128b02,~/ml4img/f4dficimg/dif_MRItumor/me-0899.jpg,2,"[""dtr005"", ""dtr006""]"
16,6040,me-0901.jpg,[103],103,static/img/33064fb902c94cdc960b907755651188_me-0901.jpg,33064fb902c94cdc960b907755651188,~/ml4img/f4dficimg/dif_MRItumor/me-0901.jpg,2,"[""dtr005"", ""dtr006""]"
16,6041,me-0902.jpg,[103],103,static/img/85925954828c4a46a301d59da3a86f0f_me-0902.jpg,85925954828c4a46a301d59da3a86f0f,~/ml4img/f4dficimg/dif_MRItumor/me-0902.jpg,3,"[""dtr004"", ""dtr005"", ""dtr006""]"
16,6042,me-0903.jpg,[103],103,static/img/d1005b7d449a4b2aaba1a697c5c05181_me-0903.jpg,d1005b7d449a4b2aaba1a697c5c05181,~/ml4img/f4dficimg/dif_MRItumor/me-0903.jpg,2,"[""dtr005"", ""dtr006""]"
16,6043,me-0906.jpg,[103],103,static/img/4e9c5893383c4cc9b4a3ac228317ffa2_me-0906.jpg,4e9c5893383c4cc9b4a3ac228317ffa2,~/ml4img/f4dficimg/dif_MRItumor/me-0906.jpg,2,"[""dtr005"", ""dtr006""]"
16,6044,me-0909.jpg,[103],103,static/img/236a3d1d59b94c578470480b49debd5d_me-0909.jpg,236a3d1d59b94c578470480b49debd5d,~/ml4img/f4dficimg/dif_MRItumor/me-0909.jpg,2,"[""dtr005"", ""dtr006""]"
16,6045,me-0912.jpg,[103],103,static/img/0c15ad4e32c14905847f1cca34b7e720_me-0912.jpg,0c15ad4e32c14905847f1cca34b7e720,~/ml4img/f4dficimg/dif_MRItumor/me-0912.jpg,3,"[""dtr004"", ""dtr005"", ""dtr006""]"
16,6046,me-0918.jpg,[103],103,static/img/b5930ebc45cc4318bcaa55f65ea22ab9_me-0918.jpg,b5930ebc45cc4318bcaa55f65ea22ab9,~/ml4img/f4dficimg/dif_MRItumor/me-0918.jpg,2,"[""dtr005"", ""dtr006""]"
16,6047,me-0920.jpg,"[103, 104]",103,static/img/3070a22a506d40c99aecc94d179b3297_me-0920.jpg,3070a22a506d40c99aecc94d179b3297,~/ml4img/f4dficimg/dif_MRItumor/me-0920.jpg,2,"[""dtr005"", ""dtr006""]"
16,6048,me-0922.jpg,[103],103,static/img/b875b0cbe25a448bb4e04688e26f4666_me-0922.jpg,b875b0cbe25a448bb4e04688e26f4666,~/ml4img/f4dficimg/dif_MRItumor/me-0922.jpg,2,"[""dtr005"", ""dtr006""]"
16,6049,me-0924.jpg,"[103, 104]",103,static/img/30717c97fcc84584aae37189115c25dc_me-0924.jpg,30717c97fcc84584aae37189115c25dc,~/ml4img/f4dficimg/dif_MRItumor/me-0924.jpg,2,"[""dtr005"", ""dtr006""]"
16,6050,me-0928.jpg,[103],103,static/img/8d61fc9d6f2449969952d412d90f71b1_me-0928.jpg,8d61fc9d6f2449969952d412d90f71b1,~/ml4img/f4dficimg/dif_MRItumor/me-0928.jpg,2,"[""dtr005"", ""dtr006""]"
16,6051,me-0930.jpg,"[103, 105]",103,static/img/9e84ad72adf346ef8d20a8e67de4f5c8_me-0930.jpg,9e84ad72adf346ef8d20a8e67de4f5c8,~/ml4img/f4dficimg/dif_MRItumor/me-0930.jpg,2,"[""dtr005"", ""dtr006""]"
16,6052,me-0935.jpg,[103],103,static/img/6b2554d340654210a5af3c81e62b481b_me-0935.jpg,6b2554d340654210a5af3c81e62b481b,~/ml4img/f4dficimg/dif_MRItumor/me-0935.jpg,2,"[""dtr005"", ""dtr006""]"
16,6053,me-0938.jpg,[103],103,static/img/3d5f61d9a313468c85e55fe5765081cc_me-0938.jpg,3d5f61d9a313468c85e55fe5765081cc,~/ml4img/f4dficimg/dif_MRItumor/me-0938.jpg,2,"[""dtr005"", ""dtr006""]"
16,6054,me-0944.jpg,[103],103,static/img/f346e262bed64329864328be4590b459_me-0944.jpg,f346e262bed64329864328be4590b459,~/ml4img/f4dficimg/dif_MRItumor/me-0944.jpg,2,"[""dtr005"", ""dtr006""]"
16,6055,me-0954.jpg,[102],102,static/img/be08088739e9418ebd7147c8fb61100c_me-0954.jpg,be08088739e9418ebd7147c8fb61100c,~/ml4img/f4dficimg/dif_MRItumor/me-0954.jpg,2,"[""dtr005"", ""dtr006""]"
16,6056,me-0961.jpg,[103],103,static/img/34e8349616d0475c95b6f860e664807b_me-0961.jpg,34e8349616d0475c95b6f860e664807b,~/ml4img/f4dficimg/dif_MRItumor/me-0961.jpg,2,"[""dtr005"", ""dtr006""]"
16,6057,me-0963.jpg,"[102, 103]",103,static/img/cb280a09d1f346ce8bb09c991ff7d23b_me-0963.jpg,cb280a09d1f346ce8bb09c991ff7d23b,~/ml4img/f4dficimg/dif_MRItumor/me-0963.jpg,2,"[""dtr005"", ""dtr006""]"
16,6058,me-0968.jpg,[103],103,static/img/4bcc897447ed45829bed9b143612c443_me-0968.jpg,4bcc897447ed45829bed9b143612c443,~/ml4img/f4dficimg/dif_MRItumor/me-0968.jpg,2,"[""dtr005"", ""dtr006""]"
16,6059,me-0976.jpg,[103],103,static/img/45affbab662447e1a2c0d7130661790f_me-0976.jpg,45affbab662447e1a2c0d7130661790f,~/ml4img/f4dficimg/dif_MRItumor/me-0976.jpg,2,"[""dtr005"", ""dtr006""]"
16,6060,me-0980.jpg,[103],103,static/img/e7243a01adcb49b28cc12ec6e36876a5_me-0980.jpg,e7243a01adcb49b28cc12ec6e36876a5,~/ml4img/f4dficimg/dif_MRItumor/me-0980.jpg,2,"[""dtr005"", ""dtr006""]"
16,6061,me-0984.jpg,[103],103,static/img/d37a65ebc3804600a3296ebd732eed6e_me-0984.jpg,d37a65ebc3804600a3296ebd732eed6e,~/ml4img/f4dficimg/dif_MRItumor/me-0984.jpg,2,"[""dtr005"", ""dtr006""]"
16,6062,me-0989.jpg,[103],103,static/img/cbb8017fa77b4f1c91b5dd6c5149d3af_me-0989.jpg,cbb8017fa77b4f1c91b5dd6c5149d3af,~/ml4img/f4dficimg/dif_MRItumor/me-0989.jpg,2,"[""dtr005"", ""dtr006""]"
16,6063,me-0999.jpg,[103],103,static/img/b47aa42f636b4892a92b68783dfe1020_me-0999.jpg,b47aa42f636b4892a92b68783dfe1020,~/ml4img/f4dficimg/dif_MRItumor/me-0999.jpg,2,"[""dtr005"", ""dtr006""]"
16,6064,me-1002.jpg,[103],103,static/img/f30163562a4c4087addbf237771739c3_me-1002.jpg,f30163562a4c4087addbf237771739c3,~/ml4img/f4dficimg/dif_MRItumor/me-1002.jpg,3,"[""dtr004"", ""dtr005"", ""dtr006""]"
16,6065,me-1003.jpg,"[103, 104]",103,static/img/7f7275ebe2c94af7b29844c97f5590db_me-1003.jpg,7f7275ebe2c94af7b29844c97f5590db,~/ml4img/f4dficimg/dif_MRItumor/me-1003.jpg,2,"[""dtr005"", ""dtr006""]"
16,6066,me-1006.jpg,"[103, 104]",103,static/img/9dd060f42f24406ba498fdbe4c83ee35_me-1006.jpg,9dd060f42f24406ba498fdbe4c83ee35,~/ml4img/f4dficimg/dif_MRItumor/me-1006.jpg,2,"[""dtr005"", ""dtr006""]"
16,6067,me-1008.jpg,[103],103,static/img/1493fb761d05447e8b4c4ea50e3281f2_me-1008.jpg,1493fb761d05447e8b4c4ea50e3281f2,~/ml4img/f4dficimg/dif_MRItumor/me-1008.jpg,2,"[""dtr005"", ""dtr006""]"
16,6068,me-1009.jpg,[103],103,static/img/f6e309540aaa46d08ae14525beee94e7_me-1009.jpg,f6e309540aaa46d08ae14525beee94e7,~/ml4img/f4dficimg/dif_MRItumor/me-1009.jpg,2,"[""dtr005"", ""dtr006""]"
16,6069,me-1013.jpg,"[103, 105]",103,static/img/7a414b8ff6f346f0a3b9a8a0d7beefde_me-1013.jpg,7a414b8ff6f346f0a3b9a8a0d7beefde,~/ml4img/f4dficimg/dif_MRItumor/me-1013.jpg,2,"[""dtr005"", ""dtr006""]"
16,6070,me-1015.jpg,"[103, 104]",103,static/img/5534bc9842ae49f3b0bc8d70503940ab_me-1015.jpg,5534bc9842ae49f3b0bc8d70503940ab,~/ml4img/f4dficimg/dif_MRItumor/me-1015.jpg,3,"[""dtr004"", ""dtr005"", ""dtr006""]"
16,6071,me-1025.jpg,[103],103,static/img/2d89eceadac147688cbc0998cae3dfd4_me-1025.jpg,2d89eceadac147688cbc0998cae3dfd4,~/ml4img/f4dficimg/dif_MRItumor/me-1025.jpg,2,"[""dtr005"", ""dtr006""]"
16,6072,me-1026.jpg,[103],103,static/img/227dc1f74ca2470f992f514bf4949298_me-1026.jpg,227dc1f74ca2470f992f514bf4949298,~/ml4img/f4dficimg/dif_MRItumor/me-1026.jpg,2,"[""dtr005"", ""dtr006""]"
16,6073,me-1042.jpg,[103],103,static/img/322f50b90d8f44439191a79e9a9c0f6b_me-1042.jpg,322f50b90d8f44439191a79e9a9c0f6b,~/ml4img/f4dficimg/dif_MRItumor/me-1042.jpg,2,"[""dtr005"", ""dtr006""]"
16,6074,me-1043.jpg,[103],103,static/img/df8720454dfe4382b02814660c91cfa8_me-1043.jpg,df8720454dfe4382b02814660c91cfa8,~/ml4img/f4dficimg/dif_MRItumor/me-1043.jpg,3,"[""dtr004"", ""dtr005"", ""dtr006""]"
16,6075,me-1044.jpg,[103],103,static/img/44814bc73be448a081bde412b814cdf6_me-1044.jpg,44814bc73be448a081bde412b814cdf6,~/ml4img/f4dficimg/dif_MRItumor/me-1044.jpg,3,"[""dtr004"", ""dtr005"", ""dtr006""]"
16,6076,me-1046.jpg,[103],103,static/img/160e450c3c1047fe8e8dec2889b2ac22_me-1046.jpg,160e450c3c1047fe8e8dec2889b2ac22,~/ml4img/f4dficimg/dif_MRItumor/me-1046.jpg,2,"[""dtr005"", ""dtr006""]"
16,6077,me-1047.jpg,[103],103,static/img/7f7e9e0ba2cd45309684532875dc0a67_me-1047.jpg,7f7e9e0ba2cd45309684532875dc0a67,~/ml4img/f4dficimg/dif_MRItumor/me-1047.jpg,2,"[""dtr005"", ""dtr006""]"
16,6078,me-1050.jpg,[103],103,static/img/6d32d81835ba4a32991291f7e1182b88_me-1050.jpg,6d32d81835ba4a32991291f7e1182b88,~/ml4img/f4dficimg/dif_MRItumor/me-1050.jpg,2,"[""dtr005"", ""dtr006""]"
16,6079,me-1051.jpg,[103],103,static/img/7f62d8aa662245af8e31e212bc13ddf2_me-1051.jpg,7f62d8aa662245af8e31e212bc13ddf2,~/ml4img/f4dficimg/dif_MRItumor/me-1051.jpg,2,"[""dtr005"", ""dtr006""]"
16,6080,me-1052.jpg,[103],103,static/img/47cc520378734731805ad51c1f4a168c_me-1052.jpg,47cc520378734731805ad51c1f4a168c,~/ml4img/f4dficimg/dif_MRItumor/me-1052.jpg,2,"[""dtr005"", ""dtr006""]"
16,6081,me-1070.jpg,[103],103,static/img/aebd578b53e049e7b3193f049baa03f4_me-1070.jpg,aebd578b53e049e7b3193f049baa03f4,~/ml4img/f4dficimg/dif_MRItumor/me-1070.jpg,2,"[""dtr005"", ""dtr006""]"
16,6082,me-1086.jpg,[102],102,static/img/b197271dd7fb4925995c2fc42ea5e5a3_me-1086.jpg,b197271dd7fb4925995c2fc42ea5e5a3,~/ml4img/f4dficimg/dif_MRItumor/me-1086.jpg,2,"[""dtr005"", ""dtr006""]"
16,6083,me-1102.jpg,[103],103,static/img/7cc70f6ff19a42f3aa9c94bf9b5c2330_me-1102.jpg,7cc70f6ff19a42f3aa9c94bf9b5c2330,~/ml4img/f4dficimg/dif_MRItumor/me-1102.jpg,2,"[""dtr005"", ""dtr006""]"
16,6084,me-1106.jpg,[102],102,static/img/96ede62ee9a84ee69f1ddecbab4a385e_me-1106.jpg,96ede62ee9a84ee69f1ddecbab4a385e,~/ml4img/f4dficimg/dif_MRItumor/me-1106.jpg,2,"[""dtr005"", ""dtr006""]"
16,6085,me-1107.jpg,[103],103,static/img/ecc04610b1144ea496d13e54a37f652f_me-1107.jpg,ecc04610b1144ea496d13e54a37f652f,~/ml4img/f4dficimg/dif_MRItumor/me-1107.jpg,2,"[""dtr005"", ""dtr006""]"
16,6086,me-1110.jpg,[103],103,static/img/1429e4a5fc7d4132b8373a96733205d8_me-1110.jpg,1429e4a5fc7d4132b8373a96733205d8,~/ml4img/f4dficimg/dif_MRItumor/me-1110.jpg,3,"[""dtr004"", ""dtr005"", ""dtr006""]"
16,6087,me-1111.jpg,"[102, 103]",103,static/img/a4e9f4cd0c274154953948dc7e9e72ea_me-1111.jpg,a4e9f4cd0c274154953948dc7e9e72ea,~/ml4img/f4dficimg/dif_MRItumor/me-1111.jpg,3,"[""dtr004"", ""dtr005"", ""dtr006""]"
16,6088,me-1115.jpg,[102],102,static/img/e56b6aa3c86e41bbb89a2055d03424de_me-1115.jpg,e56b6aa3c86e41bbb89a2055d03424de,~/ml4img/f4dficimg/dif_MRItumor/me-1115.jpg,2,"[""dtr005"", ""dtr006""]"
16,6089,me-1126.jpg,[103],103,static/img/053d5de39b7e40ddacf86661fcf5bc72_me-1126.jpg,053d5de39b7e40ddacf86661fcf5bc72,~/ml4img/f4dficimg/dif_MRItumor/me-1126.jpg,2,"[""dtr005"", ""dtr006""]"
16,6090,me-1131.jpg,[103],103,static/img/f0abf32786c3418d8e349de0d9f09eeb_me-1131.jpg,f0abf32786c3418d8e349de0d9f09eeb,~/ml4img/f4dficimg/dif_MRItumor/me-1131.jpg,2,"[""dtr005"", ""dtr006""]"
16,6091,me-1139.jpg,[103],103,static/img/0d1db4997ce04bbc9087f4d98443c8ec_me-1139.jpg,0d1db4997ce04bbc9087f4d98443c8ec,~/ml4img/f4dficimg/dif_MRItumor/me-1139.jpg,2,"[""dtr005"", ""dtr006""]"
16,6092,me-1140.jpg,[103],103,static/img/588bf5ce30ff4ea8afcf255d936b5bfd_me-1140.jpg,588bf5ce30ff4ea8afcf255d936b5bfd,~/ml4img/f4dficimg/dif_MRItumor/me-1140.jpg,2,"[""dtr005"", ""dtr006""]"
16,6093,me-1145.jpg,[103],103,static/img/f16c0e3da6074951aa5469e8c1c396e9_me-1145.jpg,f16c0e3da6074951aa5469e8c1c396e9,~/ml4img/f4dficimg/dif_MRItumor/me-1145.jpg,2,"[""dtr005"", ""dtr006""]"
16,6094,me-1147.jpg,[103],103,static/img/becbf063c5174f51949188f1d631ec33_me-1147.jpg,becbf063c5174f51949188f1d631ec33,~/ml4img/f4dficimg/dif_MRItumor/me-1147.jpg,2,"[""dtr005"", ""dtr006""]"
16,6095,me-1149.jpg,"[102, 103]",102,static/img/c8799add2e3c42e2b8f550cb0c1e6a69_me-1149.jpg,c8799add2e3c42e2b8f550cb0c1e6a69,~/ml4img/f4dficimg/dif_MRItumor/me-1149.jpg,2,"[""dtr005"", ""dtr006""]"
16,6096,me-1160.jpg,[103],103,static/img/94ce7abbcd93435b9b74838b776fdfbc_me-1160.jpg,94ce7abbcd93435b9b74838b776fdfbc,~/ml4img/f4dficimg/dif_MRItumor/me-1160.jpg,2,"[""dtr005"", ""dtr006""]"
16,6097,me-1162.jpg,"[103, 104]",103,static/img/96cb4861b852484a86c5e4f852b0aac0_me-1162.jpg,96cb4861b852484a86c5e4f852b0aac0,~/ml4img/f4dficimg/dif_MRItumor/me-1162.jpg,2,"[""dtr005"", ""dtr006""]"
16,6098,me-1171.jpg,"[103, 104]",103,static/img/175974169a1c4195976be2c545cfe0aa_me-1171.jpg,175974169a1c4195976be2c545cfe0aa,~/ml4img/f4dficimg/dif_MRItumor/me-1171.jpg,2,"[""dtr005"", ""dtr006""]"
16,6099,me-1178.jpg,[103],103,static/img/7381d08e1c3f4b178f2e00caa23cd344_me-1178.jpg,7381d08e1c3f4b178f2e00caa23cd344,~/ml4img/f4dficimg/dif_MRItumor/me-1178.jpg,2,"[""dtr005"", ""dtr006""]"
16,6100,me-1180.jpg,"[103, 104]",103,static/img/7e38ce521fb74798aa5a4aaeb6953297_me-1180.jpg,7e38ce521fb74798aa5a4aaeb6953297,~/ml4img/f4dficimg/dif_MRItumor/me-1180.jpg,2,"[""dtr005"", ""dtr006""]"
16,6101,me-1184.jpg,"[102, 103]",102,static/img/31ba1e1999b54698b24b6967f79d98e7_me-1184.jpg,31ba1e1999b54698b24b6967f79d98e7,~/ml4img/f4dficimg/dif_MRItumor/me-1184.jpg,2,"[""dtr005"", ""dtr006""]"
16,6102,me-1190.jpg,"[102, 103]",102,static/img/40994a41e23a47589c234e2f06abf431_me-1190.jpg,40994a41e23a47589c234e2f06abf431,~/ml4img/f4dficimg/dif_MRItumor/me-1190.jpg,2,"[""dtr005"", ""dtr006""]"
16,6103,me-1192.jpg,[104],104,static/img/a0054f8c47d543cc9cae7827a6cfb877_me-1192.jpg,a0054f8c47d543cc9cae7827a6cfb877,~/ml4img/f4dficimg/dif_MRItumor/me-1192.jpg,2,"[""dtr005"", ""dtr006""]"
16,6104,me-1195.jpg,[103],103,static/img/0946acd4e0f24814836f491674562166_me-1195.jpg,0946acd4e0f24814836f491674562166,~/ml4img/f4dficimg/dif_MRItumor/me-1195.jpg,2,"[""dtr005"", ""dtr006""]"
16,6105,me-1196.jpg,[103],103,static/img/d246365e09284a6c8e3a1968043179ab_me-1196.jpg,d246365e09284a6c8e3a1968043179ab,~/ml4img/f4dficimg/dif_MRItumor/me-1196.jpg,2,"[""dtr005"", ""dtr006""]"
16,6106,me-1207.jpg,"[103, 104]",103,static/img/392a637a8973485ebe1ff52919567eee_me-1207.jpg,392a637a8973485ebe1ff52919567eee,~/ml4img/f4dficimg/dif_MRItumor/me-1207.jpg,2,"[""dtr005"", ""dtr006""]"
16,6107,me-1211.jpg,[103],103,static/img/0ebb4d9a1dc94006a139d329ccbdfd96_me-1211.jpg,0ebb4d9a1dc94006a139d329ccbdfd96,~/ml4img/f4dficimg/dif_MRItumor/me-1211.jpg,2,"[""dtr005"", ""dtr006""]"
16,6108,me-1212.jpg,"[103, 105]",105,static/img/f111996a6d2a48dfb9c0cc0f8433c154_me-1212.jpg,f111996a6d2a48dfb9c0cc0f8433c154,~/ml4img/f4dficimg/dif_MRItumor/me-1212.jpg,3,"[""dtr004"", ""dtr005"", ""dtr006""]"
16,6109,me-1220.jpg,[103],103,static/img/e907238d758347b6b837e47540a1c115_me-1220.jpg,e907238d758347b6b837e47540a1c115,~/ml4img/f4dficimg/dif_MRItumor/me-1220.jpg,2,"[""dtr005"", ""dtr006""]"
16,6110,me-1222.jpg,"[103, 104]",103,static/img/0308c5472fe04ed6a28196f4dbaaf776_me-1222.jpg,0308c5472fe04ed6a28196f4dbaaf776,~/ml4img/f4dficimg/dif_MRItumor/me-1222.jpg,3,"[""dtr004"", ""dtr005"", ""dtr006""]"
16,6111,me-1234.jpg,[102],102,static/img/997bb7ff41444995b4667fb5f99342a0_me-1234.jpg,997bb7ff41444995b4667fb5f99342a0,~/ml4img/f4dficimg/dif_MRItumor/me-1234.jpg,2,"[""dtr005"", ""dtr006""]"
16,6112,me-1236.jpg,[103],103,static/img/464f3dd2c8f748258b9f067f65fe411e_me-1236.jpg,464f3dd2c8f748258b9f067f65fe411e,~/ml4img/f4dficimg/dif_MRItumor/me-1236.jpg,2,"[""dtr005"", ""dtr006""]"
16,6113,me-1243.jpg,[103],103,static/img/7337a14c581f44daa718be3ddc14d515_me-1243.jpg,7337a14c581f44daa718be3ddc14d515,~/ml4img/f4dficimg/dif_MRItumor/me-1243.jpg,2,"[""dtr005"", ""dtr006""]"
16,6114,me-1244.jpg,[104],104,static/img/42a7f715357d4e84be14004d7580fcc6_me-1244.jpg,42a7f715357d4e84be14004d7580fcc6,~/ml4img/f4dficimg/dif_MRItumor/me-1244.jpg,2,"[""dtr005"", ""dtr006""]"
16,6115,me-1247.jpg,[103],103,static/img/cc34077a38a447858e71913cd4e08f49_me-1247.jpg,cc34077a38a447858e71913cd4e08f49,~/ml4img/f4dficimg/dif_MRItumor/me-1247.jpg,2,"[""dtr005"", ""dtr006""]"
16,6116,me-1248.jpg,[103],103,static/img/8ec7e8a2f55f4aedac639ac79567de30_me-1248.jpg,8ec7e8a2f55f4aedac639ac79567de30,~/ml4img/f4dficimg/dif_MRItumor/me-1248.jpg,2,"[""dtr005"", ""dtr006""]"
16,6117,me-1249.jpg,[103],103,static/img/e3f1c9eac2ed47a7b695044d4c917d6e_me-1249.jpg,e3f1c9eac2ed47a7b695044d4c917d6e,~/ml4img/f4dficimg/dif_MRItumor/me-1249.jpg,2,"[""dtr005"", ""dtr006""]"
16,6118,me-1250.jpg,[103],103,static/img/993722aed6e44a65b2ad62d61ddddc7d_me-1250.jpg,993722aed6e44a65b2ad62d61ddddc7d,~/ml4img/f4dficimg/dif_MRItumor/me-1250.jpg,2,"[""dtr005"", ""dtr006""]"
16,6119,me-1255.jpg,[103],103,static/img/e8a20eebc9a4412ab636f309f883df8d_me-1255.jpg,e8a20eebc9a4412ab636f309f883df8d,~/ml4img/f4dficimg/dif_MRItumor/me-1255.jpg,2,"[""dtr005"", ""dtr006""]"
16,6120,me-1257.jpg,"[102, 103]",103,static/img/a40c9a58d96c4c3d88b4e9e4dce62f6a_me-1257.jpg,a40c9a58d96c4c3d88b4e9e4dce62f6a,~/ml4img/f4dficimg/dif_MRItumor/me-1257.jpg,2,"[""dtr005"", ""dtr006""]"
16,6121,me-1259.jpg,"[102, 105]",102,static/img/357bc3474e0848cf9160a48334e32cb3_me-1259.jpg,357bc3474e0848cf9160a48334e32cb3,~/ml4img/f4dficimg/dif_MRItumor/me-1259.jpg,2,"[""dtr005"", ""dtr006""]"
16,6122,me-1262.jpg,[103],103,static/img/41404af1f2d24120821d6c737498f3de_me-1262.jpg,41404af1f2d24120821d6c737498f3de,~/ml4img/f4dficimg/dif_MRItumor/me-1262.jpg,2,"[""dtr005"", ""dtr006""]"
16,6123,me-1267.jpg,[103],103,static/img/fff3c884fba94b908ce9651e3cfd7d36_me-1267.jpg,fff3c884fba94b908ce9651e3cfd7d36,~/ml4img/f4dficimg/dif_MRItumor/me-1267.jpg,2,"[""dtr005"", ""dtr006""]"
16,6124,me-1269.jpg,"[103, 104]",103,static/img/e9785e8528f74e38974c2ad7cce91edd_me-1269.jpg,e9785e8528f74e38974c2ad7cce91edd,~/ml4img/f4dficimg/dif_MRItumor/me-1269.jpg,3,"[""dtr004"", ""dtr005"", ""dtr006""]"
16,6125,me-1270.jpg,[103],103,static/img/28134f6911c644659c88d1964d0e1023_me-1270.jpg,28134f6911c644659c88d1964d0e1023,~/ml4img/f4dficimg/dif_MRItumor/me-1270.jpg,2,"[""dtr005"", ""dtr006""]"
16,6126,me-1273.jpg,[103],103,static/img/aafacfc193c8400280d272f04ba0dcc1_me-1273.jpg,aafacfc193c8400280d272f04ba0dcc1,~/ml4img/f4dficimg/dif_MRItumor/me-1273.jpg,2,"[""dtr005"", ""dtr006""]"
16,6127,me-1292.jpg,[103],103,static/img/600f58e35eba4f70a7a5a06e1b9476c4_me-1292.jpg,600f58e35eba4f70a7a5a06e1b9476c4,~/ml4img/f4dficimg/dif_MRItumor/me-1292.jpg,2,"[""dtr005"", ""dtr006""]"
16,6128,me-1293.jpg,[103],103,static/img/908c8a29b1b1441293628abfe15ae19f_me-1293.jpg,908c8a29b1b1441293628abfe15ae19f,~/ml4img/f4dficimg/dif_MRItumor/me-1293.jpg,2,"[""dtr005"", ""dtr006""]"
16,6129,me-1297.jpg,"[102, 103]",102,static/img/518331e45edd4d9cb4ed56f0c33a0783_me-1297.jpg,518331e45edd4d9cb4ed56f0c33a0783,~/ml4img/f4dficimg/dif_MRItumor/me-1297.jpg,2,"[""dtr005"", ""dtr006""]"
16,6130,me-1299.jpg,"[102, 103]",102,static/img/cc4faf009183427e9dd879e79aa89478_me-1299.jpg,cc4faf009183427e9dd879e79aa89478,~/ml4img/f4dficimg/dif_MRItumor/me-1299.jpg,3,"[""dtr004"", ""dtr005"", ""dtr006""]"
16,6131,me-1304.jpg,[103],103,static/img/6e40ab8a4e624b93a1dddfeaeaa48202_me-1304.jpg,6e40ab8a4e624b93a1dddfeaeaa48202,~/ml4img/f4dficimg/dif_MRItumor/me-1304.jpg,2,"[""dtr005"", ""dtr006""]"
16,6132,me-1310.jpg,[103],103,static/img/134f57dfcf35424e8a6c2c8cb6ded441_me-1310.jpg,134f57dfcf35424e8a6c2c8cb6ded441,~/ml4img/f4dficimg/dif_MRItumor/me-1310.jpg,2,"[""dtr005"", ""dtr006""]"
16,6133,me-1324.jpg,[103],103,static/img/74c97c53cf8b437e83c14522174ad839_me-1324.jpg,74c97c53cf8b437e83c14522174ad839,~/ml4img/f4dficimg/dif_MRItumor/me-1324.jpg,2,"[""dtr005"", ""dtr006""]"
16,6134,me-1328.jpg,[103],103,static/img/555022606592438681338b984ca30441_me-1328.jpg,555022606592438681338b984ca30441,~/ml4img/f4dficimg/dif_MRItumor/me-1328.jpg,2,"[""dtr005"", ""dtr006""]"
16,6135,me-1331.jpg,[103],103,static/img/a518e73676ca4c3ea2012b1821632a9b_me-1331.jpg,a518e73676ca4c3ea2012b1821632a9b,~/ml4img/f4dficimg/dif_MRItumor/me-1331.jpg,2,"[""dtr005"", ""dtr006""]"
16,6136,me-1333.jpg,"[103, 104]",103,static/img/5b4560c72fb64153a680a3df0d2fc6c5_me-1333.jpg,5b4560c72fb64153a680a3df0d2fc6c5,~/ml4img/f4dficimg/dif_MRItumor/me-1333.jpg,3,"[""dtr004"", ""dtr005"", ""dtr006""]"
16,6137,me-1343.jpg,[103],103,static/img/d2c05cd8d66545848cf91cd50e32e801_me-1343.jpg,d2c05cd8d66545848cf91cd50e32e801,~/ml4img/f4dficimg/dif_MRItumor/me-1343.jpg,3,"[""admin"", ""dtr005"", ""dtr006""]"
16,6138,me-1345.jpg,[102],102,static/img/8c45f28695e949a8b211fac0150d101b_me-1345.jpg,8c45f28695e949a8b211fac0150d101b,~/ml4img/f4dficimg/dif_MRItumor/me-1345.jpg,2,"[""dtr005"", ""dtr006""]"
16,6139,me-1346.jpg,[103],103,static/img/6f2ae9ad5fc84fd783f2df855e82c591_me-1346.jpg,6f2ae9ad5fc84fd783f2df855e82c591,~/ml4img/f4dficimg/dif_MRItumor/me-1346.jpg,2,"[""dtr005"", ""dtr006""]"
16,6140,me-1354.jpg,[102],102,static/img/d78a5fe8f543496296100e8a57ed90e9_me-1354.jpg,d78a5fe8f543496296100e8a57ed90e9,~/ml4img/f4dficimg/dif_MRItumor/me-1354.jpg,2,"[""dtr005"", ""dtr006""]"
16,6141,me-1355.jpg,"[104, 105]",104,static/img/da3509eed64544e7b95dc72ccc97693a_me-1355.jpg,da3509eed64544e7b95dc72ccc97693a,~/ml4img/f4dficimg/dif_MRItumor/me-1355.jpg,2,"[""dtr005"", ""dtr006""]"
16,6142,me-1357.jpg,"[102, 103]",103,static/img/45e9411be6f648f6a3916ab24a921c17_me-1357.jpg,45e9411be6f648f6a3916ab24a921c17,~/ml4img/f4dficimg/dif_MRItumor/me-1357.jpg,3,"[""dtr004"", ""dtr005"", ""dtr006""]"
16,6143,me-1358.jpg,"[103, 104]",103,static/img/a69d3e0048fd4beab9e5cd5f0bb0b8f8_me-1358.jpg,a69d3e0048fd4beab9e5cd5f0bb0b8f8,~/ml4img/f4dficimg/dif_MRItumor/me-1358.jpg,2,"[""dtr005"", ""dtr006""]"
16,6144,me-1361.jpg,[103],103,static/img/1b228ad2d5ac4cc4be846949c08bbc37_me-1361.jpg,1b228ad2d5ac4cc4be846949c08bbc37,~/ml4img/f4dficimg/dif_MRItumor/me-1361.jpg,2,"[""dtr005"", ""dtr006""]"
16,6145,me-1362.jpg,[103],103,static/img/4a47a54612df46d7898e4ddcf1eeb1ba_me-1362.jpg,4a47a54612df46d7898e4ddcf1eeb1ba,~/ml4img/f4dficimg/dif_MRItumor/me-1362.jpg,3,"[""dtr004"", ""dtr005"", ""dtr006""]"
16,6146,me-1364.jpg,"[103, 104]",103,static/img/02d13df1566b46b299ee0345d3f9bac4_me-1364.jpg,02d13df1566b46b299ee0345d3f9bac4,~/ml4img/f4dficimg/dif_MRItumor/me-1364.jpg,2,"[""dtr005"", ""dtr006""]"
16,6147,me-1370.jpg,[103],103,static/img/f0acc0571ba442f0b5822b5482ef5a50_me-1370.jpg,f0acc0571ba442f0b5822b5482ef5a50,~/ml4img/f4dficimg/dif_MRItumor/me-1370.jpg,2,"[""dtr005"", ""dtr006""]"
16,6148,me-1373.jpg,"[102, 103]",102,static/img/ccf72d78d210456a9045cd70a86f6e90_me-1373.jpg,ccf72d78d210456a9045cd70a86f6e90,~/ml4img/f4dficimg/dif_MRItumor/me-1373.jpg,2,"[""dtr005"", ""dtr006""]"
16,6149,me-1383.jpg,[104],104,static/img/f6e4863cfe0e4367989f7aa7353e5037_me-1383.jpg,f6e4863cfe0e4367989f7aa7353e5037,~/ml4img/f4dficimg/dif_MRItumor/me-1383.jpg,2,"[""dtr005"", ""dtr006""]"
16,6150,me-1388.jpg,[103],103,static/img/1c9de095934f41fdbffabea6beb93b5a_me-1388.jpg,1c9de095934f41fdbffabea6beb93b5a,~/ml4img/f4dficimg/dif_MRItumor/me-1388.jpg,2,"[""dtr005"", ""dtr006""]"
16,6151,me-1389.jpg,"[102, 103]",102,static/img/4939cd6eb64748bc81cbbbabe996eb04_me-1389.jpg,4939cd6eb64748bc81cbbbabe996eb04,~/ml4img/f4dficimg/dif_MRItumor/me-1389.jpg,2,"[""dtr005"", ""dtr006""]"
16,6152,me-1391.jpg,"[102, 103]",102,static/img/9f261ea9ebdb4b1f937ac77b68b89cff_me-1391.jpg,9f261ea9ebdb4b1f937ac77b68b89cff,~/ml4img/f4dficimg/dif_MRItumor/me-1391.jpg,2,"[""dtr005"", ""dtr006""]"
16,6153,me-1393.jpg,[102],102,static/img/792e583580374ac98ef9b1309031572c_me-1393.jpg,792e583580374ac98ef9b1309031572c,~/ml4img/f4dficimg/dif_MRItumor/me-1393.jpg,2,"[""dtr005"", ""dtr006""]"
16,6154,me-1394.jpg,[103],103,static/img/dec9cd2919724c3ab6dc2a03e2b3c5b3_me-1394.jpg,dec9cd2919724c3ab6dc2a03e2b3c5b3,~/ml4img/f4dficimg/dif_MRItumor/me-1394.jpg,2,"[""dtr005"", ""dtr006""]"
16,6155,me-1396.jpg,"[102, 103]",103,static/img/e68a8f3a12474580a186f698dc64ff7c_me-1396.jpg,e68a8f3a12474580a186f698dc64ff7c,~/ml4img/f4dficimg/dif_MRItumor/me-1396.jpg,3,"[""dtr004"", ""dtr005"", ""dtr006""]"
16,6156,me-1397.jpg,[102],102,static/img/2d4379d20e354d1f8bb138657ac9a746_me-1397.jpg,2d4379d20e354d1f8bb138657ac9a746,~/ml4img/f4dficimg/dif_MRItumor/me-1397.jpg,2,"[""dtr005"", ""dtr006""]"
16,6157,me-1398.jpg,"[102, 103, 104]",103,static/img/1e6c08be43e649b6a7ffbb0210131f87_me-1398.jpg,1e6c08be43e649b6a7ffbb0210131f87,~/ml4img/f4dficimg/dif_MRItumor/me-1398.jpg,3,"[""dtr004"", ""dtr005"", ""dtr006""]"
16,6158,me-1403.jpg,[103],103,static/img/387fc7bfb7f741daad5c208893422ccb_me-1403.jpg,387fc7bfb7f741daad5c208893422ccb,~/ml4img/f4dficimg/dif_MRItumor/me-1403.jpg,2,"[""dtr005"", ""dtr006""]"
16,6159,me-1408.jpg,"[103, 104]",103,static/img/f403fdca04a24a609ef65d718bb4db97_me-1408.jpg,f403fdca04a24a609ef65d718bb4db97,~/ml4img/f4dficimg/dif_MRItumor/me-1408.jpg,3,"[""dtr004"", ""dtr005"", ""dtr006""]"
16,6160,me-1410.jpg,[103],103,static/img/aa2d6f94063340ca8b2e6da927af9c55_me-1410.jpg,aa2d6f94063340ca8b2e6da927af9c55,~/ml4img/f4dficimg/dif_MRItumor/me-1410.jpg,2,"[""dtr005"", ""dtr006""]"
16,6161,me-1412.jpg,[103],103,static/img/3b57b87c0d6b4e0e8dfe26c90557e417_me-1412.jpg,3b57b87c0d6b4e0e8dfe26c90557e417,~/ml4img/f4dficimg/dif_MRItumor/me-1412.jpg,2,"[""dtr005"", ""dtr006""]"
16,6162,me-1414.jpg,[103],103,static/img/4738775988e44029a9c840d2686dcf24_me-1414.jpg,4738775988e44029a9c840d2686dcf24,~/ml4img/f4dficimg/dif_MRItumor/me-1414.jpg,2,"[""dtr005"", ""dtr006""]"
16,6163,me-1420.jpg,[103],103,static/img/d7d1ecbd80c84324851b2da6e1bb6b70_me-1420.jpg,d7d1ecbd80c84324851b2da6e1bb6b70,~/ml4img/f4dficimg/dif_MRItumor/me-1420.jpg,2,"[""dtr005"", ""dtr006""]"
16,6164,me-1425.jpg,[102],102,static/img/5a1b502cc9ea406e82cb3e9f6757c887_me-1425.jpg,5a1b502cc9ea406e82cb3e9f6757c887,~/ml4img/f4dficimg/dif_MRItumor/me-1425.jpg,2,"[""dtr005"", ""dtr006""]"
16,6165,me-1427.jpg,[103],103,static/img/960b7b32f65e417daa6dedc69b8898b7_me-1427.jpg,960b7b32f65e417daa6dedc69b8898b7,~/ml4img/f4dficimg/dif_MRItumor/me-1427.jpg,2,"[""dtr005"", ""dtr006""]"
16,6166,me-1429.jpg,[103],103,static/img/12c24fff7b614c039997de164278fffd_me-1429.jpg,12c24fff7b614c039997de164278fffd,~/ml4img/f4dficimg/dif_MRItumor/me-1429.jpg,2,"[""dtr005"", ""dtr006""]"
16,6167,me-1430.jpg,[103],103,static/img/2db413ba75d54990a22f173953564a01_me-1430.jpg,2db413ba75d54990a22f173953564a01,~/ml4img/f4dficimg/dif_MRItumor/me-1430.jpg,2,"[""dtr005"", ""dtr006""]"
16,6168,me-1433.jpg,[103],103,static/img/c0030852213b4124a852eef253a4ba16_me-1433.jpg,c0030852213b4124a852eef253a4ba16,~/ml4img/f4dficimg/dif_MRItumor/me-1433.jpg,2,"[""dtr005"", ""dtr006""]"
16,6169,me-1435.jpg,[103],103,static/img/3e4d1b4ca5c74d3498e4822467e4133f_me-1435.jpg,3e4d1b4ca5c74d3498e4822467e4133f,~/ml4img/f4dficimg/dif_MRItumor/me-1435.jpg,2,"[""dtr005"", ""dtr006""]"
16,6170,me-1437.jpg,[104],104,static/img/a7f4b8490e4d4a809d964cae91386bc2_me-1437.jpg,a7f4b8490e4d4a809d964cae91386bc2,~/ml4img/f4dficimg/dif_MRItumor/me-1437.jpg,2,"[""dtr005"", ""dtr006""]"
16,6171,me-1448.jpg,[103],103,static/img/37f5e7d8685d4e4b96bcb52c3f8928ec_me-1448.jpg,37f5e7d8685d4e4b96bcb52c3f8928ec,~/ml4img/f4dficimg/dif_MRItumor/me-1448.jpg,2,"[""dtr005"", ""dtr006""]"
16,6172,me-1457.jpg,[102],102,static/img/07d62afc15864bd9bbc339bdcf8f5f35_me-1457.jpg,07d62afc15864bd9bbc339bdcf8f5f35,~/ml4img/f4dficimg/dif_MRItumor/me-1457.jpg,2,"[""dtr005"", ""dtr006""]"
16,6173,me-1458.jpg,"[102, 103]",103,static/img/55f9b58efc3f4a5d90c51cecb7d7498f_me-1458.jpg,55f9b58efc3f4a5d90c51cecb7d7498f,~/ml4img/f4dficimg/dif_MRItumor/me-1458.jpg,3,"[""dtr004"", ""dtr005"", ""dtr006""]"
16,6174,me-1460.jpg,[103],103,static/img/82f4ca10d0fc44a5ae985ed9b1fcfe5d_me-1460.jpg,82f4ca10d0fc44a5ae985ed9b1fcfe5d,~/ml4img/f4dficimg/dif_MRItumor/me-1460.jpg,2,"[""dtr005"", ""dtr006""]"
16,6175,me-1462.jpg,[103],103,static/img/53d93d1880384f92bda567540972a2b4_me-1462.jpg,53d93d1880384f92bda567540972a2b4,~/ml4img/f4dficimg/dif_MRItumor/me-1462.jpg,2,"[""dtr005"", ""dtr006""]"
16,6176,me-1467.jpg,[103],103,static/img/2c55f263c7754362bb0905590f28240c_me-1467.jpg,2c55f263c7754362bb0905590f28240c,~/ml4img/f4dficimg/dif_MRItumor/me-1467.jpg,2,"[""dtr005"", ""dtr006""]"
16,6177,me-1475.jpg,"[102, 103]",103,static/img/855310679e3a4de0997658aa9c293fd7_me-1475.jpg,855310679e3a4de0997658aa9c293fd7,~/ml4img/f4dficimg/dif_MRItumor/me-1475.jpg,2,"[""dtr005"", ""dtr006""]"
16,6178,me-1480.jpg,[103],103,static/img/1f7682e5af7e46aba0e938f1cbcb46a5_me-1480.jpg,1f7682e5af7e46aba0e938f1cbcb46a5,~/ml4img/f4dficimg/dif_MRItumor/me-1480.jpg,2,"[""dtr005"", ""dtr006""]"
16,6179,me-1482.jpg,[103],103,static/img/69d88062bd774bbba33217d7c8719d01_me-1482.jpg,69d88062bd774bbba33217d7c8719d01,~/ml4img/f4dficimg/dif_MRItumor/me-1482.jpg,2,"[""dtr005"", ""dtr006""]"
16,6180,me-1483.jpg,[102],102,static/img/bcec48a92b124253af56f61efd67e2ad_me-1483.jpg,bcec48a92b124253af56f61efd67e2ad,~/ml4img/f4dficimg/dif_MRItumor/me-1483.jpg,2,"[""dtr005"", ""dtr006""]"
16,6181,me-1491.jpg,[102],102,static/img/7828cd2a993b4b9da651f79399737a21_me-1491.jpg,7828cd2a993b4b9da651f79399737a21,~/ml4img/f4dficimg/dif_MRItumor/me-1491.jpg,2,"[""dtr005"", ""dtr006""]"
16,6182,me-1496.jpg,[103],103,static/img/2d8decd8dc764679841fbf83e3de9458_me-1496.jpg,2d8decd8dc764679841fbf83e3de9458,~/ml4img/f4dficimg/dif_MRItumor/me-1496.jpg,2,"[""dtr005"", ""dtr006""]"
16,6183,me-1501.jpg,[103],103,static/img/99fcaf4ba1a44124840dc3e0a8e8e3d6_me-1501.jpg,99fcaf4ba1a44124840dc3e0a8e8e3d6,~/ml4img/f4dficimg/dif_MRItumor/me-1501.jpg,2,"[""dtr005"", ""dtr006""]"
16,6184,me-1504.jpg,[103],103,static/img/63220733cd8b4751881b26e902bc5716_me-1504.jpg,63220733cd8b4751881b26e902bc5716,~/ml4img/f4dficimg/dif_MRItumor/me-1504.jpg,2,"[""dtr005"", ""dtr006""]"
16,6185,me-1505.jpg,[102],102,static/img/8141495e71064287b8a5f7629f42a387_me-1505.jpg,8141495e71064287b8a5f7629f42a387,~/ml4img/f4dficimg/dif_MRItumor/me-1505.jpg,2,"[""dtr005"", ""dtr006""]"
16,6186,me-1516.jpg,"[102, 103]",102,static/img/1e03c54b8442459cb187114a566852df_me-1516.jpg,1e03c54b8442459cb187114a566852df,~/ml4img/f4dficimg/dif_MRItumor/me-1516.jpg,3,"[""dtr004"", ""dtr005"", ""dtr006""]"
16,6187,me-1520.jpg,[103],103,static/img/bb4693ade94943cfb0e30223b67a5232_me-1520.jpg,bb4693ade94943cfb0e30223b67a5232,~/ml4img/f4dficimg/dif_MRItumor/me-1520.jpg,2,"[""dtr005"", ""dtr006""]"
16,6188,me-1528.jpg,[103],103,static/img/1ccecb38e00b498fb1fb918a66f81e69_me-1528.jpg,1ccecb38e00b498fb1fb918a66f81e69,~/ml4img/f4dficimg/dif_MRItumor/me-1528.jpg,2,"[""dtr005"", ""dtr006""]"
16,6189,me-1529.jpg,[103],103,static/img/778c2101d2c14985935d905cf9180096_me-1529.jpg,778c2101d2c14985935d905cf9180096,~/ml4img/f4dficimg/dif_MRItumor/me-1529.jpg,2,"[""dtr005"", ""dtr006""]"
16,6190,me-1533.jpg,[103],103,static/img/b5b22164b9ae4c858de1ce7ebb730fc7_me-1533.jpg,b5b22164b9ae4c858de1ce7ebb730fc7,~/ml4img/f4dficimg/dif_MRItumor/me-1533.jpg,2,"[""dtr005"", ""dtr006""]"
16,6191,me-1535.jpg,[102],102,static/img/78cf8fe9bb7a4a60ad0c0f761b651b97_me-1535.jpg,78cf8fe9bb7a4a60ad0c0f761b651b97,~/ml4img/f4dficimg/dif_MRItumor/me-1535.jpg,3,"[""dtr004"", ""dtr005"", ""dtr006""]"
16,6192,me-1539.jpg,[103],103,static/img/f756a0ab6f254dbdb2f6236c1c8921b7_me-1539.jpg,f756a0ab6f254dbdb2f6236c1c8921b7,~/ml4img/f4dficimg/dif_MRItumor/me-1539.jpg,3,"[""dtr004"", ""dtr005"", ""dtr006""]"
16,6193,me-1542.jpg,[103],103,static/img/2b3cf954cdde4a2bbe2a24d74e05d981_me-1542.jpg,2b3cf954cdde4a2bbe2a24d74e05d981,~/ml4img/f4dficimg/dif_MRItumor/me-1542.jpg,2,"[""dtr005"", ""dtr006""]"
16,6194,me-1544.jpg,[103],103,static/img/c84a0528dcbe418691ac916fe1bc55c0_me-1544.jpg,c84a0528dcbe418691ac916fe1bc55c0,~/ml4img/f4dficimg/dif_MRItumor/me-1544.jpg,3,"[""dtr004"", ""dtr005"", ""dtr006""]"
16,6195,me-1548.jpg,"[102, 104]",102,static/img/53d8e100888443e497f1f07f120e413d_me-1548.jpg,53d8e100888443e497f1f07f120e413d,~/ml4img/f4dficimg/dif_MRItumor/me-1548.jpg,3,"[""dtr004"", ""dtr005"", ""dtr006""]"
16,6196,me-1553.jpg,[103],103,static/img/08ceb77064e84afa94e1a86a7f552763_me-1553.jpg,08ceb77064e84afa94e1a86a7f552763,~/ml4img/f4dficimg/dif_MRItumor/me-1553.jpg,2,"[""dtr005"", ""dtr006""]"
16,6197,me-1556.jpg,"[103, 104]",104,static/img/662d371673ba44d9a33948845b11f68a_me-1556.jpg,662d371673ba44d9a33948845b11f68a,~/ml4img/f4dficimg/dif_MRItumor/me-1556.jpg,2,"[""dtr005"", ""dtr006""]"
16,6198,me-1557.jpg,[103],103,static/img/2dc4ca9381b0408da7027153dccf6b48_me-1557.jpg,2dc4ca9381b0408da7027153dccf6b48,~/ml4img/f4dficimg/dif_MRItumor/me-1557.jpg,2,"[""dtr005"", ""dtr006""]"
16,6199,me-1558.jpg,"[103, 104]",103,static/img/36633435f3dd4d7bb65b42a5acbd87ce_me-1558.jpg,36633435f3dd4d7bb65b42a5acbd87ce,~/ml4img/f4dficimg/dif_MRItumor/me-1558.jpg,2,"[""dtr005"", ""dtr006""]"
16,6200,me-1565.jpg,[104],104,static/img/991887ace8874586bc7306ccd2b01a98_me-1565.jpg,991887ace8874586bc7306ccd2b01a98,~/ml4img/f4dficimg/dif_MRItumor/me-1565.jpg,2,"[""dtr005"", ""dtr006""]"
16,6201,me-1576.jpg,[103],103,static/img/6fcfb56f242a49fc94332118fb1192bd_me-1576.jpg,6fcfb56f242a49fc94332118fb1192bd,~/ml4img/f4dficimg/dif_MRItumor/me-1576.jpg,2,"[""dtr005"", ""dtr006""]"
16,6202,me-1582.jpg,"[103, 104]",104,static/img/bbb95998f1d644edb8bad3d4db8ba919_me-1582.jpg,bbb95998f1d644edb8bad3d4db8ba919,~/ml4img/f4dficimg/dif_MRItumor/me-1582.jpg,3,"[""dtr004"", ""dtr005"", ""dtr006""]"
16,6203,me-1593.jpg,"[103, 104]",104,static/img/6cddd51cd8a846a6a8518dd50be9d83f_me-1593.jpg,6cddd51cd8a846a6a8518dd50be9d83f,~/ml4img/f4dficimg/dif_MRItumor/me-1593.jpg,3,"[""dtr004"", ""dtr005"", ""dtr006""]"
16,6204,me-1594.jpg,[103],103,static/img/725e15cef703477593f0d99a98a1f681_me-1594.jpg,725e15cef703477593f0d99a98a1f681,~/ml4img/f4dficimg/dif_MRItumor/me-1594.jpg,2,"[""dtr005"", ""dtr006""]"
16,6205,me-1606.jpg,[103],103,static/img/ce53f8c9f68040bca6b818ddd650e851_me-1606.jpg,ce53f8c9f68040bca6b818ddd650e851,~/ml4img/f4dficimg/dif_MRItumor/me-1606.jpg,2,"[""dtr005"", ""dtr006""]"
16,6206,me-1609.jpg,[104],104,static/img/2d9eae6796854a2d8fb2b397c534bd2d_me-1609.jpg,2d9eae6796854a2d8fb2b397c534bd2d,~/ml4img/f4dficimg/dif_MRItumor/me-1609.jpg,3,"[""dtr004"", ""dtr005"", ""dtr006""]"
16,6207,me-1612.jpg,[103],103,static/img/81885f07e984468992143cf0f6bf7fc9_me-1612.jpg,81885f07e984468992143cf0f6bf7fc9,~/ml4img/f4dficimg/dif_MRItumor/me-1612.jpg,2,"[""dtr005"", ""dtr006""]"
16,6208,me-1615.jpg,[103],103,static/img/74d968f02cb147e492eb5d5398bbe0eb_me-1615.jpg,74d968f02cb147e492eb5d5398bbe0eb,~/ml4img/f4dficimg/dif_MRItumor/me-1615.jpg,2,"[""dtr005"", ""dtr006""]"
16,6209,me-1617.jpg,[103],103,static/img/3f60127e6ebe498ab06ef25a45f0502f_me-1617.jpg,3f60127e6ebe498ab06ef25a45f0502f,~/ml4img/f4dficimg/dif_MRItumor/me-1617.jpg,2,"[""dtr005"", ""dtr006""]"
16,6210,me-1620.jpg,"[102, 104]",102,static/img/7aacc4e91b8a4e1c84d0cd2d74a9f6a8_me-1620.jpg,7aacc4e91b8a4e1c84d0cd2d74a9f6a8,~/ml4img/f4dficimg/dif_MRItumor/me-1620.jpg,2,"[""dtr005"", ""dtr006""]"
16,6211,me-1621.jpg,[103],103,static/img/c1525c2357b84f408959a0c26bead829_me-1621.jpg,c1525c2357b84f408959a0c26bead829,~/ml4img/f4dficimg/dif_MRItumor/me-1621.jpg,2,"[""dtr005"", ""dtr006""]"
16,6212,me-1634.jpg,"[103, 104]",103,static/img/311f24a6c1b14b869ad2936ec5977faf_me-1634.jpg,311f24a6c1b14b869ad2936ec5977faf,~/ml4img/f4dficimg/dif_MRItumor/me-1634.jpg,3,"[""dtr004"", ""dtr005"", ""dtr006""]"
16,6213,me-1635.jpg,"[103, 104]",104,static/img/76d3d0ede2af44388ecd7458bd952c9f_me-1635.jpg,76d3d0ede2af44388ecd7458bd952c9f,~/ml4img/f4dficimg/dif_MRItumor/me-1635.jpg,3,"[""dtr004"", ""dtr005"", ""dtr006""]"
16,6214,me-1638.jpg,[102],102,static/img/5253c8fe0e5647d99186e93d17acb9e3_me-1638.jpg,5253c8fe0e5647d99186e93d17acb9e3,~/ml4img/f4dficimg/dif_MRItumor/me-1638.jpg,2,"[""dtr005"", ""dtr006""]"
16,6215,me-1642.jpg,[103],103,static/img/e13a6d1e72e74698b51a2e43ab3e166b_me-1642.jpg,e13a6d1e72e74698b51a2e43ab3e166b,~/ml4img/f4dficimg/dif_MRItumor/me-1642.jpg,2,"[""dtr005"", ""dtr006""]"
16,6216,me-1644.jpg,[103],103,static/img/d952e192f598495b8f2b70b2d8aaabde_me-1644.jpg,d952e192f598495b8f2b70b2d8aaabde,~/ml4img/f4dficimg/dif_MRItumor/me-1644.jpg,2,"[""dtr005"", ""dtr006""]"
16,6217,me-1647.jpg,"[102, 103]",103,static/img/472f63e1578442c88c3d81e7e6e8bf55_me-1647.jpg,472f63e1578442c88c3d81e7e6e8bf55,~/ml4img/f4dficimg/dif_MRItumor/me-1647.jpg,3,"[""dtr004"", ""dtr005"", ""dtr006""]"
16,6218,me-1648.jpg,[104],104,static/img/22fc058a69144b72948c67b2864a6999_me-1648.jpg,22fc058a69144b72948c67b2864a6999,~/ml4img/f4dficimg/dif_MRItumor/me-1648.jpg,2,"[""dtr005"", ""dtr006""]"
16,6219,me-1649.jpg,[102],102,static/img/0ae1825607084b8b9acb3c1932911f19_me-1649.jpg,0ae1825607084b8b9acb3c1932911f19,~/ml4img/f4dficimg/dif_MRItumor/me-1649.jpg,2,"[""dtr005"", ""dtr006""]"
16,6220,me-1657.jpg,"[103, 104]",103,static/img/1ef530740c5740ab815b3ebd68f85c36_me-1657.jpg,1ef530740c5740ab815b3ebd68f85c36,~/ml4img/f4dficimg/dif_MRItumor/me-1657.jpg,3,"[""dtr004"", ""dtr005"", ""dtr006""]"
16,6221,me-1658.jpg,"[102, 103]",102,static/img/b3f121661901414b94d1c464b4d99948_me-1658.jpg,b3f121661901414b94d1c464b4d99948,~/ml4img/f4dficimg/dif_MRItumor/me-1658.jpg,2,"[""dtr005"", ""dtr006""]"
16,6222,me-1663.jpg,[103],103,static/img/f7bfe3ce3e644444ae3ad6995a8aac44_me-1663.jpg,f7bfe3ce3e644444ae3ad6995a8aac44,~/ml4img/f4dficimg/dif_MRItumor/me-1663.jpg,2,"[""dtr005"", ""dtr006""]"
16,6223,me-1671.jpg,[103],103,static/img/d63c54b4ae834c21b753f32173a7f5fb_me-1671.jpg,d63c54b4ae834c21b753f32173a7f5fb,~/ml4img/f4dficimg/dif_MRItumor/me-1671.jpg,2,"[""dtr005"", ""dtr006""]"
16,6224,me-1675.jpg,[103],103,static/img/24ac0f40055144e1b51d03df52d06354_me-1675.jpg,24ac0f40055144e1b51d03df52d06354,~/ml4img/f4dficimg/dif_MRItumor/me-1675.jpg,2,"[""dtr005"", ""dtr006""]"
16,6225,me-1680.jpg,[103],103,static/img/a553aa0360c045b1a8b59978b3b984db_me-1680.jpg,a553aa0360c045b1a8b59978b3b984db,~/ml4img/f4dficimg/dif_MRItumor/me-1680.jpg,2,"[""dtr005"", ""dtr006""]"
16,6226,me-1681.jpg,[103],103,static/img/a894d970466b443084125f1836480e47_me-1681.jpg,a894d970466b443084125f1836480e47,~/ml4img/f4dficimg/dif_MRItumor/me-1681.jpg,2,"[""dtr005"", ""dtr006""]"
16,6227,me-1688.jpg,"[103, 104]",103,static/img/7c332400f96e4ead9639984f28f0f496_me-1688.jpg,7c332400f96e4ead9639984f28f0f496,~/ml4img/f4dficimg/dif_MRItumor/me-1688.jpg,3,"[""dtr004"", ""dtr005"", ""dtr006""]"
16,6228,me-1689.jpg,[103],103,static/img/1d2ce44aca35491ab65a1d7b42363678_me-1689.jpg,1d2ce44aca35491ab65a1d7b42363678,~/ml4img/f4dficimg/dif_MRItumor/me-1689.jpg,2,"[""dtr005"", ""dtr006""]"
16,6229,me-1695.jpg,[103],103,static/img/e64de71ff2544f2b99465d99f14bcd89_me-1695.jpg,e64de71ff2544f2b99465d99f14bcd89,~/ml4img/f4dficimg/dif_MRItumor/me-1695.jpg,2,"[""dtr005"", ""dtr006""]"
16,6230,me-1696.jpg,[103],103,static/img/24df0964940c4ae2bb2a40b0b552165b_me-1696.jpg,24df0964940c4ae2bb2a40b0b552165b,~/ml4img/f4dficimg/dif_MRItumor/me-1696.jpg,2,"[""dtr005"", ""dtr006""]"
16,6231,me-1697.jpg,[103],103,static/img/270021a2867d4646a100787daf4402e6_me-1697.jpg,270021a2867d4646a100787daf4402e6,~/ml4img/f4dficimg/dif_MRItumor/me-1697.jpg,2,"[""dtr005"", ""dtr006""]"
16,6232,me-1700.jpg,[103],103,static/img/cac4f03b6833406f802a61870bb88f2a_me-1700.jpg,cac4f03b6833406f802a61870bb88f2a,~/ml4img/f4dficimg/dif_MRItumor/me-1700.jpg,2,"[""dtr005"", ""dtr006""]"
16,6233,me-1704.jpg,[103],103,static/img/658cd5461d7c4bf0ac6d4f4ba8eccb93_me-1704.jpg,658cd5461d7c4bf0ac6d4f4ba8eccb93,~/ml4img/f4dficimg/dif_MRItumor/me-1704.jpg,2,"[""dtr005"", ""dtr006""]"
16,6234,me-1705.jpg,[102],102,static/img/12c5549d1f504d46b2e41b4a62f01f48_me-1705.jpg,12c5549d1f504d46b2e41b4a62f01f48,~/ml4img/f4dficimg/dif_MRItumor/me-1705.jpg,2,"[""dtr005"", ""dtr006""]"
16,6235,me-1706.jpg,[103],103,static/img/93b5c5992e8748a0ab20144e4d94fd37_me-1706.jpg,93b5c5992e8748a0ab20144e4d94fd37,~/ml4img/f4dficimg/dif_MRItumor/me-1706.jpg,2,"[""dtr005"", ""dtr006""]"
16,6236,me-1709.jpg,[103],103,static/img/1375a63d27f344508f7b13b4e77f89db_me-1709.jpg,1375a63d27f344508f7b13b4e77f89db,~/ml4img/f4dficimg/dif_MRItumor/me-1709.jpg,2,"[""dtr005"", ""dtr006""]"
16,6237,me-1714.jpg,[103],103,static/img/524c6a22fc364a5785194470fcaceab3_me-1714.jpg,524c6a22fc364a5785194470fcaceab3,~/ml4img/f4dficimg/dif_MRItumor/me-1714.jpg,2,"[""dtr005"", ""dtr006""]"
16,6238,me-1716.jpg,[102],102,static/img/f65413a6f2c946b3be1130fe8a8578fd_me-1716.jpg,f65413a6f2c946b3be1130fe8a8578fd,~/ml4img/f4dficimg/dif_MRItumor/me-1716.jpg,2,"[""dtr005"", ""dtr006""]"
16,6239,me-1718.jpg,[103],103,static/img/d55d75b10625485aa104746e6679556d_me-1718.jpg,d55d75b10625485aa104746e6679556d,~/ml4img/f4dficimg/dif_MRItumor/me-1718.jpg,2,"[""dtr005"", ""dtr006""]"
16,6240,me-1720.jpg,[103],103,static/img/6e999eadfa0843e6a96310aa65a06b81_me-1720.jpg,6e999eadfa0843e6a96310aa65a06b81,~/ml4img/f4dficimg/dif_MRItumor/me-1720.jpg,3,"[""dtr004"", ""dtr005"", ""dtr006""]"
16,6241,me-1721.jpg,[103],103,static/img/2d35435ed5b844989356db5a3d46d2c7_me-1721.jpg,2d35435ed5b844989356db5a3d46d2c7,~/ml4img/f4dficimg/dif_MRItumor/me-1721.jpg,2,"[""dtr005"", ""dtr006""]"
16,6242,me-1723.jpg,[103],103,static/img/938ad05abc0e425fb39cbc14bd1726a8_me-1723.jpg,938ad05abc0e425fb39cbc14bd1726a8,~/ml4img/f4dficimg/dif_MRItumor/me-1723.jpg,2,"[""dtr005"", ""dtr006""]"
16,6243,me-1727.jpg,[103],103,static/img/fa331233bdf443a4b0a15fa283944c2a_me-1727.jpg,fa331233bdf443a4b0a15fa283944c2a,~/ml4img/f4dficimg/dif_MRItumor/me-1727.jpg,2,"[""dtr005"", ""dtr006""]"
16,6244,me-1731.jpg,[103],103,static/img/c73ec151bdb94c128b68c38bdee65bb7_me-1731.jpg,c73ec151bdb94c128b68c38bdee65bb7,~/ml4img/f4dficimg/dif_MRItumor/me-1731.jpg,2,"[""dtr005"", ""dtr006""]"
16,6245,me-1733.jpg,[103],103,static/img/e4a606b2ded74b64b90db55a1c6a3b43_me-1733.jpg,e4a606b2ded74b64b90db55a1c6a3b43,~/ml4img/f4dficimg/dif_MRItumor/me-1733.jpg,2,"[""dtr005"", ""dtr006""]"
16,6246,me-1734.jpg,[103],103,static/img/26488e556b624b31b5f23f4eb252eb24_me-1734.jpg,26488e556b624b31b5f23f4eb252eb24,~/ml4img/f4dficimg/dif_MRItumor/me-1734.jpg,2,"[""dtr005"", ""dtr006""]"
16,6247,me-1736.jpg,"[103, 104]",103,static/img/45468fbddc414f329054a8b37319eb2d_me-1736.jpg,45468fbddc414f329054a8b37319eb2d,~/ml4img/f4dficimg/dif_MRItumor/me-1736.jpg,2,"[""dtr005"", ""dtr006""]"
16,6248,me-1742.jpg,"[102, 103]",102,static/img/85e92ccef82b4f958c03c6d1ffff56d5_me-1742.jpg,85e92ccef82b4f958c03c6d1ffff56d5,~/ml4img/f4dficimg/dif_MRItumor/me-1742.jpg,2,"[""dtr005"", ""dtr006""]"
16,6249,me-1748.jpg,[103],103,static/img/699ac68e76044b9caf910671a4ee1d97_me-1748.jpg,699ac68e76044b9caf910671a4ee1d97,~/ml4img/f4dficimg/dif_MRItumor/me-1748.jpg,2,"[""dtr005"", ""dtr006""]"
16,6250,me-1749.jpg,[103],103,static/img/26ca1bea9fe04e93a41f32dc06d6109d_me-1749.jpg,26ca1bea9fe04e93a41f32dc06d6109d,~/ml4img/f4dficimg/dif_MRItumor/me-1749.jpg,2,"[""dtr005"", ""dtr006""]"
16,6251,me-1750.jpg,"[102, 103]",102,static/img/7be606419cc4441a9308c9fdd66cac5e_me-1750.jpg,7be606419cc4441a9308c9fdd66cac5e,~/ml4img/f4dficimg/dif_MRItumor/me-1750.jpg,2,"[""dtr005"", ""dtr006""]"
16,6252,me-1751.jpg,[103],103,static/img/85555af0beeb48d8af9405e93317900c_me-1751.jpg,85555af0beeb48d8af9405e93317900c,~/ml4img/f4dficimg/dif_MRItumor/me-1751.jpg,2,"[""dtr005"", ""dtr006""]"
16,6253,me-1753.jpg,[102],102,static/img/0f641949a4b147ceb291cf2f13c5dac3_me-1753.jpg,0f641949a4b147ceb291cf2f13c5dac3,~/ml4img/f4dficimg/dif_MRItumor/me-1753.jpg,2,"[""dtr005"", ""dtr006""]"
16,6254,me-1759.jpg,[103],103,static/img/730d8f8e906442f3959710b8aae6471d_me-1759.jpg,730d8f8e906442f3959710b8aae6471d,~/ml4img/f4dficimg/dif_MRItumor/me-1759.jpg,2,"[""dtr005"", ""dtr006""]"
16,6255,me-1760.jpg,[102],102,static/img/b9427d2800d947fdbe72c79b3681fcd0_me-1760.jpg,b9427d2800d947fdbe72c79b3681fcd0,~/ml4img/f4dficimg/dif_MRItumor/me-1760.jpg,2,"[""dtr005"", ""dtr006""]"
16,6256,me-1761.jpg,[102],102,static/img/37394b454edd4c43b34a31db45d0eb53_me-1761.jpg,37394b454edd4c43b34a31db45d0eb53,~/ml4img/f4dficimg/dif_MRItumor/me-1761.jpg,2,"[""dtr005"", ""dtr006""]"
16,6257,me-1762.jpg,[103],103,static/img/09f3c7e7e144423f90a8051a0d2836e1_me-1762.jpg,09f3c7e7e144423f90a8051a0d2836e1,~/ml4img/f4dficimg/dif_MRItumor/me-1762.jpg,2,"[""dtr005"", ""dtr006""]"
16,6258,me-1766.jpg,[103],103,static/img/e886db35f10146fb8a0987b0d1c1a5f3_me-1766.jpg,e886db35f10146fb8a0987b0d1c1a5f3,~/ml4img/f4dficimg/dif_MRItumor/me-1766.jpg,2,"[""dtr005"", ""dtr006""]"
16,6259,me-1768.jpg,[103],103,static/img/22864c67bb0546eba68f26e43a80fbb7_me-1768.jpg,22864c67bb0546eba68f26e43a80fbb7,~/ml4img/f4dficimg/dif_MRItumor/me-1768.jpg,2,"[""dtr005"", ""dtr006""]"
16,6260,me-1770.jpg,"[102, 103]",102,static/img/3b32a1122c354eb1a8b0e97e90a2c32b_me-1770.jpg,3b32a1122c354eb1a8b0e97e90a2c32b,~/ml4img/f4dficimg/dif_MRItumor/me-1770.jpg,2,"[""dtr005"", ""dtr006""]"
16,6261,me-1771.jpg,"[102, 103]",103,static/img/b6ed72d475114c40ad0f8911cbc93a65_me-1771.jpg,b6ed72d475114c40ad0f8911cbc93a65,~/ml4img/f4dficimg/dif_MRItumor/me-1771.jpg,2,"[""dtr005"", ""dtr006""]"
16,6262,no-0005.jpg,[105],105,static/img/10e920dc6aae48c3917941309964c4e0_no-0005.jpg,10e920dc6aae48c3917941309964c4e0,~/ml4img/f4dficimg/dif_MRItumor/no-0005.jpg,2,"[""dtr005"", ""dtr006""]"
16,6263,no-0007.jpg,[105],105,static/img/ec08a37e0fd947edbd4850892a81f4e3_no-0007.jpg,ec08a37e0fd947edbd4850892a81f4e3,~/ml4img/f4dficimg/dif_MRItumor/no-0007.jpg,2,"[""dtr005"", ""dtr006""]"
16,6264,no-0008.jpg,[105],105,static/img/8e2068be28a64a6581b1b761c9b7fbb4_no-0008.jpg,8e2068be28a64a6581b1b761c9b7fbb4,~/ml4img/f4dficimg/dif_MRItumor/no-0008.jpg,2,"[""dtr005"", ""dtr006""]"
16,6265,no-0017.jpg,[105],105,static/img/055fad6c3c434f42aa500b36bb27c659_no-0017.jpg,055fad6c3c434f42aa500b36bb27c659,~/ml4img/f4dficimg/dif_MRItumor/no-0017.jpg,2,"[""dtr005"", ""dtr006""]"
16,6266,no-0023.jpg,"[102, 103]",102,static/img/ac0b4496b3fa4d9fb89056867ce2c4d9_no-0023.jpg,ac0b4496b3fa4d9fb89056867ce2c4d9,~/ml4img/f4dficimg/dif_MRItumor/no-0023.jpg,3,"[""dtr004"", ""dtr005"", ""dtr006""]"
16,6267,no-0027.jpg,[105],105,static/img/fa03a3d30274435ab046d8342518ce51_no-0027.jpg,fa03a3d30274435ab046d8342518ce51,~/ml4img/f4dficimg/dif_MRItumor/no-0027.jpg,2,"[""dtr005"", ""dtr006""]"
16,6268,no-0031.jpg,[105],105,static/img/8039a9abfb864818a0ba9c8596fb0b19_no-0031.jpg,8039a9abfb864818a0ba9c8596fb0b19,~/ml4img/f4dficimg/dif_MRItumor/no-0031.jpg,2,"[""dtr005"", ""dtr006""]"
16,6269,no-0035.jpg,[102],102,static/img/3e31005da6b94c89a0aab9251b3adde1_no-0035.jpg,3e31005da6b94c89a0aab9251b3adde1,~/ml4img/f4dficimg/dif_MRItumor/no-0035.jpg,2,"[""dtr005"", ""dtr006""]"
16,6270,no-0048.jpg,"[102, 103]",102,static/img/5d81a388d89b4d1baad8bffbd77e249c_no-0048.jpg,5d81a388d89b4d1baad8bffbd77e249c,~/ml4img/f4dficimg/dif_MRItumor/no-0048.jpg,2,"[""dtr005"", ""dtr006""]"
16,6271,no-0056.jpg,"[102, 105]",105,static/img/1ef075c3c270432f972a01c7e57ce756_no-0056.jpg,1ef075c3c270432f972a01c7e57ce756,~/ml4img/f4dficimg/dif_MRItumor/no-0056.jpg,2,"[""dtr005"", ""dtr006""]"
16,6272,no-0066.jpg,[105],105,static/img/69dddca57bdd488a96ad94d79b0cda8c_no-0066.jpg,69dddca57bdd488a96ad94d79b0cda8c,~/ml4img/f4dficimg/dif_MRItumor/no-0066.jpg,2,"[""dtr005"", ""dtr006""]"
16,6273,no-0067.jpg,[105],105,static/img/e10e542a42ce468abc48009cf9c6426d_no-0067.jpg,e10e542a42ce468abc48009cf9c6426d,~/ml4img/f4dficimg/dif_MRItumor/no-0067.jpg,2,"[""dtr005"", ""dtr006""]"
16,6274,no-0075.jpg,[105],105,static/img/b9ed5252627647578bb74b4be9a1f83c_no-0075.jpg,b9ed5252627647578bb74b4be9a1f83c,~/ml4img/f4dficimg/dif_MRItumor/no-0075.jpg,2,"[""dtr005"", ""dtr006""]"
16,6275,no-0076.jpg,"[102, 104, 105]",102,static/img/eb5308821a6d446cbb214e42cee162f3_no-0076.jpg,eb5308821a6d446cbb214e42cee162f3,~/ml4img/f4dficimg/dif_MRItumor/no-0076.jpg,3,"[""dtr004"", ""dtr005"", ""dtr006""]"
16,6276,no-0082.jpg,[105],105,static/img/08d62013c6be4b1ab67321dd1c6ff192_no-0082.jpg,08d62013c6be4b1ab67321dd1c6ff192,~/ml4img/f4dficimg/dif_MRItumor/no-0082.jpg,2,"[""dtr005"", ""dtr006""]"
16,6277,no-0120.jpg,"[102, 105]",105,static/img/a6c0e100f59d48519b878f16f7e0b4f9_no-0120.jpg,a6c0e100f59d48519b878f16f7e0b4f9,~/ml4img/f4dficimg/dif_MRItumor/no-0120.jpg,2,"[""dtr005"", ""dtr006""]"
16,6278,no-0121.jpg,"[102, 105]",102,static/img/e5293eaef086463bb053260dac5a9d87_no-0121.jpg,e5293eaef086463bb053260dac5a9d87,~/ml4img/f4dficimg/dif_MRItumor/no-0121.jpg,2,"[""dtr005"", ""dtr006""]"
16,6279,no-0124.jpg,[105],105,static/img/edd739281d80410eb87305ce3463f428_no-0124.jpg,edd739281d80410eb87305ce3463f428,~/ml4img/f4dficimg/dif_MRItumor/no-0124.jpg,2,"[""dtr005"", ""dtr006""]"
16,6280,no-0130.jpg,[105],105,static/img/79b43ef7cd38497c9e98f3e147f19dc5_no-0130.jpg,79b43ef7cd38497c9e98f3e147f19dc5,~/ml4img/f4dficimg/dif_MRItumor/no-0130.jpg,2,"[""dtr005"", ""dtr006""]"
16,6281,no-0132.jpg,[105],105,static/img/d3b5c1b7b90f4cd3aca963bc7d3493c1_no-0132.jpg,d3b5c1b7b90f4cd3aca963bc7d3493c1,~/ml4img/f4dficimg/dif_MRItumor/no-0132.jpg,2,"[""dtr005"", ""dtr006""]"
16,6282,no-0136.jpg,[105],105,static/img/ef6c8c90e368494590ccaf68a1bf73f5_no-0136.jpg,ef6c8c90e368494590ccaf68a1bf73f5,~/ml4img/f4dficimg/dif_MRItumor/no-0136.jpg,2,"[""dtr005"", ""dtr006""]"
16,6283,no-0144.jpg,[105],105,static/img/7ce98058b20f4761850ed1f9845716b7_no-0144.jpg,7ce98058b20f4761850ed1f9845716b7,~/ml4img/f4dficimg/dif_MRItumor/no-0144.jpg,2,"[""dtr005"", ""dtr006""]"
16,6284,no-0146.jpg,[105],105,static/img/95c747496419435ea6e2061d0cd7364d_no-0146.jpg,95c747496419435ea6e2061d0cd7364d,~/ml4img/f4dficimg/dif_MRItumor/no-0146.jpg,2,"[""dtr005"", ""dtr006""]"
16,6285,no-0151.jpg,[105],105,static/img/292014bf9a8f4e01b845d9dabfc55a6c_no-0151.jpg,292014bf9a8f4e01b845d9dabfc55a6c,~/ml4img/f4dficimg/dif_MRItumor/no-0151.jpg,2,"[""dtr005"", ""dtr006""]"
16,6286,no-0168.jpg,[102],102,static/img/e653d79a5a304fd1bbf1d1d69fc598db_no-0168.jpg,e653d79a5a304fd1bbf1d1d69fc598db,~/ml4img/f4dficimg/dif_MRItumor/no-0168.jpg,2,"[""dtr005"", ""dtr006""]"
16,6287,no-0171.jpg,[105],105,static/img/eba5a429109349559001b870859d2cfa_no-0171.jpg,eba5a429109349559001b870859d2cfa,~/ml4img/f4dficimg/dif_MRItumor/no-0171.jpg,2,"[""dtr005"", ""dtr006""]"
16,6288,no-0193.jpg,[105],105,static/img/e1e714603bdd4a95bdf3b48d6069e0a0_no-0193.jpg,e1e714603bdd4a95bdf3b48d6069e0a0,~/ml4img/f4dficimg/dif_MRItumor/no-0193.jpg,2,"[""dtr005"", ""dtr006""]"
16,6289,no-0200.jpg,[105],105,static/img/d62f83a97ada4eb988b99a2ea28b859d_no-0200.jpg,d62f83a97ada4eb988b99a2ea28b859d,~/ml4img/f4dficimg/dif_MRItumor/no-0200.jpg,2,"[""dtr005"", ""dtr006""]"
16,6290,no-0201.jpg,[105],105,static/img/4c49ae33f9ab4c309dc0d5471b136c8a_no-0201.jpg,4c49ae33f9ab4c309dc0d5471b136c8a,~/ml4img/f4dficimg/dif_MRItumor/no-0201.jpg,2,"[""dtr005"", ""dtr006""]"
16,6291,no-0204.jpg,[105],105,static/img/b3e75545218a408bb7fceae566be5245_no-0204.jpg,b3e75545218a408bb7fceae566be5245,~/ml4img/f4dficimg/dif_MRItumor/no-0204.jpg,2,"[""dtr005"", ""dtr006""]"
16,6292,no-0205.jpg,"[102, 103]",102,static/img/baebec77712745dea628c4aa21e7f7f7_no-0205.jpg,baebec77712745dea628c4aa21e7f7f7,~/ml4img/f4dficimg/dif_MRItumor/no-0205.jpg,2,"[""dtr005"", ""dtr006""]"
16,6293,no-0207.jpg,[105],105,static/img/e22b7b1fef484661b3ed8ea8503a133b_no-0207.jpg,e22b7b1fef484661b3ed8ea8503a133b,~/ml4img/f4dficimg/dif_MRItumor/no-0207.jpg,2,"[""dtr005"", ""dtr006""]"
16,6294,no-0208.jpg,[105],105,static/img/d3c8fb90d5764dc3a6545c7d22472d65_no-0208.jpg,d3c8fb90d5764dc3a6545c7d22472d65,~/ml4img/f4dficimg/dif_MRItumor/no-0208.jpg,3,"[""dtr004"", ""dtr005"", ""dtr006""]"
16,6295,no-0210.jpg,[105],105,static/img/46721e5d11dc415b96ae7c1e2b0f42ee_no-0210.jpg,46721e5d11dc415b96ae7c1e2b0f42ee,~/ml4img/f4dficimg/dif_MRItumor/no-0210.jpg,2,"[""dtr005"", ""dtr006""]"
16,6296,no-0211.jpg,[104],104,static/img/9a38cb10604142588bdbaf865987077c_no-0211.jpg,9a38cb10604142588bdbaf865987077c,~/ml4img/f4dficimg/dif_MRItumor/no-0211.jpg,2,"[""dtr005"", ""dtr006""]"
16,6297,no-0227.jpg,"[103, 105]",105,static/img/4df0a0a3c45b486e854df5c68a9a5667_no-0227.jpg,4df0a0a3c45b486e854df5c68a9a5667,~/ml4img/f4dficimg/dif_MRItumor/no-0227.jpg,2,"[""dtr005"", ""dtr006""]"
16,6298,no-0231.jpg,[105],105,static/img/ebf58107b1a546209c14e17abb5c9f89_no-0231.jpg,ebf58107b1a546209c14e17abb5c9f89,~/ml4img/f4dficimg/dif_MRItumor/no-0231.jpg,2,"[""dtr005"", ""dtr006""]"
16,6299,no-0234.jpg,[105],105,static/img/2340c41533974118a7a16d2a6fa3dc03_no-0234.jpg,2340c41533974118a7a16d2a6fa3dc03,~/ml4img/f4dficimg/dif_MRItumor/no-0234.jpg,2,"[""dtr005"", ""dtr006""]"
16,6300,no-0237.jpg,[105],105,static/img/3bbdb7dda945499cbc9536566ef04be1_no-0237.jpg,3bbdb7dda945499cbc9536566ef04be1,~/ml4img/f4dficimg/dif_MRItumor/no-0237.jpg,2,"[""dtr005"", ""dtr006""]"
16,6301,no-0238.jpg,[105],105,static/img/3e352232d2b04580b539439e1cd1b5c0_no-0238.jpg,3e352232d2b04580b539439e1cd1b5c0,~/ml4img/f4dficimg/dif_MRItumor/no-0238.jpg,2,"[""dtr005"", ""dtr006""]"
16,6302,no-0300.jpg,"[102, 103, 105]",105,static/img/64afbc4ab6354c16975f11bc5132e482_no-0300.jpg,64afbc4ab6354c16975f11bc5132e482,~/ml4img/f4dficimg/dif_MRItumor/no-0300.jpg,3,"[""dtr004"", ""dtr005"", ""dtr006""]"
16,6303,no-0305.jpg,[105],105,static/img/0c7e860e58704078b244d9c70aed72cf_no-0305.jpg,0c7e860e58704078b244d9c70aed72cf,~/ml4img/f4dficimg/dif_MRItumor/no-0305.jpg,2,"[""dtr005"", ""dtr006""]"
16,6304,no-0309.jpg,[105],105,static/img/af641bbf98c64fc68912eb3ec1ba175d_no-0309.jpg,af641bbf98c64fc68912eb3ec1ba175d,~/ml4img/f4dficimg/dif_MRItumor/no-0309.jpg,2,"[""dtr005"", ""dtr006""]"
16,6305,no-0319.jpg,[105],105,static/img/ffeec2360125467a95585c4f205f8108_no-0319.jpg,ffeec2360125467a95585c4f205f8108,~/ml4img/f4dficimg/dif_MRItumor/no-0319.jpg,2,"[""dtr005"", ""dtr006""]"
16,6306,no-0321.jpg,[105],105,static/img/9323d38538a34946b47394e817349637_no-0321.jpg,9323d38538a34946b47394e817349637,~/ml4img/f4dficimg/dif_MRItumor/no-0321.jpg,2,"[""dtr005"", ""dtr006""]"
16,6307,no-0356.jpg,[105],105,static/img/51b9fb4f80e04bcb8d5a171ce060f9e9_no-0356.jpg,51b9fb4f80e04bcb8d5a171ce060f9e9,~/ml4img/f4dficimg/dif_MRItumor/no-0356.jpg,2,"[""dtr005"", ""dtr006""]"
16,6308,no-0362.jpg,[105],105,static/img/c4f5f0ec7f5242bc93b35669eee6df38_no-0362.jpg,c4f5f0ec7f5242bc93b35669eee6df38,~/ml4img/f4dficimg/dif_MRItumor/no-0362.jpg,2,"[""dtr005"", ""dtr006""]"
16,6309,no-0390.jpg,[105],105,static/img/907ab161b05c42998d4c10a304a1615c_no-0390.jpg,907ab161b05c42998d4c10a304a1615c,~/ml4img/f4dficimg/dif_MRItumor/no-0390.jpg,2,"[""dtr005"", ""dtr006""]"
16,6310,no-0397.jpg,[105],105,static/img/8580a90981d14b869b473d5dacaccd04_no-0397.jpg,8580a90981d14b869b473d5dacaccd04,~/ml4img/f4dficimg/dif_MRItumor/no-0397.jpg,2,"[""dtr005"", ""dtr006""]"
16,6311,no-0400.jpg,[105],105,static/img/cd886085e3d64cc889d3adc73cfe8066_no-0400.jpg,cd886085e3d64cc889d3adc73cfe8066,~/ml4img/f4dficimg/dif_MRItumor/no-0400.jpg,3,"[""dtr004"", ""dtr005"", ""dtr006""]"
16,6312,no-0409.jpg,[105],105,static/img/bccdf9371c0b42ff9c2f3a4e5642c978_no-0409.jpg,bccdf9371c0b42ff9c2f3a4e5642c978,~/ml4img/f4dficimg/dif_MRItumor/no-0409.jpg,2,"[""dtr005"", ""dtr006""]"
16,6313,no-0415.jpg,[105],105,static/img/64eecc09a78c4681a89c220fb5a34294_no-0415.jpg,64eecc09a78c4681a89c220fb5a34294,~/ml4img/f4dficimg/dif_MRItumor/no-0415.jpg,2,"[""dtr005"", ""dtr006""]"
16,6314,no-0418.jpg,[105],105,static/img/f78813e65aae430598c112a618c81438_no-0418.jpg,f78813e65aae430598c112a618c81438,~/ml4img/f4dficimg/dif_MRItumor/no-0418.jpg,2,"[""dtr005"", ""dtr006""]"
16,6315,no-0420.jpg,[105],105,static/img/54e96972e645474686fc3d20984089c9_no-0420.jpg,54e96972e645474686fc3d20984089c9,~/ml4img/f4dficimg/dif_MRItumor/no-0420.jpg,2,"[""dtr005"", ""dtr006""]"
16,6316,no-0424.jpg,[105],105,static/img/00c0239d45bb4232914c1815974a4505_no-0424.jpg,00c0239d45bb4232914c1815974a4505,~/ml4img/f4dficimg/dif_MRItumor/no-0424.jpg,2,"[""dtr005"", ""dtr006""]"
16,6317,no-0430.jpg,[105],105,static/img/0176962f456546d38bf169e71ebe8246_no-0430.jpg,0176962f456546d38bf169e71ebe8246,~/ml4img/f4dficimg/dif_MRItumor/no-0430.jpg,2,"[""dtr005"", ""dtr006""]"
16,6318,no-0443.jpg,[105],105,static/img/79882e02075640b0b37f04f6617e9cb3_no-0443.jpg,79882e02075640b0b37f04f6617e9cb3,~/ml4img/f4dficimg/dif_MRItumor/no-0443.jpg,2,"[""dtr005"", ""dtr006""]"
16,6319,no-0445.jpg,[105],105,static/img/f2138cdba77b4915a63a8bbb3aa81a8f_no-0445.jpg,f2138cdba77b4915a63a8bbb3aa81a8f,~/ml4img/f4dficimg/dif_MRItumor/no-0445.jpg,2,"[""dtr005"", ""dtr006""]"
16,6320,no-0461.jpg,[105],105,static/img/3c66184404fc4a9097309c4980d0355f_no-0461.jpg,3c66184404fc4a9097309c4980d0355f,~/ml4img/f4dficimg/dif_MRItumor/no-0461.jpg,2,"[""dtr005"", ""dtr006""]"
16,6321,no-0463.jpg,"[102, 105]",105,static/img/ddb459018e6d442d995dbc6e7e463838_no-0463.jpg,ddb459018e6d442d995dbc6e7e463838,~/ml4img/f4dficimg/dif_MRItumor/no-0463.jpg,2,"[""dtr005"", ""dtr006""]"
16,6322,no-0468.jpg,"[102, 103]",102,static/img/16e39b0923df4737ac031416d1b75c8e_no-0468.jpg,16e39b0923df4737ac031416d1b75c8e,~/ml4img/f4dficimg/dif_MRItumor/no-0468.jpg,2,"[""dtr005"", ""dtr006""]"
16,6323,no-0471.jpg,[103],103,static/img/bac9cb29c4bd42b39f8b85474a23d391_no-0471.jpg,bac9cb29c4bd42b39f8b85474a23d391,~/ml4img/f4dficimg/dif_MRItumor/no-0471.jpg,2,"[""dtr005"", ""dtr006""]"
16,6324,no-0480.jpg,"[102, 105]",102,static/img/35824251385040afb0a1a11522eb6f4e_no-0480.jpg,35824251385040afb0a1a11522eb6f4e,~/ml4img/f4dficimg/dif_MRItumor/no-0480.jpg,2,"[""dtr005"", ""dtr006""]"
16,6325,no-0483.jpg,[105],105,static/img/33b5c1c1c08d432b9ea2d26da2374288_no-0483.jpg,33b5c1c1c08d432b9ea2d26da2374288,~/ml4img/f4dficimg/dif_MRItumor/no-0483.jpg,2,"[""dtr005"", ""dtr006""]"
16,6326,no-0489.jpg,[105],105,static/img/6c8a0694717d43b0a0afa3c7c438deae_no-0489.jpg,6c8a0694717d43b0a0afa3c7c438deae,~/ml4img/f4dficimg/dif_MRItumor/no-0489.jpg,2,"[""dtr005"", ""dtr006""]"
16,6327,no-0491.jpg,[105],105,static/img/91c6a84774994aef8a021fdae0299745_no-0491.jpg,91c6a84774994aef8a021fdae0299745,~/ml4img/f4dficimg/dif_MRItumor/no-0491.jpg,2,"[""dtr005"", ""dtr006""]"
16,6328,no-0493.jpg,[105],105,static/img/63ea1d0b985743c5bdb985fb36ce22b9_no-0493.jpg,63ea1d0b985743c5bdb985fb36ce22b9,~/ml4img/f4dficimg/dif_MRItumor/no-0493.jpg,2,"[""dtr005"", ""dtr006""]"
16,6329,no-0497.jpg,[105],105,static/img/2cc1dea0d92244bfbd22544282f0e157_no-0497.jpg,2cc1dea0d92244bfbd22544282f0e157,~/ml4img/f4dficimg/dif_MRItumor/no-0497.jpg,2,"[""dtr005"", ""dtr006""]"
16,6330,no-0498.jpg,[105],105,static/img/0c0e944bdaa64252a178ec00cf4b4ef6_no-0498.jpg,0c0e944bdaa64252a178ec00cf4b4ef6,~/ml4img/f4dficimg/dif_MRItumor/no-0498.jpg,2,"[""dtr005"", ""dtr006""]"
16,6331,no-0500.jpg,[105],105,static/img/38fd93ddd8a3423cb42a09642d3ec7c9_no-0500.jpg,38fd93ddd8a3423cb42a09642d3ec7c9,~/ml4img/f4dficimg/dif_MRItumor/no-0500.jpg,2,"[""dtr005"", ""dtr006""]"
16,6332,no-0531.jpg,[105],105,static/img/2db05cb9479c450db59bce96e8d8219c_no-0531.jpg,2db05cb9479c450db59bce96e8d8219c,~/ml4img/f4dficimg/dif_MRItumor/no-0531.jpg,2,"[""dtr005"", ""dtr006""]"
16,6333,no-0536.jpg,[105],105,static/img/7f47c6ec005849208c9a61e0bead0267_no-0536.jpg,7f47c6ec005849208c9a61e0bead0267,~/ml4img/f4dficimg/dif_MRItumor/no-0536.jpg,2,"[""dtr005"", ""dtr006""]"
16,6334,no-0551.jpg,[105],105,static/img/2ff14081d8cb47c894153d6dd2489fc5_no-0551.jpg,2ff14081d8cb47c894153d6dd2489fc5,~/ml4img/f4dficimg/dif_MRItumor/no-0551.jpg,2,"[""dtr005"", ""dtr006""]"
16,6335,no-0558.jpg,[105],105,static/img/e7bda8aa82dc443fb5959cee9ffe5ef4_no-0558.jpg,e7bda8aa82dc443fb5959cee9ffe5ef4,~/ml4img/f4dficimg/dif_MRItumor/no-0558.jpg,2,"[""dtr005"", ""dtr006""]"
16,6336,no-0559.jpg,[105],105,static/img/aa4f2f4ba9f548ab8705b73deb923554_no-0559.jpg,aa4f2f4ba9f548ab8705b73deb923554,~/ml4img/f4dficimg/dif_MRItumor/no-0559.jpg,2,"[""dtr005"", ""dtr006""]"
16,6337,no-0560.jpg,[105],105,static/img/27600968d25c42f99aa7bb58901b4ba1_no-0560.jpg,27600968d25c42f99aa7bb58901b4ba1,~/ml4img/f4dficimg/dif_MRItumor/no-0560.jpg,2,"[""dtr005"", ""dtr006""]"
16,6338,no-0561.jpg,[105],105,static/img/87520a6c888449b9a3b3c7e0db3275c0_no-0561.jpg,87520a6c888449b9a3b3c7e0db3275c0,~/ml4img/f4dficimg/dif_MRItumor/no-0561.jpg,2,"[""dtr005"", ""dtr006""]"
16,6339,no-0570.jpg,"[103, 105]",105,static/img/cdf7893acc2c4cdfa059c5cb9999565e_no-0570.jpg,cdf7893acc2c4cdfa059c5cb9999565e,~/ml4img/f4dficimg/dif_MRItumor/no-0570.jpg,3,"[""dtr004"", ""dtr005"", ""dtr006""]"
16,6340,no-0580.jpg,[105],105,static/img/f7700783b75e4f1cb8323262d5c312e1_no-0580.jpg,f7700783b75e4f1cb8323262d5c312e1,~/ml4img/f4dficimg/dif_MRItumor/no-0580.jpg,2,"[""dtr005"", ""dtr006""]"
16,6341,no-0593.jpg,[105],105,static/img/36f0ff1a3c5641e0bc67078c548ba6fa_no-0593.jpg,36f0ff1a3c5641e0bc67078c548ba6fa,~/ml4img/f4dficimg/dif_MRItumor/no-0593.jpg,2,"[""dtr005"", ""dtr006""]"
16,6342,no-0594.jpg,[105],105,static/img/5a85132d71114141b446b5be3b88dd2f_no-0594.jpg,5a85132d71114141b446b5be3b88dd2f,~/ml4img/f4dficimg/dif_MRItumor/no-0594.jpg,2,"[""dtr005"", ""dtr006""]"
16,6343,no-0599.jpg,[105],105,static/img/1eaf915d01d54c3cb76f0b0e32a8f19d_no-0599.jpg,1eaf915d01d54c3cb76f0b0e32a8f19d,~/ml4img/f4dficimg/dif_MRItumor/no-0599.jpg,2,"[""dtr005"", ""dtr006""]"
16,6344,no-0600.jpg,[102],102,static/img/59c5acf3164f405799f5b11a5ecef568_no-0600.jpg,59c5acf3164f405799f5b11a5ecef568,~/ml4img/f4dficimg/dif_MRItumor/no-0600.jpg,2,"[""dtr005"", ""dtr006""]"
16,6345,no-0608.jpg,"[104, 105]",105,static/img/79431dd3e7624e06bec57133af004c69_no-0608.jpg,79431dd3e7624e06bec57133af004c69,~/ml4img/f4dficimg/dif_MRItumor/no-0608.jpg,2,"[""dtr005"", ""dtr006""]"
16,6346,no-0612.jpg,[105],105,static/img/0d5b14ebd28c43808b45c9cfaa36b0ba_no-0612.jpg,0d5b14ebd28c43808b45c9cfaa36b0ba,~/ml4img/f4dficimg/dif_MRItumor/no-0612.jpg,2,"[""dtr005"", ""dtr006""]"
16,6347,no-0615.jpg,"[102, 105]",105,static/img/752557bf1bbb4235b2af109d564c47b6_no-0615.jpg,752557bf1bbb4235b2af109d564c47b6,~/ml4img/f4dficimg/dif_MRItumor/no-0615.jpg,2,"[""dtr005"", ""dtr006""]"
16,6348,no-0618.jpg,[105],105,static/img/604eca8b3ef5414d93ac93c92bbf5cb2_no-0618.jpg,604eca8b3ef5414d93ac93c92bbf5cb2,~/ml4img/f4dficimg/dif_MRItumor/no-0618.jpg,2,"[""dtr005"", ""dtr006""]"
16,6349,no-0619.jpg,[105],105,static/img/4df816dfa50648b2a2faa2bfe894a4f8_no-0619.jpg,4df816dfa50648b2a2faa2bfe894a4f8,~/ml4img/f4dficimg/dif_MRItumor/no-0619.jpg,2,"[""dtr005"", ""dtr006""]"
16,6350,no-0622.jpg,[105],105,static/img/48ffe7597cf64120a8c2c0bb54e63a36_no-0622.jpg,48ffe7597cf64120a8c2c0bb54e63a36,~/ml4img/f4dficimg/dif_MRItumor/no-0622.jpg,3,"[""dtr004"", ""dtr005"", ""dtr006""]"
16,6351,no-0624.jpg,[105],105,static/img/2386f507f22148009b58e7e6e848adec_no-0624.jpg,2386f507f22148009b58e7e6e848adec,~/ml4img/f4dficimg/dif_MRItumor/no-0624.jpg,2,"[""dtr005"", ""dtr006""]"
16,6352,no-0628.jpg,[105],105,static/img/126ac3668e5c472d8eabd172da207b47_no-0628.jpg,126ac3668e5c472d8eabd172da207b47,~/ml4img/f4dficimg/dif_MRItumor/no-0628.jpg,2,"[""dtr005"", ""dtr006""]"
16,6353,no-0634.jpg,[105],105,static/img/6eb483f303964bdf8935c9691047a929_no-0634.jpg,6eb483f303964bdf8935c9691047a929,~/ml4img/f4dficimg/dif_MRItumor/no-0634.jpg,2,"[""dtr005"", ""dtr006""]"
16,6354,no-0640.jpg,[105],105,static/img/e0d1dd7bccee447aa1817d2bffcd4d00_no-0640.jpg,e0d1dd7bccee447aa1817d2bffcd4d00,~/ml4img/f4dficimg/dif_MRItumor/no-0640.jpg,2,"[""dtr005"", ""dtr006""]"
16,6355,no-0644.jpg,[105],105,static/img/3dc471840d9c4ec2aabc093af1df15ed_no-0644.jpg,3dc471840d9c4ec2aabc093af1df15ed,~/ml4img/f4dficimg/dif_MRItumor/no-0644.jpg,2,"[""dtr005"", ""dtr006""]"
16,6356,no-0645.jpg,"[102, 103]",102,static/img/f6219b961bb54b9baaae961617038976_no-0645.jpg,f6219b961bb54b9baaae961617038976,~/ml4img/f4dficimg/dif_MRItumor/no-0645.jpg,2,"[""dtr005"", ""dtr006""]"
16,6357,no-0649.jpg,[105],105,static/img/717f9eb83de548a58fda4b19fcafb2bf_no-0649.jpg,717f9eb83de548a58fda4b19fcafb2bf,~/ml4img/f4dficimg/dif_MRItumor/no-0649.jpg,2,"[""dtr005"", ""dtr006""]"
16,6358,no-0652.jpg,[105],105,static/img/e1a3ddbf2ddc4a338e4aead55035655f_no-0652.jpg,e1a3ddbf2ddc4a338e4aead55035655f,~/ml4img/f4dficimg/dif_MRItumor/no-0652.jpg,2,"[""dtr005"", ""dtr006""]"
16,6359,no-0656.jpg,[104],104,static/img/30203a08d9e2488796aed05a2088c64e_no-0656.jpg,30203a08d9e2488796aed05a2088c64e,~/ml4img/f4dficimg/dif_MRItumor/no-0656.jpg,2,"[""dtr005"", ""dtr006""]"
16,6360,no-0670.jpg,"[102, 105]",105,static/img/db15ac69b70946b098ef5cb7d3205f3c_no-0670.jpg,db15ac69b70946b098ef5cb7d3205f3c,~/ml4img/f4dficimg/dif_MRItumor/no-0670.jpg,2,"[""dtr005"", ""dtr006""]"
16,6361,no-0693.jpg,[105],105,static/img/ec394a8771a54b6898249c469a7d98d5_no-0693.jpg,ec394a8771a54b6898249c469a7d98d5,~/ml4img/f4dficimg/dif_MRItumor/no-0693.jpg,2,"[""dtr005"", ""dtr006""]"
16,6362,no-0698.jpg,[105],105,static/img/7bca2794d26f49bb918dfb1ed3c9209c_no-0698.jpg,7bca2794d26f49bb918dfb1ed3c9209c,~/ml4img/f4dficimg/dif_MRItumor/no-0698.jpg,2,"[""dtr005"", ""dtr006""]"
16,6363,no-0702.jpg,"[102, 105]",105,static/img/858e5fd1fef74fc8b4cae554d7889c5f_no-0702.jpg,858e5fd1fef74fc8b4cae554d7889c5f,~/ml4img/f4dficimg/dif_MRItumor/no-0702.jpg,2,"[""dtr005"", ""dtr006""]"
16,6364,no-0713.jpg,[105],105,static/img/f82aa9f03f8a41c5a0f5ee56972d97f7_no-0713.jpg,f82aa9f03f8a41c5a0f5ee56972d97f7,~/ml4img/f4dficimg/dif_MRItumor/no-0713.jpg,2,"[""dtr005"", ""dtr006""]"
16,6365,no-0715.jpg,"[104, 105]",105,static/img/943e96f659ec4bc892dd8f30f23f3dcf_no-0715.jpg,943e96f659ec4bc892dd8f30f23f3dcf,~/ml4img/f4dficimg/dif_MRItumor/no-0715.jpg,2,"[""dtr005"", ""dtr006""]"
16,6366,no-0716.jpg,"[102, 105]",102,static/img/151f9b3cfe624ef592499c485913259e_no-0716.jpg,151f9b3cfe624ef592499c485913259e,~/ml4img/f4dficimg/dif_MRItumor/no-0716.jpg,3,"[""dtr004"", ""dtr005"", ""dtr006""]"
16,6367,no-0723.jpg,[105],105,static/img/f769885652a94210a53da9db710b53a2_no-0723.jpg,f769885652a94210a53da9db710b53a2,~/ml4img/f4dficimg/dif_MRItumor/no-0723.jpg,2,"[""dtr005"", ""dtr006""]"
16,6368,no-0724.jpg,[105],105,static/img/7987403fbbab467a8646661073789d9b_no-0724.jpg,7987403fbbab467a8646661073789d9b,~/ml4img/f4dficimg/dif_MRItumor/no-0724.jpg,2,"[""dtr005"", ""dtr006""]"
16,6369,no-0726.jpg,[105],105,static/img/3a33216dc1a049b1b8e5c57a4fbbaa5c_no-0726.jpg,3a33216dc1a049b1b8e5c57a4fbbaa5c,~/ml4img/f4dficimg/dif_MRItumor/no-0726.jpg,2,"[""dtr005"", ""dtr006""]"
16,6370,no-0737.jpg,[105],105,static/img/01d31111c4a0489fb344ad5956089c9b_no-0737.jpg,01d31111c4a0489fb344ad5956089c9b,~/ml4img/f4dficimg/dif_MRItumor/no-0737.jpg,2,"[""dtr005"", ""dtr006""]"
16,6371,no-0738.jpg,[105],105,static/img/1215945c6b554e7c866bfb2cb31957a5_no-0738.jpg,1215945c6b554e7c866bfb2cb31957a5,~/ml4img/f4dficimg/dif_MRItumor/no-0738.jpg,2,"[""dtr005"", ""dtr006""]"
16,6372,no-0740.jpg,[105],105,static/img/d89654de5e3e470f9f9892a210430785_no-0740.jpg,d89654de5e3e470f9f9892a210430785,~/ml4img/f4dficimg/dif_MRItumor/no-0740.jpg,2,"[""dtr005"", ""dtr006""]"
16,6373,no-0742.jpg,[105],105,static/img/6e2a337d81764a488342235d2c408a9c_no-0742.jpg,6e2a337d81764a488342235d2c408a9c,~/ml4img/f4dficimg/dif_MRItumor/no-0742.jpg,3,"[""dtr004"", ""dtr005"", ""dtr006""]"
16,6374,no-0753.jpg,[105],105,static/img/53d3356ea82c4d9d9e0e5f20d21fc6b7_no-0753.jpg,53d3356ea82c4d9d9e0e5f20d21fc6b7,~/ml4img/f4dficimg/dif_MRItumor/no-0753.jpg,2,"[""dtr005"", ""dtr006""]"
16,6375,no-0757.jpg,[105],105,static/img/82c5f6f072e14e448996911e8f2773dc_no-0757.jpg,82c5f6f072e14e448996911e8f2773dc,~/ml4img/f4dficimg/dif_MRItumor/no-0757.jpg,2,"[""dtr005"", ""dtr006""]"
16,6376,no-0769.jpg,[105],105,static/img/749e095b32734acdb61231690ad399c6_no-0769.jpg,749e095b32734acdb61231690ad399c6,~/ml4img/f4dficimg/dif_MRItumor/no-0769.jpg,3,"[""dtr004"", ""dtr005"", ""dtr006""]"
16,6377,no-0798.jpg,[105],105,static/img/9e800caec18842b8837cc992d6b79335_no-0798.jpg,9e800caec18842b8837cc992d6b79335,~/ml4img/f4dficimg/dif_MRItumor/no-0798.jpg,2,"[""dtr005"", ""dtr006""]"
16,6378,no-0805.jpg,[105],105,static/img/6c59a49b54a346eba7ad3954b72ac9b5_no-0805.jpg,6c59a49b54a346eba7ad3954b72ac9b5,~/ml4img/f4dficimg/dif_MRItumor/no-0805.jpg,2,"[""dtr005"", ""dtr006""]"
16,6379,no-0811.jpg,[105],105,static/img/ef8a75226c5042fbba6e72b084389a76_no-0811.jpg,ef8a75226c5042fbba6e72b084389a76,~/ml4img/f4dficimg/dif_MRItumor/no-0811.jpg,2,"[""dtr005"", ""dtr006""]"
16,6380,no-0856.jpg,[105],105,static/img/fefd798fe71c4bffb1f1d36d343d967c_no-0856.jpg,fefd798fe71c4bffb1f1d36d343d967c,~/ml4img/f4dficimg/dif_MRItumor/no-0856.jpg,2,"[""dtr005"", ""dtr006""]"
16,6381,no-0857.jpg,"[102, 105]",102,static/img/da51015c368042c892fed136af264d1c_no-0857.jpg,da51015c368042c892fed136af264d1c,~/ml4img/f4dficimg/dif_MRItumor/no-0857.jpg,2,"[""dtr005"", ""dtr006""]"
16,6382,no-0865.jpg,[105],105,static/img/8ade6850b3ce40e09fc1817a44d8aedd_no-0865.jpg,8ade6850b3ce40e09fc1817a44d8aedd,~/ml4img/f4dficimg/dif_MRItumor/no-0865.jpg,2,"[""dtr005"", ""dtr006""]"
16,6383,no-0866.jpg,"[104, 105]",105,static/img/8c0921a8006f4b17bcb2f2a8279565fe_no-0866.jpg,8c0921a8006f4b17bcb2f2a8279565fe,~/ml4img/f4dficimg/dif_MRItumor/no-0866.jpg,2,"[""dtr005"", ""dtr006""]"
16,6384,no-0877.jpg,[105],105,static/img/d611b2ddf8d142f085fbdd9f782ec7fe_no-0877.jpg,d611b2ddf8d142f085fbdd9f782ec7fe,~/ml4img/f4dficimg/dif_MRItumor/no-0877.jpg,2,"[""dtr005"", ""dtr006""]"
16,6385,no-0896.jpg,[105],105,static/img/28d9e860e1db403e94f4db88b82678d2_no-0896.jpg,28d9e860e1db403e94f4db88b82678d2,~/ml4img/f4dficimg/dif_MRItumor/no-0896.jpg,2,"[""dtr005"", ""dtr006""]"
16,6386,no-0901.jpg,[105],105,static/img/20465d899420459e8bfdea822f9a58e1_no-0901.jpg,20465d899420459e8bfdea822f9a58e1,~/ml4img/f4dficimg/dif_MRItumor/no-0901.jpg,2,"[""dtr005"", ""dtr006""]"
16,6387,no-0904.jpg,[105],105,static/img/c60f980d138447dcb78ae745fd9b3d79_no-0904.jpg,c60f980d138447dcb78ae745fd9b3d79,~/ml4img/f4dficimg/dif_MRItumor/no-0904.jpg,2,"[""dtr005"", ""dtr006""]"
16,6388,no-0910.jpg,[105],105,static/img/30a9db77af9c49ababe9c263002bed65_no-0910.jpg,30a9db77af9c49ababe9c263002bed65,~/ml4img/f4dficimg/dif_MRItumor/no-0910.jpg,2,"[""dtr005"", ""dtr006""]"
16,6389,no-0919.jpg,"[102, 105]",105,static/img/3ba8eea9a3644e33a747cd939e876bfa_no-0919.jpg,3ba8eea9a3644e33a747cd939e876bfa,~/ml4img/f4dficimg/dif_MRItumor/no-0919.jpg,2,"[""dtr005"", ""dtr006""]"
16,6390,no-0932.jpg,[105],105,static/img/e3ba59bc0e5b4cce92ec5f3e0384a90b_no-0932.jpg,e3ba59bc0e5b4cce92ec5f3e0384a90b,~/ml4img/f4dficimg/dif_MRItumor/no-0932.jpg,2,"[""dtr005"", ""dtr006""]"
16,6391,no-0955.jpg,[105],105,static/img/5a61c2d90498471e92b5d944af123325_no-0955.jpg,5a61c2d90498471e92b5d944af123325,~/ml4img/f4dficimg/dif_MRItumor/no-0955.jpg,2,"[""dtr005"", ""dtr006""]"
16,6392,no-0969.jpg,[105],105,static/img/e6b4992406664dfcaaf4d884a8a579b1_no-0969.jpg,e6b4992406664dfcaaf4d884a8a579b1,~/ml4img/f4dficimg/dif_MRItumor/no-0969.jpg,2,"[""dtr005"", ""dtr006""]"
16,6393,no-0973.jpg,[105],105,static/img/e350e1cb16e14b389d4e6ddbd4df6922_no-0973.jpg,e350e1cb16e14b389d4e6ddbd4df6922,~/ml4img/f4dficimg/dif_MRItumor/no-0973.jpg,2,"[""dtr005"", ""dtr006""]"
16,6394,no-0974.jpg,"[102, 105]",105,static/img/a5f23b0a920a45719d21681ceb79506c_no-0974.jpg,a5f23b0a920a45719d21681ceb79506c,~/ml4img/f4dficimg/dif_MRItumor/no-0974.jpg,2,"[""dtr005"", ""dtr006""]"
16,6395,no-0984.jpg,"[104, 105]",105,static/img/89c6701f36c841e69fe734261d2036a3_no-0984.jpg,89c6701f36c841e69fe734261d2036a3,~/ml4img/f4dficimg/dif_MRItumor/no-0984.jpg,3,"[""dtr004"", ""dtr005"", ""dtr006""]"
16,6396,no-0986.jpg,[105],105,static/img/c42fe98d75634d3aaf94e17bc37eb954_no-0986.jpg,c42fe98d75634d3aaf94e17bc37eb954,~/ml4img/f4dficimg/dif_MRItumor/no-0986.jpg,2,"[""dtr005"", ""dtr006""]"
16,6397,no-0993.jpg,[102],102,static/img/cb3198c7f2314f49b7ff4dd2bdbd4333_no-0993.jpg,cb3198c7f2314f49b7ff4dd2bdbd4333,~/ml4img/f4dficimg/dif_MRItumor/no-0993.jpg,2,"[""dtr005"", ""dtr006""]"
16,6398,no-0995.jpg,[105],105,static/img/950e5c07efbc4405a1107d1120bb7a5d_no-0995.jpg,950e5c07efbc4405a1107d1120bb7a5d,~/ml4img/f4dficimg/dif_MRItumor/no-0995.jpg,2,"[""dtr005"", ""dtr006""]"
16,6399,no-1002.jpg,"[102, 104]",102,static/img/df75f19007b14f5aaf4c760100d201e2_no-1002.jpg,df75f19007b14f5aaf4c760100d201e2,~/ml4img/f4dficimg/dif_MRItumor/no-1002.jpg,3,"[""dtr004"", ""dtr005"", ""dtr006""]"
16,6400,no-1018.jpg,[105],105,static/img/a9bbeda6f66044aca1222c1c53da6ca4_no-1018.jpg,a9bbeda6f66044aca1222c1c53da6ca4,~/ml4img/f4dficimg/dif_MRItumor/no-1018.jpg,3,"[""dtr004"", ""dtr005"", ""dtr006""]"
16,6401,no-1038.jpg,[105],105,static/img/15361db2a2df41cda9ee80566e33e71c_no-1038.jpg,15361db2a2df41cda9ee80566e33e71c,~/ml4img/f4dficimg/dif_MRItumor/no-1038.jpg,2,"[""dtr005"", ""dtr006""]"
16,6402,no-1047.jpg,[105],105,static/img/e821898367cc447eaafcd42239fcbe5c_no-1047.jpg,e821898367cc447eaafcd42239fcbe5c,~/ml4img/f4dficimg/dif_MRItumor/no-1047.jpg,2,"[""dtr005"", ""dtr006""]"
16,6403,no-1076.jpg,[105],105,static/img/cc869a81244a4f0095a640d376fa0d03_no-1076.jpg,cc869a81244a4f0095a640d376fa0d03,~/ml4img/f4dficimg/dif_MRItumor/no-1076.jpg,2,"[""dtr005"", ""dtr006""]"
16,6404,no-1077.jpg,[105],105,static/img/ecebfe764d8d42d78eedf21ac652db05_no-1077.jpg,ecebfe764d8d42d78eedf21ac652db05,~/ml4img/f4dficimg/dif_MRItumor/no-1077.jpg,2,"[""dtr005"", ""dtr006""]"
16,6405,no-1089.jpg,[104],104,static/img/f020858e13664e5fbf0f9608cd49285e_no-1089.jpg,f020858e13664e5fbf0f9608cd49285e,~/ml4img/f4dficimg/dif_MRItumor/no-1089.jpg,2,"[""dtr005"", ""dtr006""]"
16,6406,no-1091.jpg,[105],105,static/img/647d1003fe54462387e91775c9ed52b8_no-1091.jpg,647d1003fe54462387e91775c9ed52b8,~/ml4img/f4dficimg/dif_MRItumor/no-1091.jpg,2,"[""dtr005"", ""dtr006""]"
16,6407,no-1092.jpg,[105],105,static/img/080fc627113142469a9fb0781bf3d3a3_no-1092.jpg,080fc627113142469a9fb0781bf3d3a3,~/ml4img/f4dficimg/dif_MRItumor/no-1092.jpg,2,"[""dtr005"", ""dtr006""]"
16,6408,no-1093.jpg,"[102, 104]",102,static/img/bcc66ca181e84c8886141161e37c91b8_no-1093.jpg,bcc66ca181e84c8886141161e37c91b8,~/ml4img/f4dficimg/dif_MRItumor/no-1093.jpg,2,"[""dtr005"", ""dtr006""]"
16,6409,no-1096.jpg,[105],105,static/img/a84efd3232c34bcbbaf6c62b2fa113f6_no-1096.jpg,a84efd3232c34bcbbaf6c62b2fa113f6,~/ml4img/f4dficimg/dif_MRItumor/no-1096.jpg,3,"[""dtr004"", ""dtr005"", ""dtr006""]"
16,6410,no-1103.jpg,"[102, 103]",102,static/img/05838a4a830d4055a65e5e29f1c8b70b_no-1103.jpg,05838a4a830d4055a65e5e29f1c8b70b,~/ml4img/f4dficimg/dif_MRItumor/no-1103.jpg,3,"[""dtr004"", ""dtr005"", ""dtr006""]"
16,6411,no-1144.jpg,[105],105,static/img/97508226ccad467b9b31091c37a05612_no-1144.jpg,97508226ccad467b9b31091c37a05612,~/ml4img/f4dficimg/dif_MRItumor/no-1144.jpg,2,"[""dtr005"", ""dtr006""]"
16,6412,no-1156.jpg,[102],102,static/img/106adfbad8b1482cbb26095865862889_no-1156.jpg,106adfbad8b1482cbb26095865862889,~/ml4img/f4dficimg/dif_MRItumor/no-1156.jpg,2,"[""dtr005"", ""dtr006""]"
16,6413,no-1167.jpg,[105],105,static/img/cb521b43fb3143ffa588cc4c94e13b90_no-1167.jpg,cb521b43fb3143ffa588cc4c94e13b90,~/ml4img/f4dficimg/dif_MRItumor/no-1167.jpg,2,"[""dtr005"", ""dtr006""]"
16,6414,no-1183.jpg,[105],105,static/img/7f523580484d4166b9b6e41234712e4a_no-1183.jpg,7f523580484d4166b9b6e41234712e4a,~/ml4img/f4dficimg/dif_MRItumor/no-1183.jpg,2,"[""dtr005"", ""dtr006""]"
16,6415,no-1184.jpg,"[103, 104]",103,static/img/08e04c2130f94f65945d0727e1d55129_no-1184.jpg,08e04c2130f94f65945d0727e1d55129,~/ml4img/f4dficimg/dif_MRItumor/no-1184.jpg,2,"[""dtr005"", ""dtr006""]"
16,6416,no-1185.jpg,[105],105,static/img/8de1a852fed9496e8424a00af651d372_no-1185.jpg,8de1a852fed9496e8424a00af651d372,~/ml4img/f4dficimg/dif_MRItumor/no-1185.jpg,3,"[""dtr004"", ""dtr005"", ""dtr006""]"
16,6417,no-1187.jpg,[105],105,static/img/8f377104a2c24b3eb32df59aaae8c450_no-1187.jpg,8f377104a2c24b3eb32df59aaae8c450,~/ml4img/f4dficimg/dif_MRItumor/no-1187.jpg,2,"[""dtr005"", ""dtr006""]"
16,6418,no-1194.jpg,[105],105,static/img/c017c27c482b4b3eb0df22e52b33db5a_no-1194.jpg,c017c27c482b4b3eb0df22e52b33db5a,~/ml4img/f4dficimg/dif_MRItumor/no-1194.jpg,2,"[""dtr005"", ""dtr006""]"
16,6419,no-1199.jpg,[105],105,static/img/094b86ab8f9e4df0b97ed54ba5cee515_no-1199.jpg,094b86ab8f9e4df0b97ed54ba5cee515,~/ml4img/f4dficimg/dif_MRItumor/no-1199.jpg,2,"[""dtr005"", ""dtr006""]"
16,6420,no-1208.jpg,[105],105,static/img/fce6f24f43ed4447b179dd0e0d85247f_no-1208.jpg,fce6f24f43ed4447b179dd0e0d85247f,~/ml4img/f4dficimg/dif_MRItumor/no-1208.jpg,2,"[""dtr005"", ""dtr006""]"
16,6421,no-1220.jpg,"[102, 103]",102,static/img/90083cb582574e2d8e75b5fe354a723c_no-1220.jpg,90083cb582574e2d8e75b5fe354a723c,~/ml4img/f4dficimg/dif_MRItumor/no-1220.jpg,2,"[""dtr005"", ""dtr006""]"
16,6422,no-1221.jpg,"[102, 103]",102,static/img/4e69d3ba2eee4cbe8245c5b26a7f3f54_no-1221.jpg,4e69d3ba2eee4cbe8245c5b26a7f3f54,~/ml4img/f4dficimg/dif_MRItumor/no-1221.jpg,2,"[""dtr005"", ""dtr006""]"
16,6423,no-1232.jpg,[102],102,static/img/26b2a5c2afa54ccfbbf947359080db8c_no-1232.jpg,26b2a5c2afa54ccfbbf947359080db8c,~/ml4img/f4dficimg/dif_MRItumor/no-1232.jpg,2,"[""dtr005"", ""dtr006""]"
16,6424,no-1244.jpg,[105],105,static/img/50b8136a965e4d65bb14cd92ba64f696_no-1244.jpg,50b8136a965e4d65bb14cd92ba64f696,~/ml4img/f4dficimg/dif_MRItumor/no-1244.jpg,2,"[""dtr005"", ""dtr006""]"
16,6425,no-1280.jpg,"[102, 105]",105,static/img/6b85b345b47d49f19cb5f69ac3193ef5_no-1280.jpg,6b85b345b47d49f19cb5f69ac3193ef5,~/ml4img/f4dficimg/dif_MRItumor/no-1280.jpg,2,"[""dtr005"", ""dtr006""]"
16,6426,no-1281.jpg,[105],105,static/img/f824515d77c84c51aeed4bfef2cc03ef_no-1281.jpg,f824515d77c84c51aeed4bfef2cc03ef,~/ml4img/f4dficimg/dif_MRItumor/no-1281.jpg,2,"[""dtr005"", ""dtr006""]"
16,6427,no-1283.jpg,[105],105,static/img/b3bf0ceb1a334a43a956f5b5c473240c_no-1283.jpg,b3bf0ceb1a334a43a956f5b5c473240c,~/ml4img/f4dficimg/dif_MRItumor/no-1283.jpg,2,"[""dtr005"", ""dtr006""]"
16,6428,no-1287.jpg,[105],105,static/img/d7c0cb17223e4974950abbb76c06d2d6_no-1287.jpg,d7c0cb17223e4974950abbb76c06d2d6,~/ml4img/f4dficimg/dif_MRItumor/no-1287.jpg,3,"[""dtr004"", ""dtr005"", ""dtr006""]"
16,6429,no-1290.jpg,[105],105,static/img/f460c4ec29d74d918f0f952fda97211c_no-1290.jpg,f460c4ec29d74d918f0f952fda97211c,~/ml4img/f4dficimg/dif_MRItumor/no-1290.jpg,2,"[""dtr005"", ""dtr006""]"
16,6430,no-1312.jpg,[105],105,static/img/e0eda923adcd4340a380157551494fca_no-1312.jpg,e0eda923adcd4340a380157551494fca,~/ml4img/f4dficimg/dif_MRItumor/no-1312.jpg,2,"[""dtr005"", ""dtr006""]"
16,6431,no-1314.jpg,[105],105,static/img/83b7b4d21c0649be8c6283f2d800c3e2_no-1314.jpg,83b7b4d21c0649be8c6283f2d800c3e2,~/ml4img/f4dficimg/dif_MRItumor/no-1314.jpg,2,"[""dtr005"", ""dtr006""]"
16,6432,no-1315.jpg,[105],105,static/img/fcf90b5a3f3b4b0c8342d008a92086ba_no-1315.jpg,fcf90b5a3f3b4b0c8342d008a92086ba,~/ml4img/f4dficimg/dif_MRItumor/no-1315.jpg,2,"[""dtr005"", ""dtr006""]"
16,6433,no-1331.jpg,[105],105,static/img/7a9b565113b7411880b0974253d6512a_no-1331.jpg,7a9b565113b7411880b0974253d6512a,~/ml4img/f4dficimg/dif_MRItumor/no-1331.jpg,2,"[""dtr005"", ""dtr006""]"
16,6434,no-1347.jpg,[105],105,static/img/9e29ee61ee6a44f3aa4730c404840e08_no-1347.jpg,9e29ee61ee6a44f3aa4730c404840e08,~/ml4img/f4dficimg/dif_MRItumor/no-1347.jpg,2,"[""dtr005"", ""dtr006""]"
16,6435,no-1356.jpg,"[104, 105]",105,static/img/28d5aad741b440178d398ff93da1dd17_no-1356.jpg,28d5aad741b440178d398ff93da1dd17,~/ml4img/f4dficimg/dif_MRItumor/no-1356.jpg,2,"[""dtr005"", ""dtr006""]"
16,6436,no-1366.jpg,[105],105,static/img/4e8e6a2f7ff5459ba8d407dc555b7d0c_no-1366.jpg,4e8e6a2f7ff5459ba8d407dc555b7d0c,~/ml4img/f4dficimg/dif_MRItumor/no-1366.jpg,2,"[""dtr005"", ""dtr006""]"
16,6437,no-1371.jpg,[105],105,static/img/c44af272f72c41d48c182c6faa728899_no-1371.jpg,c44af272f72c41d48c182c6faa728899,~/ml4img/f4dficimg/dif_MRItumor/no-1371.jpg,2,"[""dtr005"", ""dtr006""]"
16,6438,no-1385.jpg,[105],105,static/img/e2d27b46e9504f5ea580cd753df4d8c0_no-1385.jpg,e2d27b46e9504f5ea580cd753df4d8c0,~/ml4img/f4dficimg/dif_MRItumor/no-1385.jpg,2,"[""dtr005"", ""dtr006""]"
16,6439,no-1391.jpg,[105],105,static/img/42914578c4b545178f9e6532c8ac02b1_no-1391.jpg,42914578c4b545178f9e6532c8ac02b1,~/ml4img/f4dficimg/dif_MRItumor/no-1391.jpg,2,"[""dtr005"", ""dtr006""]"
16,6440,no-1396.jpg,[105],105,static/img/cf2a23f34a74495cb4bddbf1ce90fb71_no-1396.jpg,cf2a23f34a74495cb4bddbf1ce90fb71,~/ml4img/f4dficimg/dif_MRItumor/no-1396.jpg,2,"[""dtr005"", ""dtr006""]"
16,6441,no-1397.jpg,[105],105,static/img/0582793f04a646dfacc04970c8c90544_no-1397.jpg,0582793f04a646dfacc04970c8c90544,~/ml4img/f4dficimg/dif_MRItumor/no-1397.jpg,2,"[""dtr005"", ""dtr006""]"
16,6442,no-1399.jpg,"[104, 105]",105,static/img/ee440134f99c48dc815fe6c84ea0345f_no-1399.jpg,ee440134f99c48dc815fe6c84ea0345f,~/ml4img/f4dficimg/dif_MRItumor/no-1399.jpg,2,"[""dtr005"", ""dtr006""]"
16,6443,no-1403.jpg,[105],105,static/img/8b730699ffd445d980901ca4c4a223e0_no-1403.jpg,8b730699ffd445d980901ca4c4a223e0,~/ml4img/f4dficimg/dif_MRItumor/no-1403.jpg,2,"[""dtr005"", ""dtr006""]"
16,6444,no-1411.jpg,[105],105,static/img/08f5dcf9934f4fd6b5ad90da916bf8e2_no-1411.jpg,08f5dcf9934f4fd6b5ad90da916bf8e2,~/ml4img/f4dficimg/dif_MRItumor/no-1411.jpg,2,"[""dtr005"", ""dtr006""]"
16,6445,no-1412.jpg,[105],105,static/img/ead39dc77a5a487b9533bb363d9a37b6_no-1412.jpg,ead39dc77a5a487b9533bb363d9a37b6,~/ml4img/f4dficimg/dif_MRItumor/no-1412.jpg,2,"[""dtr005"", ""dtr006""]"
16,6446,no-1416.jpg,[105],105,static/img/15b498553255423a90dc07a1a2c461d2_no-1416.jpg,15b498553255423a90dc07a1a2c461d2,~/ml4img/f4dficimg/dif_MRItumor/no-1416.jpg,2,"[""dtr005"", ""dtr006""]"
16,6447,no-1417.jpg,[105],105,static/img/ddc018c5b10c4bb9be856cb52f92f410_no-1417.jpg,ddc018c5b10c4bb9be856cb52f92f410,~/ml4img/f4dficimg/dif_MRItumor/no-1417.jpg,2,"[""dtr005"", ""dtr006""]"
16,6448,no-1419.jpg,[105],105,static/img/f7068da5c7c74bb2addea372d2d0fff6_no-1419.jpg,f7068da5c7c74bb2addea372d2d0fff6,~/ml4img/f4dficimg/dif_MRItumor/no-1419.jpg,2,"[""dtr005"", ""dtr006""]"
16,6449,no-1425.jpg,"[102, 105]",102,static/img/fd5c5e71f0034e329e35e9008d6b538f_no-1425.jpg,fd5c5e71f0034e329e35e9008d6b538f,~/ml4img/f4dficimg/dif_MRItumor/no-1425.jpg,3,"[""dtr004"", ""dtr005"", ""dtr006""]"
16,6450,no-1429.jpg,[105],105,static/img/8db2f73cd3da4cef94679f40859f249e_no-1429.jpg,8db2f73cd3da4cef94679f40859f249e,~/ml4img/f4dficimg/dif_MRItumor/no-1429.jpg,2,"[""dtr005"", ""dtr006""]"
16,6451,no-1445.jpg,[105],105,static/img/6d238ffde6a142fe905d270dc1673360_no-1445.jpg,6d238ffde6a142fe905d270dc1673360,~/ml4img/f4dficimg/dif_MRItumor/no-1445.jpg,2,"[""dtr005"", ""dtr006""]"
16,6452,no-1450.jpg,[105],105,static/img/727f975142a546c3a9efa204a2c80612_no-1450.jpg,727f975142a546c3a9efa204a2c80612,~/ml4img/f4dficimg/dif_MRItumor/no-1450.jpg,2,"[""dtr005"", ""dtr006""]"
16,6453,no-1452.jpg,[105],105,static/img/5a1db3e77e42447aa4c44005d9cbd7f6_no-1452.jpg,5a1db3e77e42447aa4c44005d9cbd7f6,~/ml4img/f4dficimg/dif_MRItumor/no-1452.jpg,2,"[""dtr005"", ""dtr006""]"
16,6454,no-1455.jpg,[105],105,static/img/bd4ef3156669417994ec3ca6ef2618d8_no-1455.jpg,bd4ef3156669417994ec3ca6ef2618d8,~/ml4img/f4dficimg/dif_MRItumor/no-1455.jpg,2,"[""dtr005"", ""dtr006""]"
16,6455,no-1460.jpg,[104],104,static/img/7d507f9a8e8c4fcfb56caba913c5fb7e_no-1460.jpg,7d507f9a8e8c4fcfb56caba913c5fb7e,~/ml4img/f4dficimg/dif_MRItumor/no-1460.jpg,2,"[""dtr005"", ""dtr006""]"
16,6456,no-1461.jpg,"[102, 104]",102,static/img/08110a4431d24d679bced1d9b22c9a91_no-1461.jpg,08110a4431d24d679bced1d9b22c9a91,~/ml4img/f4dficimg/dif_MRItumor/no-1461.jpg,2,"[""dtr005"", ""dtr006""]"
16,6457,no-1465.jpg,[105],105,static/img/00acfb597b024a199904c93231390e93_no-1465.jpg,00acfb597b024a199904c93231390e93,~/ml4img/f4dficimg/dif_MRItumor/no-1465.jpg,2,"[""dtr005"", ""dtr006""]"
16,6458,no-1476.jpg,[105],105,static/img/0b334316a5814c36a7cbb91bdfcf0a3b_no-1476.jpg,0b334316a5814c36a7cbb91bdfcf0a3b,~/ml4img/f4dficimg/dif_MRItumor/no-1476.jpg,2,"[""dtr005"", ""dtr006""]"
16,6459,no-1483.jpg,[105],105,static/img/4fce3cca13ee4584b55731c0d466f055_no-1483.jpg,4fce3cca13ee4584b55731c0d466f055,~/ml4img/f4dficimg/dif_MRItumor/no-1483.jpg,2,"[""dtr005"", ""dtr006""]"
16,6460,no-1485.jpg,[105],105,static/img/a993db1b3f124320b81d2e441f3710c5_no-1485.jpg,a993db1b3f124320b81d2e441f3710c5,~/ml4img/f4dficimg/dif_MRItumor/no-1485.jpg,2,"[""dtr005"", ""dtr006""]"
16,6461,no-1514.jpg,[105],105,static/img/930b9917077b42859abaaffdd2700afe_no-1514.jpg,930b9917077b42859abaaffdd2700afe,~/ml4img/f4dficimg/dif_MRItumor/no-1514.jpg,2,"[""dtr005"", ""dtr006""]"
16,6462,no-1525.jpg,[105],105,static/img/9ab435a9970546579eb07063cea9fe9d_no-1525.jpg,9ab435a9970546579eb07063cea9fe9d,~/ml4img/f4dficimg/dif_MRItumor/no-1525.jpg,2,"[""dtr005"", ""dtr006""]"
16,6463,no-1536.jpg,[105],105,static/img/236d5f2f3ceb4cb09ed1ed94caa3f0b8_no-1536.jpg,236d5f2f3ceb4cb09ed1ed94caa3f0b8,~/ml4img/f4dficimg/dif_MRItumor/no-1536.jpg,2,"[""dtr005"", ""dtr006""]"
16,6464,no-1549.jpg,[105],105,static/img/3589113c4a5c47edb2506c48ef8238ee_no-1549.jpg,3589113c4a5c47edb2506c48ef8238ee,~/ml4img/f4dficimg/dif_MRItumor/no-1549.jpg,2,"[""dtr005"", ""dtr006""]"
16,6465,no-1560.jpg,[105],105,static/img/23e3e6cbac4848468fa6a78d5c7bf7d1_no-1560.jpg,23e3e6cbac4848468fa6a78d5c7bf7d1,~/ml4img/f4dficimg/dif_MRItumor/no-1560.jpg,3,"[""dtr004"", ""dtr005"", ""dtr006""]"
16,6466,no-1562.jpg,[105],105,static/img/a49d342fdb6d48769e9d36f536fe1815_no-1562.jpg,a49d342fdb6d48769e9d36f536fe1815,~/ml4img/f4dficimg/dif_MRItumor/no-1562.jpg,2,"[""dtr005"", ""dtr006""]"
16,6467,no-1573.jpg,[102],102,static/img/280e9de2522844d49ed989f4b9fb7799_no-1573.jpg,280e9de2522844d49ed989f4b9fb7799,~/ml4img/f4dficimg/dif_MRItumor/no-1573.jpg,2,"[""dtr005"", ""dtr006""]"
16,6468,no-1589.jpg,[105],105,static/img/d371908bccda45f38feca413dfdc7bdf_no-1589.jpg,d371908bccda45f38feca413dfdc7bdf,~/ml4img/f4dficimg/dif_MRItumor/no-1589.jpg,2,"[""dtr005"", ""dtr006""]"
16,6469,no-1597.jpg,[105],105,static/img/6aace9691b934e93a5bf15e2dd6b0881_no-1597.jpg,6aace9691b934e93a5bf15e2dd6b0881,~/ml4img/f4dficimg/dif_MRItumor/no-1597.jpg,2,"[""dtr005"", ""dtr006""]"
16,6470,no-1599.jpg,"[102, 103]",102,static/img/700dff0698014edd9fe1b9e5dc9b0e99_no-1599.jpg,700dff0698014edd9fe1b9e5dc9b0e99,~/ml4img/f4dficimg/dif_MRItumor/no-1599.jpg,2,"[""dtr005"", ""dtr006""]"
16,6471,no-1601.jpg,[105],105,static/img/85b8084659b34b9b9fffb42ecae02269_no-1601.jpg,85b8084659b34b9b9fffb42ecae02269,~/ml4img/f4dficimg/dif_MRItumor/no-1601.jpg,2,"[""dtr005"", ""dtr006""]"
16,6472,no-1606.jpg,[105],105,static/img/d50378df16d6468da073c4cd71012e5c_no-1606.jpg,d50378df16d6468da073c4cd71012e5c,~/ml4img/f4dficimg/dif_MRItumor/no-1606.jpg,2,"[""dtr005"", ""dtr006""]"
16,6473,no-1608.jpg,[105],105,static/img/2fd9bbbe23844758ba39d27324eefce0_no-1608.jpg,2fd9bbbe23844758ba39d27324eefce0,~/ml4img/f4dficimg/dif_MRItumor/no-1608.jpg,2,"[""dtr005"", ""dtr006""]"
16,6474,no-1614.jpg,[105],105,static/img/f09d092c634041f9b47e2afb9f93358e_no-1614.jpg,f09d092c634041f9b47e2afb9f93358e,~/ml4img/f4dficimg/dif_MRItumor/no-1614.jpg,2,"[""dtr005"", ""dtr006""]"
16,6475,no-1625.jpg,"[103, 105]",103,static/img/7480443aa6464c79b43cd1fefe6678fb_no-1625.jpg,7480443aa6464c79b43cd1fefe6678fb,~/ml4img/f4dficimg/dif_MRItumor/no-1625.jpg,2,"[""dtr005"", ""dtr006""]"
16,6476,no-1626.jpg,[105],105,static/img/f59a15c841554272b8a044a441477c2a_no-1626.jpg,f59a15c841554272b8a044a441477c2a,~/ml4img/f4dficimg/dif_MRItumor/no-1626.jpg,2,"[""dtr005"", ""dtr006""]"
16,6477,no-1643.jpg,[105],105,static/img/02d82763514b4ead802800b129d64f50_no-1643.jpg,02d82763514b4ead802800b129d64f50,~/ml4img/f4dficimg/dif_MRItumor/no-1643.jpg,2,"[""dtr005"", ""dtr006""]"
16,6478,no-1652.jpg,[105],105,static/img/6e26a69434ae488197e764631273ed31_no-1652.jpg,6e26a69434ae488197e764631273ed31,~/ml4img/f4dficimg/dif_MRItumor/no-1652.jpg,2,"[""dtr005"", ""dtr006""]"
16,6479,no-1656.jpg,"[102, 105]",102,static/img/501e3940045a4c9d95fc21302fcf51a6_no-1656.jpg,501e3940045a4c9d95fc21302fcf51a6,~/ml4img/f4dficimg/dif_MRItumor/no-1656.jpg,2,"[""dtr005"", ""dtr006""]"
16,6480,no-1673.jpg,"[102, 105]",105,static/img/effe5522e0d04b749540b3cafafb6ffe_no-1673.jpg,effe5522e0d04b749540b3cafafb6ffe,~/ml4img/f4dficimg/dif_MRItumor/no-1673.jpg,4,"[""admin"", ""dtr004"", ""dtr005"", ""dtr006""]"
16,6481,no-1683.jpg,"[102, 104]",102,static/img/0c69623d6bbd4daa98957624a2f4819e_no-1683.jpg,0c69623d6bbd4daa98957624a2f4819e,~/ml4img/f4dficimg/dif_MRItumor/no-1683.jpg,2,"[""dtr005"", ""dtr006""]"
16,6482,no-1687.jpg,[103],103,static/img/1edeaccdf7674c93a67706700fd55254_no-1687.jpg,1edeaccdf7674c93a67706700fd55254,~/ml4img/f4dficimg/dif_MRItumor/no-1687.jpg,2,"[""dtr005"", ""dtr006""]"
16,6483,no-1689.jpg,"[102, 105]",105,static/img/b368d032889145e686a034b2c72dfd20_no-1689.jpg,b368d032889145e686a034b2c72dfd20,~/ml4img/f4dficimg/dif_MRItumor/no-1689.jpg,2,"[""dtr005"", ""dtr006""]"
16,6484,no-1699.jpg,[105],105,static/img/ca5f4ac618004e31af84de1d7cd52841_no-1699.jpg,ca5f4ac618004e31af84de1d7cd52841,~/ml4img/f4dficimg/dif_MRItumor/no-1699.jpg,2,"[""dtr005"", ""dtr006""]"
16,6485,no-1701.jpg,[105],105,static/img/e2c7eb7721b94c0ba6808d712375a38f_no-1701.jpg,e2c7eb7721b94c0ba6808d712375a38f,~/ml4img/f4dficimg/dif_MRItumor/no-1701.jpg,2,"[""dtr005"", ""dtr006""]"
16,6486,no-1704.jpg,[105],105,static/img/5bf73773cdfb4420ba3434a2739ae98e_no-1704.jpg,5bf73773cdfb4420ba3434a2739ae98e,~/ml4img/f4dficimg/dif_MRItumor/no-1704.jpg,2,"[""dtr005"", ""dtr006""]"
16,6487,no-1707.jpg,[105],105,static/img/f05bce3a9a3f4ff6a57a5c11a68c62d0_no-1707.jpg,f05bce3a9a3f4ff6a57a5c11a68c62d0,~/ml4img/f4dficimg/dif_MRItumor/no-1707.jpg,2,"[""dtr005"", ""dtr006""]"
16,6488,no-1712.jpg,"[102, 103]",102,static/img/3d0d949ee9b848fd975457460ab3f173_no-1712.jpg,3d0d949ee9b848fd975457460ab3f173,~/ml4img/f4dficimg/dif_MRItumor/no-1712.jpg,2,"[""dtr005"", ""dtr006""]"
16,6489,no-1729.jpg,[105],105,static/img/3b908526b2f54aabafcd2a4fe765aa9b_no-1729.jpg,3b908526b2f54aabafcd2a4fe765aa9b,~/ml4img/f4dficimg/dif_MRItumor/no-1729.jpg,2,"[""dtr005"", ""dtr006""]"
16,6490,no-1734.jpg,[105],105,static/img/54e88c6bcb884cd18b39d3e4a106d04c_no-1734.jpg,54e88c6bcb884cd18b39d3e4a106d04c,~/ml4img/f4dficimg/dif_MRItumor/no-1734.jpg,2,"[""dtr005"", ""dtr006""]"
16,6491,no-1735.jpg,[102],102,static/img/de7fcd293d7d418580d1e9f98a395b1e_no-1735.jpg,de7fcd293d7d418580d1e9f98a395b1e,~/ml4img/f4dficimg/dif_MRItumor/no-1735.jpg,2,"[""dtr005"", ""dtr006""]"
16,6492,no-1743.jpg,[102],102,static/img/e2b73fb21ba241ccba201a602bd77b84_no-1743.jpg,e2b73fb21ba241ccba201a602bd77b84,~/ml4img/f4dficimg/dif_MRItumor/no-1743.jpg,2,"[""dtr005"", ""dtr006""]"
16,6493,no-1769.jpg,"[102, 105]",102,static/img/f00290f28d2b41219eac9dacee0c88ee_no-1769.jpg,f00290f28d2b41219eac9dacee0c88ee,~/ml4img/f4dficimg/dif_MRItumor/no-1769.jpg,2,"[""dtr005"", ""dtr006""]"
16,6494,no-1770.jpg,[105],105,static/img/d6106fe7f76d4924bb398c6a041aa77e_no-1770.jpg,d6106fe7f76d4924bb398c6a041aa77e,~/ml4img/f4dficimg/dif_MRItumor/no-1770.jpg,2,"[""dtr005"", ""dtr006""]"
16,6495,no-1775.jpg,[105],105,static/img/b7914dd4ee20483387d24a0bc1baa519_no-1775.jpg,b7914dd4ee20483387d24a0bc1baa519,~/ml4img/f4dficimg/dif_MRItumor/no-1775.jpg,2,"[""dtr005"", ""dtr006""]"
16,6496,no-1796.jpg,"[102, 103]",102,static/img/2d31225ff54c457fbdb9f21e5498680e_no-1796.jpg,2d31225ff54c457fbdb9f21e5498680e,~/ml4img/f4dficimg/dif_MRItumor/no-1796.jpg,2,"[""dtr005"", ""dtr006""]"
16,6497,no-1802.jpg,[105],105,static/img/7405d2d9ddc643528b1d8a01e7321be6_no-1802.jpg,7405d2d9ddc643528b1d8a01e7321be6,~/ml4img/f4dficimg/dif_MRItumor/no-1802.jpg,2,"[""dtr005"", ""dtr006""]"
16,6498,no-1823.jpg,[105],105,static/img/d64e9c2b8fdb41f492a900936a72287a_no-1823.jpg,d64e9c2b8fdb41f492a900936a72287a,~/ml4img/f4dficimg/dif_MRItumor/no-1823.jpg,2,"[""dtr005"", ""dtr006""]"
16,6499,no-1826.jpg,[105],105,static/img/829e2bb657b942b588b9bef0bd959422_no-1826.jpg,829e2bb657b942b588b9bef0bd959422,~/ml4img/f4dficimg/dif_MRItumor/no-1826.jpg,2,"[""dtr005"", ""dtr006""]"
16,6500,no-1843.jpg,[105],105,static/img/a7d7e056864b4cd49bd22d9433552bee_no-1843.jpg,a7d7e056864b4cd49bd22d9433552bee,~/ml4img/f4dficimg/dif_MRItumor/no-1843.jpg,2,"[""dtr005"", ""dtr006""]"
16,6501,no-1853.jpg,[105],105,static/img/d0ff4c0d3fff41cfb324f4ba13d30d09_no-1853.jpg,d0ff4c0d3fff41cfb324f4ba13d30d09,~/ml4img/f4dficimg/dif_MRItumor/no-1853.jpg,2,"[""dtr005"", ""dtr006""]"
16,6502,no-1876.jpg,[105],105,static/img/5de3c77a44884d03a11a5dc70caa497e_no-1876.jpg,5de3c77a44884d03a11a5dc70caa497e,~/ml4img/f4dficimg/dif_MRItumor/no-1876.jpg,3,"[""dtr004"", ""dtr005"", ""dtr006""]"
16,6503,no-1883.jpg,[105],105,static/img/7809a9d15d734f688fda012bbfe88287_no-1883.jpg,7809a9d15d734f688fda012bbfe88287,~/ml4img/f4dficimg/dif_MRItumor/no-1883.jpg,2,"[""dtr005"", ""dtr006""]"
16,6504,no-1884.jpg,[105],105,static/img/9307b2387ff84c2fbb64fe689ad8a96a_no-1884.jpg,9307b2387ff84c2fbb64fe689ad8a96a,~/ml4img/f4dficimg/dif_MRItumor/no-1884.jpg,2,"[""dtr005"", ""dtr006""]"
16,6505,no-1890.jpg,"[103, 104]",103,static/img/00855316dada413dad08454d20f7e2ea_no-1890.jpg,00855316dada413dad08454d20f7e2ea,~/ml4img/f4dficimg/dif_MRItumor/no-1890.jpg,2,"[""dtr005"", ""dtr006""]"
16,6506,no-1896.jpg,[105],105,static/img/593be72e5e424838b868c432439bdd9d_no-1896.jpg,593be72e5e424838b868c432439bdd9d,~/ml4img/f4dficimg/dif_MRItumor/no-1896.jpg,2,"[""dtr005"", ""dtr006""]"
16,6507,no-1911.jpg,[105],105,static/img/5c43ce34d65b466cb0f17087533f8c33_no-1911.jpg,5c43ce34d65b466cb0f17087533f8c33,~/ml4img/f4dficimg/dif_MRItumor/no-1911.jpg,2,"[""dtr005"", ""dtr006""]"
16,6508,no-1913.jpg,"[102, 105]",105,static/img/ec6327d3118a43c38276194f6c755adf_no-1913.jpg,ec6327d3118a43c38276194f6c755adf,~/ml4img/f4dficimg/dif_MRItumor/no-1913.jpg,2,"[""dtr005"", ""dtr006""]"
16,6509,no-1919.jpg,[105],105,static/img/2b61c6273ae64c3e8ac66754efd2233c_no-1919.jpg,2b61c6273ae64c3e8ac66754efd2233c,~/ml4img/f4dficimg/dif_MRItumor/no-1919.jpg,2,"[""dtr005"", ""dtr006""]"
16,6510,no-1920.jpg,[105],105,static/img/c8a8042fe0db4dd4b2424a58210d6cef_no-1920.jpg,c8a8042fe0db4dd4b2424a58210d6cef,~/ml4img/f4dficimg/dif_MRItumor/no-1920.jpg,2,"[""dtr005"", ""dtr006""]"
16,6511,no-1923.jpg,[105],105,static/img/f6161d48aec44b3cae2b9b9ebecb2032_no-1923.jpg,f6161d48aec44b3cae2b9b9ebecb2032,~/ml4img/f4dficimg/dif_MRItumor/no-1923.jpg,2,"[""dtr005"", ""dtr006""]"
16,6512,no-1924.jpg,[105],105,static/img/17d103ebb9524c5f99d7ccc1fd298ae0_no-1924.jpg,17d103ebb9524c5f99d7ccc1fd298ae0,~/ml4img/f4dficimg/dif_MRItumor/no-1924.jpg,2,"[""dtr005"", ""dtr006""]"
16,6513,no-1925.jpg,[105],105,static/img/6d9a34dfafa049968f71899e8465218e_no-1925.jpg,6d9a34dfafa049968f71899e8465218e,~/ml4img/f4dficimg/dif_MRItumor/no-1925.jpg,2,"[""dtr005"", ""dtr006""]"
16,6514,no-1927.jpg,[105],105,static/img/b96f410e01694de38eed63a84bf50718_no-1927.jpg,b96f410e01694de38eed63a84bf50718,~/ml4img/f4dficimg/dif_MRItumor/no-1927.jpg,2,"[""dtr005"", ""dtr006""]"
16,6515,no-1931.jpg,[105],105,static/img/b87223d2fde64b7b8cb301316baa55a9_no-1931.jpg,b87223d2fde64b7b8cb301316baa55a9,~/ml4img/f4dficimg/dif_MRItumor/no-1931.jpg,2,"[""dtr005"", ""dtr006""]"
16,6516,no-1932.jpg,"[103, 104]",103,static/img/d5502d62258447aa8e6a47b0414824cf_no-1932.jpg,d5502d62258447aa8e6a47b0414824cf,~/ml4img/f4dficimg/dif_MRItumor/no-1932.jpg,2,"[""dtr005"", ""dtr006""]"
16,6517,no-1935.jpg,"[102, 103]",102,static/img/ccc15edee4c647b1886a2c1d9596fa7b_no-1935.jpg,ccc15edee4c647b1886a2c1d9596fa7b,~/ml4img/f4dficimg/dif_MRItumor/no-1935.jpg,2,"[""dtr005"", ""dtr006""]"
16,6518,no-1937.jpg,[105],105,static/img/a600f663a36d4713864e2c63015a4e9e_no-1937.jpg,a600f663a36d4713864e2c63015a4e9e,~/ml4img/f4dficimg/dif_MRItumor/no-1937.jpg,3,"[""dtr004"", ""dtr005"", ""dtr006""]"
16,6519,no-1952.jpg,[102],102,static/img/2bdeb01e9db942df88241d97cdb54979_no-1952.jpg,2bdeb01e9db942df88241d97cdb54979,~/ml4img/f4dficimg/dif_MRItumor/no-1952.jpg,2,"[""dtr005"", ""dtr006""]"
16,6520,no-1988.jpg,"[102, 103, 105]",105,static/img/3959749398e8453593781251b73317e8_no-1988.jpg,3959749398e8453593781251b73317e8,~/ml4img/f4dficimg/dif_MRItumor/no-1988.jpg,3,"[""dtr004"", ""dtr005"", ""dtr006""]"
16,6521,no-1998.jpg,[105],105,static/img/0ac14beecde54db2a92292ac373d985f_no-1998.jpg,0ac14beecde54db2a92292ac373d985f,~/ml4img/f4dficimg/dif_MRItumor/no-1998.jpg,2,"[""dtr005"", ""dtr006""]"
16,6522,pi-0008.jpg,"[104, 105]",105,static/img/a3ce7b83c31b402cb54f0d7d0f4ed0f9_pi-0008.jpg,a3ce7b83c31b402cb54f0d7d0f4ed0f9,~/ml4img/f4dficimg/dif_MRItumor/pi-0008.jpg,2,"[""dtr005"", ""dtr006""]"
16,6523,pi-0010.jpg,[104],104,static/img/3c58e58396de48d6b9497850fb654394_pi-0010.jpg,3c58e58396de48d6b9497850fb654394,~/ml4img/f4dficimg/dif_MRItumor/pi-0010.jpg,2,"[""dtr005"", ""dtr006""]"
16,6524,pi-0018.jpg,[104],104,static/img/a9ed746181dc49709f30137dd3e90fde_pi-0018.jpg,a9ed746181dc49709f30137dd3e90fde,~/ml4img/f4dficimg/dif_MRItumor/pi-0018.jpg,2,"[""dtr005"", ""dtr006""]"
16,6525,pi-0024.jpg,[104],104,static/img/bdfae337653542af8e765e89a89ba16f_pi-0024.jpg,bdfae337653542af8e765e89a89ba16f,~/ml4img/f4dficimg/dif_MRItumor/pi-0024.jpg,2,"[""dtr005"", ""dtr006""]"
16,6526,pi-0026.jpg,"[104, 105]",105,static/img/9d7ff193764148eda9f81919d4ca7e1e_pi-0026.jpg,9d7ff193764148eda9f81919d4ca7e1e,~/ml4img/f4dficimg/dif_MRItumor/pi-0026.jpg,2,"[""dtr005"", ""dtr006""]"
16,6527,pi-0030.jpg,"[103, 104]",103,static/img/50468d372748422ebfef4c590512668d_pi-0030.jpg,50468d372748422ebfef4c590512668d,~/ml4img/f4dficimg/dif_MRItumor/pi-0030.jpg,2,"[""dtr005"", ""dtr006""]"
16,6528,pi-0031.jpg,"[104, 105]",104,static/img/d782e7f0362446d89001a5743849b6c8_pi-0031.jpg,d782e7f0362446d89001a5743849b6c8,~/ml4img/f4dficimg/dif_MRItumor/pi-0031.jpg,3,"[""dtr004"", ""dtr005"", ""dtr006""]"
16,6529,pi-0033.jpg,[104],104,static/img/ba20fb89ce284d12a42dd83bf2955644_pi-0033.jpg,ba20fb89ce284d12a42dd83bf2955644,~/ml4img/f4dficimg/dif_MRItumor/pi-0033.jpg,2,"[""dtr005"", ""dtr006""]"
16,6530,pi-0036.jpg,[104],104,static/img/548a83e79457439da2ba4e56556d50b2_pi-0036.jpg,548a83e79457439da2ba4e56556d50b2,~/ml4img/f4dficimg/dif_MRItumor/pi-0036.jpg,2,"[""dtr005"", ""dtr006""]"
16,6531,pi-0041.jpg,"[103, 104]",104,static/img/fff50253e3d64441b8ca34af1bdc1231_pi-0041.jpg,fff50253e3d64441b8ca34af1bdc1231,~/ml4img/f4dficimg/dif_MRItumor/pi-0041.jpg,3,"[""dtr004"", ""dtr005"", ""dtr006""]"
16,6532,pi-0046.jpg,[104],104,static/img/fd8674c28def4edab3e553bac8121c51_pi-0046.jpg,fd8674c28def4edab3e553bac8121c51,~/ml4img/f4dficimg/dif_MRItumor/pi-0046.jpg,2,"[""dtr005"", ""dtr006""]"
16,6533,pi-0048.jpg,[104],104,static/img/0b410c9abdf94056acb0c6faad9cc7f5_pi-0048.jpg,0b410c9abdf94056acb0c6faad9cc7f5,~/ml4img/f4dficimg/dif_MRItumor/pi-0048.jpg,2,"[""dtr005"", ""dtr006""]"
16,6534,pi-0056.jpg,[104],104,static/img/9b949819ce874e95a2962c6dcaa5d397_pi-0056.jpg,9b949819ce874e95a2962c6dcaa5d397,~/ml4img/f4dficimg/dif_MRItumor/pi-0056.jpg,2,"[""dtr005"", ""dtr006""]"
16,6535,pi-0061.jpg,[104],104,static/img/8c262262592642d9aa066d84c57448e3_pi-0061.jpg,8c262262592642d9aa066d84c57448e3,~/ml4img/f4dficimg/dif_MRItumor/pi-0061.jpg,2,"[""dtr005"", ""dtr006""]"
16,6536,pi-0062.jpg,[104],104,static/img/122b157550c64b3197a9cd6196ece25b_pi-0062.jpg,122b157550c64b3197a9cd6196ece25b,~/ml4img/f4dficimg/dif_MRItumor/pi-0062.jpg,2,"[""dtr005"", ""dtr006""]"
16,6537,pi-0063.jpg,[105],105,static/img/33a04e309ba84e2aa09b3a070f9870dd_pi-0063.jpg,33a04e309ba84e2aa09b3a070f9870dd,~/ml4img/f4dficimg/dif_MRItumor/pi-0063.jpg,2,"[""dtr005"", ""dtr006""]"
16,6538,pi-0064.jpg,[104],104,static/img/b03a49ecc714441589dc8f0c255638eb_pi-0064.jpg,b03a49ecc714441589dc8f0c255638eb,~/ml4img/f4dficimg/dif_MRItumor/pi-0064.jpg,2,"[""dtr005"", ""dtr006""]"
16,6539,pi-0065.jpg,[104],104,static/img/531d6f8e541443dfbbffd6809e1984fb_pi-0065.jpg,531d6f8e541443dfbbffd6809e1984fb,~/ml4img/f4dficimg/dif_MRItumor/pi-0065.jpg,2,"[""dtr005"", ""dtr006""]"
16,6540,pi-0066.jpg,[104],104,static/img/3a66a1080e744adc9d6c8081d84f0d95_pi-0066.jpg,3a66a1080e744adc9d6c8081d84f0d95,~/ml4img/f4dficimg/dif_MRItumor/pi-0066.jpg,2,"[""dtr005"", ""dtr006""]"
16,6541,pi-0089.jpg,"[104, 105]",104,static/img/286b941d36fe4e149c5d0450ab8fbc0c_pi-0089.jpg,286b941d36fe4e149c5d0450ab8fbc0c,~/ml4img/f4dficimg/dif_MRItumor/pi-0089.jpg,3,"[""dtr004"", ""dtr005"", ""dtr006""]"
16,6542,pi-0094.jpg,[104],104,static/img/a1fa81d500a0424f9cbc7c436d65ee7e_pi-0094.jpg,a1fa81d500a0424f9cbc7c436d65ee7e,~/ml4img/f4dficimg/dif_MRItumor/pi-0094.jpg,2,"[""dtr005"", ""dtr006""]"
16,6543,pi-0096.jpg,"[104, 105]",105,static/img/1872ffc00ba24bfabedbda6981945e73_pi-0096.jpg,1872ffc00ba24bfabedbda6981945e73,~/ml4img/f4dficimg/dif_MRItumor/pi-0096.jpg,2,"[""dtr005"", ""dtr006""]"
16,6544,pi-0100.jpg,"[104, 105]",104,static/img/30c6f4887c6440f9924b9032002a60da_pi-0100.jpg,30c6f4887c6440f9924b9032002a60da,~/ml4img/f4dficimg/dif_MRItumor/pi-0100.jpg,3,"[""dtr004"", ""dtr005"", ""dtr006""]"
16,6545,pi-0114.jpg,[104],104,static/img/57d0a273428842cdb9d0727169ab1b83_pi-0114.jpg,57d0a273428842cdb9d0727169ab1b83,~/ml4img/f4dficimg/dif_MRItumor/pi-0114.jpg,2,"[""dtr005"", ""dtr006""]"
16,6546,pi-0117.jpg,[104],104,static/img/57cee8f1fc684d179f1d3ff4c431602a_pi-0117.jpg,57cee8f1fc684d179f1d3ff4c431602a,~/ml4img/f4dficimg/dif_MRItumor/pi-0117.jpg,2,"[""dtr005"", ""dtr006""]"
16,6547,pi-0118.jpg,[104],104,static/img/397ff661133f417e83c28e4cd1d7ae33_pi-0118.jpg,397ff661133f417e83c28e4cd1d7ae33,~/ml4img/f4dficimg/dif_MRItumor/pi-0118.jpg,2,"[""dtr005"", ""dtr006""]"
16,6548,pi-0124.jpg,"[103, 104]",103,static/img/9393a5e1fbcf4105b84f63c07d355d70_pi-0124.jpg,9393a5e1fbcf4105b84f63c07d355d70,~/ml4img/f4dficimg/dif_MRItumor/pi-0124.jpg,2,"[""dtr005"", ""dtr006""]"
16,6549,pi-0127.jpg,[104],104,static/img/d050ecbd059946aca4b0644b0217f51b_pi-0127.jpg,d050ecbd059946aca4b0644b0217f51b,~/ml4img/f4dficimg/dif_MRItumor/pi-0127.jpg,2,"[""dtr005"", ""dtr006""]"
16,6550,pi-0137.jpg,"[102, 104]",102,static/img/f7b5c796bcdf48f8a841ca53201a3644_pi-0137.jpg,f7b5c796bcdf48f8a841ca53201a3644,~/ml4img/f4dficimg/dif_MRItumor/pi-0137.jpg,2,"[""dtr005"", ""dtr006""]"
16,6551,pi-0138.jpg,[104],104,static/img/cdcfcb6ed80c47ccb02bedd47676c4f4_pi-0138.jpg,cdcfcb6ed80c47ccb02bedd47676c4f4,~/ml4img/f4dficimg/dif_MRItumor/pi-0138.jpg,2,"[""dtr005"", ""dtr006""]"
16,6552,pi-0139.jpg,"[104, 105]",105,static/img/617c85c2b98548c69c5f9b9d0a49b682_pi-0139.jpg,617c85c2b98548c69c5f9b9d0a49b682,~/ml4img/f4dficimg/dif_MRItumor/pi-0139.jpg,2,"[""dtr005"", ""dtr006""]"
16,6553,pi-0144.jpg,"[104, 105]",105,static/img/fa895008900d4ab5a281a66d1ae804ce_pi-0144.jpg,fa895008900d4ab5a281a66d1ae804ce,~/ml4img/f4dficimg/dif_MRItumor/pi-0144.jpg,2,"[""dtr005"", ""dtr006""]"
16,6554,pi-0149.jpg,"[103, 104]",103,static/img/e8b4628ee1184047b9bfb35d414a4409_pi-0149.jpg,e8b4628ee1184047b9bfb35d414a4409,~/ml4img/f4dficimg/dif_MRItumor/pi-0149.jpg,2,"[""dtr005"", ""dtr006""]"
16,6555,pi-0151.jpg,[104],104,static/img/6ef7500210084be58b6167eea52cfbe0_pi-0151.jpg,6ef7500210084be58b6167eea52cfbe0,~/ml4img/f4dficimg/dif_MRItumor/pi-0151.jpg,2,"[""dtr005"", ""dtr006""]"
16,6556,pi-0154.jpg,[104],104,static/img/6bbe71d4a4c6417e8b81c2444f0dbb09_pi-0154.jpg,6bbe71d4a4c6417e8b81c2444f0dbb09,~/ml4img/f4dficimg/dif_MRItumor/pi-0154.jpg,2,"[""dtr005"", ""dtr006""]"
16,6557,pi-0155.jpg,[104],104,static/img/0f61cf4286244ea1be3ad0e8c4a62ced_pi-0155.jpg,0f61cf4286244ea1be3ad0e8c4a62ced,~/ml4img/f4dficimg/dif_MRItumor/pi-0155.jpg,2,"[""dtr005"", ""dtr006""]"
16,6558,pi-0159.jpg,[104],104,static/img/c84288376401432b885b3616833c1e3f_pi-0159.jpg,c84288376401432b885b3616833c1e3f,~/ml4img/f4dficimg/dif_MRItumor/pi-0159.jpg,2,"[""dtr005"", ""dtr006""]"
16,6559,pi-0160.jpg,"[104, 105]",105,static/img/44883413871f449c834f253b2c1275b7_pi-0160.jpg,44883413871f449c834f253b2c1275b7,~/ml4img/f4dficimg/dif_MRItumor/pi-0160.jpg,2,"[""dtr005"", ""dtr006""]"
16,6560,pi-0198.jpg,[104],104,static/img/fb68bbcd3c954f25908cbbb36bcac31a_pi-0198.jpg,fb68bbcd3c954f25908cbbb36bcac31a,~/ml4img/f4dficimg/dif_MRItumor/pi-0198.jpg,2,"[""dtr005"", ""dtr006""]"
16,6561,pi-0205.jpg,"[104, 105]",105,static/img/ad8b1ecb73a344c0bfb13db9f0415d43_pi-0205.jpg,ad8b1ecb73a344c0bfb13db9f0415d43,~/ml4img/f4dficimg/dif_MRItumor/pi-0205.jpg,2,"[""dtr005"", ""dtr006""]"
16,6562,pi-0226.jpg,[104],104,static/img/2a3c524489664ee4a9058e8bd70a6a44_pi-0226.jpg,2a3c524489664ee4a9058e8bd70a6a44,~/ml4img/f4dficimg/dif_MRItumor/pi-0226.jpg,2,"[""dtr005"", ""dtr006""]"
16,6563,pi-0239.jpg,"[103, 104]",103,static/img/30d7335a165c43cd8790a67287b9157f_pi-0239.jpg,30d7335a165c43cd8790a67287b9157f,~/ml4img/f4dficimg/dif_MRItumor/pi-0239.jpg,3,"[""dtr004"", ""dtr005"", ""dtr006""]"
16,6564,pi-0248.jpg,[103],103,static/img/04ebc5b5dee340518a04c520cdf15b1d_pi-0248.jpg,04ebc5b5dee340518a04c520cdf15b1d,~/ml4img/f4dficimg/dif_MRItumor/pi-0248.jpg,2,"[""dtr005"", ""dtr006""]"
16,6565,pi-0249.jpg,"[103, 104]",104,static/img/a5fbc6a5886b4c9b830fa9fb52c08218_pi-0249.jpg,a5fbc6a5886b4c9b830fa9fb52c08218,~/ml4img/f4dficimg/dif_MRItumor/pi-0249.jpg,2,"[""dtr005"", ""dtr006""]"
16,6566,pi-0251.jpg,"[103, 104]",103,static/img/7326d300496c496e9ba1605aed6a0907_pi-0251.jpg,7326d300496c496e9ba1605aed6a0907,~/ml4img/f4dficimg/dif_MRItumor/pi-0251.jpg,3,"[""dtr004"", ""dtr005"", ""dtr006""]"
16,6567,pi-0260.jpg,[104],104,static/img/384fd3715a0242be99591ebdccb30141_pi-0260.jpg,384fd3715a0242be99591ebdccb30141,~/ml4img/f4dficimg/dif_MRItumor/pi-0260.jpg,2,"[""dtr005"", ""dtr006""]"
16,6568,pi-0275.jpg,[104],104,static/img/c426445ebb3244999f5c5a85ed148ae7_pi-0275.jpg,c426445ebb3244999f5c5a85ed148ae7,~/ml4img/f4dficimg/dif_MRItumor/pi-0275.jpg,2,"[""dtr005"", ""dtr006""]"
16,6569,pi-0276.jpg,"[104, 105]",104,static/img/1528d5b98451469e8b0d5923a2679a63_pi-0276.jpg,1528d5b98451469e8b0d5923a2679a63,~/ml4img/f4dficimg/dif_MRItumor/pi-0276.jpg,3,"[""dtr004"", ""dtr005"", ""dtr006""]"
16,6570,pi-0279.jpg,"[102, 104]",102,static/img/7970a0bdff684eb7bd35138fb1e84c0e_pi-0279.jpg,7970a0bdff684eb7bd35138fb1e84c0e,~/ml4img/f4dficimg/dif_MRItumor/pi-0279.jpg,2,"[""dtr005"", ""dtr006""]"
16,6571,pi-0284.jpg,[103],103,static/img/580119f4729f4739be35b7f6b263d6f4_pi-0284.jpg,580119f4729f4739be35b7f6b263d6f4,~/ml4img/f4dficimg/dif_MRItumor/pi-0284.jpg,2,"[""dtr005"", ""dtr006""]"
16,6572,pi-0287.jpg,[104],104,static/img/e6ddc1e685ec4217a44a40268f919514_pi-0287.jpg,e6ddc1e685ec4217a44a40268f919514,~/ml4img/f4dficimg/dif_MRItumor/pi-0287.jpg,2,"[""dtr005"", ""dtr006""]"
16,6573,pi-0296.jpg,[104],104,static/img/3917845c0822417c87f0b2672ba07b83_pi-0296.jpg,3917845c0822417c87f0b2672ba07b83,~/ml4img/f4dficimg/dif_MRItumor/pi-0296.jpg,2,"[""dtr005"", ""dtr006""]"
16,6574,pi-0304.jpg,[104],104,static/img/77301387002a491ca1c80733695bb2c2_pi-0304.jpg,77301387002a491ca1c80733695bb2c2,~/ml4img/f4dficimg/dif_MRItumor/pi-0304.jpg,2,"[""dtr005"", ""dtr006""]"
16,6575,pi-0311.jpg,[104],104,static/img/f6506162b8134dae9aaa273fdd971192_pi-0311.jpg,f6506162b8134dae9aaa273fdd971192,~/ml4img/f4dficimg/dif_MRItumor/pi-0311.jpg,2,"[""dtr005"", ""dtr006""]"
16,6576,pi-0312.jpg,"[103, 104]",104,static/img/cf7330d5d47f43798a724cdb7785bd4b_pi-0312.jpg,cf7330d5d47f43798a724cdb7785bd4b,~/ml4img/f4dficimg/dif_MRItumor/pi-0312.jpg,3,"[""dtr004"", ""dtr005"", ""dtr006""]"
16,6577,pi-0318.jpg,[105],105,static/img/7d61f82a45ef4fc486dc20b8f1d8bc52_pi-0318.jpg,7d61f82a45ef4fc486dc20b8f1d8bc52,~/ml4img/f4dficimg/dif_MRItumor/pi-0318.jpg,2,"[""dtr005"", ""dtr006""]"
16,6578,pi-0335.jpg,[104],104,static/img/41ae3324c9c4462fa9be309b0721fce9_pi-0335.jpg,41ae3324c9c4462fa9be309b0721fce9,~/ml4img/f4dficimg/dif_MRItumor/pi-0335.jpg,2,"[""dtr005"", ""dtr006""]"
16,6579,pi-0337.jpg,"[103, 104]",103,static/img/a2d98b00f12841cfb3ee42e955c1166d_pi-0337.jpg,a2d98b00f12841cfb3ee42e955c1166d,~/ml4img/f4dficimg/dif_MRItumor/pi-0337.jpg,2,"[""dtr005"", ""dtr006""]"
16,6580,pi-0351.jpg,"[104, 105]",105,static/img/594641c489424dee9bac470e1a73511e_pi-0351.jpg,594641c489424dee9bac470e1a73511e,~/ml4img/f4dficimg/dif_MRItumor/pi-0351.jpg,2,"[""dtr005"", ""dtr006""]"
16,6581,pi-0353.jpg,[104],104,static/img/2dc37d2543dc488ea12592c9591cce89_pi-0353.jpg,2dc37d2543dc488ea12592c9591cce89,~/ml4img/f4dficimg/dif_MRItumor/pi-0353.jpg,2,"[""dtr005"", ""dtr006""]"
16,6582,pi-0357.jpg,[103],103,static/img/fd82ed5c1e10424aa9301d82d0661d0b_pi-0357.jpg,fd82ed5c1e10424aa9301d82d0661d0b,~/ml4img/f4dficimg/dif_MRItumor/pi-0357.jpg,2,"[""dtr005"", ""dtr006""]"
16,6583,pi-0368.jpg,"[104, 105]",105,static/img/2788e8a01c6e4542b79a8056537e1cdf_pi-0368.jpg,2788e8a01c6e4542b79a8056537e1cdf,~/ml4img/f4dficimg/dif_MRItumor/pi-0368.jpg,2,"[""dtr005"", ""dtr006""]"
16,6584,pi-0369.jpg,[104],104,static/img/9e36aec6ba7c47e4b5c1120621e50ace_pi-0369.jpg,9e36aec6ba7c47e4b5c1120621e50ace,~/ml4img/f4dficimg/dif_MRItumor/pi-0369.jpg,2,"[""dtr005"", ""dtr006""]"
16,6585,pi-0373.jpg,"[104, 105]",104,static/img/81f3118da02d49d196bf35ec0792c8d3_pi-0373.jpg,81f3118da02d49d196bf35ec0792c8d3,~/ml4img/f4dficimg/dif_MRItumor/pi-0373.jpg,2,"[""dtr005"", ""dtr006""]"
16,6586,pi-0374.jpg,[104],104,static/img/a8affcb53fa741beb72feff2dd71ead8_pi-0374.jpg,a8affcb53fa741beb72feff2dd71ead8,~/ml4img/f4dficimg/dif_MRItumor/pi-0374.jpg,2,"[""dtr005"", ""dtr006""]"
16,6587,pi-0384.jpg,"[104, 105]",105,static/img/e9de287ba86c42f5ac85924982404bcc_pi-0384.jpg,e9de287ba86c42f5ac85924982404bcc,~/ml4img/f4dficimg/dif_MRItumor/pi-0384.jpg,2,"[""dtr005"", ""dtr006""]"
16,6588,pi-0391.jpg,[104],104,static/img/6bfac2c28b9d455a8941850aefb228bd_pi-0391.jpg,6bfac2c28b9d455a8941850aefb228bd,~/ml4img/f4dficimg/dif_MRItumor/pi-0391.jpg,2,"[""dtr005"", ""dtr006""]"
16,6589,pi-0393.jpg,"[102, 104]",102,static/img/ee93224318cb43779af14294db22187c_pi-0393.jpg,ee93224318cb43779af14294db22187c,~/ml4img/f4dficimg/dif_MRItumor/pi-0393.jpg,2,"[""dtr005"", ""dtr006""]"
16,6590,pi-0403.jpg,[104],104,static/img/a0a13eee38834c4682418b63a30ef451_pi-0403.jpg,a0a13eee38834c4682418b63a30ef451,~/ml4img/f4dficimg/dif_MRItumor/pi-0403.jpg,2,"[""dtr005"", ""dtr006""]"
16,6591,pi-0405.jpg,"[103, 104]",104,static/img/75cbc6cf22a24c58bcb5d6e317e66af2_pi-0405.jpg,75cbc6cf22a24c58bcb5d6e317e66af2,~/ml4img/f4dficimg/dif_MRItumor/pi-0405.jpg,2,"[""dtr005"", ""dtr006""]"
16,6592,pi-0411.jpg,[105],105,static/img/56a1612c84064f2c9cf05898b4a32a3f_pi-0411.jpg,56a1612c84064f2c9cf05898b4a32a3f,~/ml4img/f4dficimg/dif_MRItumor/pi-0411.jpg,2,"[""dtr005"", ""dtr006""]"
16,6593,pi-0414.jpg,[104],104,static/img/fe1d243f174e4d449018cc22e6feefc8_pi-0414.jpg,fe1d243f174e4d449018cc22e6feefc8,~/ml4img/f4dficimg/dif_MRItumor/pi-0414.jpg,2,"[""dtr005"", ""dtr006""]"
16,6594,pi-0415.jpg,"[103, 104]",104,static/img/385c6d45e76b4daf9c21279306182537_pi-0415.jpg,385c6d45e76b4daf9c21279306182537,~/ml4img/f4dficimg/dif_MRItumor/pi-0415.jpg,2,"[""dtr005"", ""dtr006""]"
16,6595,pi-0425.jpg,"[102, 104]",102,static/img/9b916af291b34b1090d8f08b12b4c848_pi-0425.jpg,9b916af291b34b1090d8f08b12b4c848,~/ml4img/f4dficimg/dif_MRItumor/pi-0425.jpg,3,"[""dtr004"", ""dtr005"", ""dtr006""]"
16,6596,pi-0432.jpg,"[104, 105]",105,static/img/5cf6dbbba3424030834b7e3da474777e_pi-0432.jpg,5cf6dbbba3424030834b7e3da474777e,~/ml4img/f4dficimg/dif_MRItumor/pi-0432.jpg,2,"[""dtr005"", ""dtr006""]"
16,6597,pi-0435.jpg,"[104, 105]",105,static/img/221505266cb74f69ae74ef8511c8e4d6_pi-0435.jpg,221505266cb74f69ae74ef8511c8e4d6,~/ml4img/f4dficimg/dif_MRItumor/pi-0435.jpg,2,"[""dtr005"", ""dtr006""]"
16,6598,pi-0436.jpg,"[104, 105]",105,static/img/1a9f2df3c0ad45e2b47e3a6ae864543b_pi-0436.jpg,1a9f2df3c0ad45e2b47e3a6ae864543b,~/ml4img/f4dficimg/dif_MRItumor/pi-0436.jpg,2,"[""dtr005"", ""dtr006""]"
16,6599,pi-0444.jpg,[104],104,static/img/0a69412c395f4ecf986d9048f1ab7ac7_pi-0444.jpg,0a69412c395f4ecf986d9048f1ab7ac7,~/ml4img/f4dficimg/dif_MRItumor/pi-0444.jpg,2,"[""dtr005"", ""dtr006""]"
16,6600,pi-0457.jpg,[104],104,static/img/6a88cf5662f34d0980bb2e9e6b924083_pi-0457.jpg,6a88cf5662f34d0980bb2e9e6b924083,~/ml4img/f4dficimg/dif_MRItumor/pi-0457.jpg,2,"[""dtr005"", ""dtr006""]"
16,6601,pi-0460.jpg,[105],105,static/img/98a0d0ad19394501aa33fe6dad95d1d9_pi-0460.jpg,98a0d0ad19394501aa33fe6dad95d1d9,~/ml4img/f4dficimg/dif_MRItumor/pi-0460.jpg,2,"[""dtr005"", ""dtr006""]"
16,6602,pi-0467.jpg,[104],104,static/img/b9b944b048b141d983d30e6678c17c0a_pi-0467.jpg,b9b944b048b141d983d30e6678c17c0a,~/ml4img/f4dficimg/dif_MRItumor/pi-0467.jpg,3,"[""dtr004"", ""dtr005"", ""dtr006""]"
16,6603,pi-0473.jpg,[104],104,static/img/4f273cc7aa094b2889c49e8071169658_pi-0473.jpg,4f273cc7aa094b2889c49e8071169658,~/ml4img/f4dficimg/dif_MRItumor/pi-0473.jpg,2,"[""dtr005"", ""dtr006""]"
16,6604,pi-0474.jpg,[104],104,static/img/b390b08c4db549c1be7bd473c950ad17_pi-0474.jpg,b390b08c4db549c1be7bd473c950ad17,~/ml4img/f4dficimg/dif_MRItumor/pi-0474.jpg,2,"[""dtr005"", ""dtr006""]"
16,6605,pi-0478.jpg,"[104, 105]",105,static/img/6839cd4834b6487f973b396daf5fe97a_pi-0478.jpg,6839cd4834b6487f973b396daf5fe97a,~/ml4img/f4dficimg/dif_MRItumor/pi-0478.jpg,2,"[""dtr005"", ""dtr006""]"
16,6606,pi-0488.jpg,[104],104,static/img/a7180e370d6c4cd491a444420e86f612_pi-0488.jpg,a7180e370d6c4cd491a444420e86f612,~/ml4img/f4dficimg/dif_MRItumor/pi-0488.jpg,2,"[""dtr005"", ""dtr006""]"
16,6607,pi-0491.jpg,[104],104,static/img/ad8d7fd007734cf38fdb5d21c44dd1b6_pi-0491.jpg,ad8d7fd007734cf38fdb5d21c44dd1b6,~/ml4img/f4dficimg/dif_MRItumor/pi-0491.jpg,2,"[""dtr005"", ""dtr006""]"
16,6608,pi-0505.jpg,"[103, 104]",103,static/img/ec385287c08a42a185d34fe1afcedc98_pi-0505.jpg,ec385287c08a42a185d34fe1afcedc98,~/ml4img/f4dficimg/dif_MRItumor/pi-0505.jpg,3,"[""dtr004"", ""dtr005"", ""dtr006""]"
16,6609,pi-0506.jpg,"[104, 105]",105,static/img/2719f6891e15495ea7659eac9a163bcf_pi-0506.jpg,2719f6891e15495ea7659eac9a163bcf,~/ml4img/f4dficimg/dif_MRItumor/pi-0506.jpg,2,"[""dtr005"", ""dtr006""]"
16,6610,pi-0508.jpg,[104],104,static/img/3fe34413d01a4f4fb4073c021c30986e_pi-0508.jpg,3fe34413d01a4f4fb4073c021c30986e,~/ml4img/f4dficimg/dif_MRItumor/pi-0508.jpg,2,"[""dtr005"", ""dtr006""]"
16,6611,pi-0514.jpg,"[103, 104]",103,static/img/615d1c5f3a194c4c90817cb1391fa1fd_pi-0514.jpg,615d1c5f3a194c4c90817cb1391fa1fd,~/ml4img/f4dficimg/dif_MRItumor/pi-0514.jpg,2,"[""dtr005"", ""dtr006""]"
16,6612,pi-0518.jpg,[105],105,static/img/5eb3c92185b04afcaf9f28392990d99c_pi-0518.jpg,5eb3c92185b04afcaf9f28392990d99c,~/ml4img/f4dficimg/dif_MRItumor/pi-0518.jpg,2,"[""dtr005"", ""dtr006""]"
16,6613,pi-0521.jpg,"[104, 105]",105,static/img/c40c788c4f0d458cbc3ad2c0f7192ed6_pi-0521.jpg,c40c788c4f0d458cbc3ad2c0f7192ed6,~/ml4img/f4dficimg/dif_MRItumor/pi-0521.jpg,2,"[""dtr005"", ""dtr006""]"
16,6614,pi-0523.jpg,[104],104,static/img/7d7bfa5d0b7845ea9c9762b31eed8d73_pi-0523.jpg,7d7bfa5d0b7845ea9c9762b31eed8d73,~/ml4img/f4dficimg/dif_MRItumor/pi-0523.jpg,2,"[""dtr005"", ""dtr006""]"
16,6615,pi-0536.jpg,"[103, 104]",103,static/img/a6ea8288340e4c26bbbaca8eafe2027b_pi-0536.jpg,a6ea8288340e4c26bbbaca8eafe2027b,~/ml4img/f4dficimg/dif_MRItumor/pi-0536.jpg,3,"[""dtr004"", ""dtr005"", ""dtr006""]"
16,6616,pi-0539.jpg,[104],104,static/img/daeb17f4dccb4b61b0ade785391227a1_pi-0539.jpg,daeb17f4dccb4b61b0ade785391227a1,~/ml4img/f4dficimg/dif_MRItumor/pi-0539.jpg,2,"[""dtr005"", ""dtr006""]"
16,6617,pi-0553.jpg,"[104, 105]",105,static/img/618009aebf4b4b4e88ffb5f885c27de8_pi-0553.jpg,618009aebf4b4b4e88ffb5f885c27de8,~/ml4img/f4dficimg/dif_MRItumor/pi-0553.jpg,3,"[""dtr004"", ""dtr005"", ""dtr006""]"
16,6618,pi-0570.jpg,[104],104,static/img/cdd5e0a3ee6d45d0954c926723e5915e_pi-0570.jpg,cdd5e0a3ee6d45d0954c926723e5915e,~/ml4img/f4dficimg/dif_MRItumor/pi-0570.jpg,2,"[""dtr005"", ""dtr006""]"
16,6619,pi-0576.jpg,[104],104,static/img/e6d1f4f1caa3428798952cf045a7186c_pi-0576.jpg,e6d1f4f1caa3428798952cf045a7186c,~/ml4img/f4dficimg/dif_MRItumor/pi-0576.jpg,2,"[""dtr005"", ""dtr006""]"
16,6620,pi-0579.jpg,[104],104,static/img/3506d275402e4fb4b3022c874bc34e0a_pi-0579.jpg,3506d275402e4fb4b3022c874bc34e0a,~/ml4img/f4dficimg/dif_MRItumor/pi-0579.jpg,2,"[""dtr005"", ""dtr006""]"
16,6621,pi-0581.jpg,[102],102,static/img/ddf1bc9de1964dedbee55aac43aeef2e_pi-0581.jpg,ddf1bc9de1964dedbee55aac43aeef2e,~/ml4img/f4dficimg/dif_MRItumor/pi-0581.jpg,3,"[""dtr004"", ""dtr005"", ""dtr006""]"
16,6622,pi-0586.jpg,"[103, 104]",103,static/img/b5ef6642f8184a2f96602a5693c82ab0_pi-0586.jpg,b5ef6642f8184a2f96602a5693c82ab0,~/ml4img/f4dficimg/dif_MRItumor/pi-0586.jpg,2,"[""dtr005"", ""dtr006""]"
16,6623,pi-0590.jpg,[104],104,static/img/0ebe37ab069849df899a10250ebcee26_pi-0590.jpg,0ebe37ab069849df899a10250ebcee26,~/ml4img/f4dficimg/dif_MRItumor/pi-0590.jpg,2,"[""dtr005"", ""dtr006""]"
16,6624,pi-0595.jpg,[105],105,static/img/f94e3f51dfb3434ead2365b49c49bd51_pi-0595.jpg,f94e3f51dfb3434ead2365b49c49bd51,~/ml4img/f4dficimg/dif_MRItumor/pi-0595.jpg,2,"[""dtr005"", ""dtr006""]"
16,6625,pi-0597.jpg,[104],104,static/img/eb16a4156515498e8e0a745e6478eb12_pi-0597.jpg,eb16a4156515498e8e0a745e6478eb12,~/ml4img/f4dficimg/dif_MRItumor/pi-0597.jpg,2,"[""dtr005"", ""dtr006""]"
16,6626,pi-0608.jpg,[104],104,static/img/283cdd9efb30453e84e141415d4c00f6_pi-0608.jpg,283cdd9efb30453e84e141415d4c00f6,~/ml4img/f4dficimg/dif_MRItumor/pi-0608.jpg,2,"[""dtr005"", ""dtr006""]"
16,6627,pi-0620.jpg,"[103, 104]",104,static/img/cf396aaa20584567af7e046b3ae489ed_pi-0620.jpg,cf396aaa20584567af7e046b3ae489ed,~/ml4img/f4dficimg/dif_MRItumor/pi-0620.jpg,2,"[""dtr005"", ""dtr006""]"
16,6628,pi-0622.jpg,"[104, 105]",105,static/img/3d6977c2ea4d4691b2f9dcb0b412ac2c_pi-0622.jpg,3d6977c2ea4d4691b2f9dcb0b412ac2c,~/ml4img/f4dficimg/dif_MRItumor/pi-0622.jpg,2,"[""dtr005"", ""dtr006""]"
16,6629,pi-0629.jpg,[104],104,static/img/2e8acfa78a9a491d87b3b332e1ab4129_pi-0629.jpg,2e8acfa78a9a491d87b3b332e1ab4129,~/ml4img/f4dficimg/dif_MRItumor/pi-0629.jpg,2,"[""dtr005"", ""dtr006""]"
16,6630,pi-0654.jpg,"[104, 105]",104,static/img/ebb3d6789aa74a7599265f38276983f2_pi-0654.jpg,ebb3d6789aa74a7599265f38276983f2,~/ml4img/f4dficimg/dif_MRItumor/pi-0654.jpg,2,"[""dtr005"", ""dtr006""]"
16,6631,pi-0658.jpg,[104],104,static/img/12577c739cd1498384238626606f7c4c_pi-0658.jpg,12577c739cd1498384238626606f7c4c,~/ml4img/f4dficimg/dif_MRItumor/pi-0658.jpg,2,"[""dtr005"", ""dtr006""]"
16,6632,pi-0661.jpg,"[104, 105]",105,static/img/f96aafdf30394fe689e4c9d44827dad1_pi-0661.jpg,f96aafdf30394fe689e4c9d44827dad1,~/ml4img/f4dficimg/dif_MRItumor/pi-0661.jpg,2,"[""dtr005"", ""dtr006""]"
16,6633,pi-0665.jpg,[104],104,static/img/880549d5f5d64b7990e9746f8ce12257_pi-0665.jpg,880549d5f5d64b7990e9746f8ce12257,~/ml4img/f4dficimg/dif_MRItumor/pi-0665.jpg,2,"[""dtr005"", ""dtr006""]"
16,6634,pi-0667.jpg,"[103, 104]",103,static/img/1aa64f5a3a244894b8b4f308f532e58c_pi-0667.jpg,1aa64f5a3a244894b8b4f308f532e58c,~/ml4img/f4dficimg/dif_MRItumor/pi-0667.jpg,2,"[""dtr005"", ""dtr006""]"
16,6635,pi-0672.jpg,[104],104,static/img/0c7361eab2994848b312fb503287b944_pi-0672.jpg,0c7361eab2994848b312fb503287b944,~/ml4img/f4dficimg/dif_MRItumor/pi-0672.jpg,2,"[""dtr005"", ""dtr006""]"
16,6636,pi-0678.jpg,[104],104,static/img/c289eb60df93457fa40f0f365886000b_pi-0678.jpg,c289eb60df93457fa40f0f365886000b,~/ml4img/f4dficimg/dif_MRItumor/pi-0678.jpg,2,"[""dtr005"", ""dtr006""]"
16,6637,pi-0689.jpg,"[103, 104]",104,static/img/00084fbe9e1149818757eb215f7dccab_pi-0689.jpg,00084fbe9e1149818757eb215f7dccab,~/ml4img/f4dficimg/dif_MRItumor/pi-0689.jpg,3,"[""dtr004"", ""dtr005"", ""dtr006""]"
16,6638,pi-0695.jpg,"[104, 105]",105,static/img/e9bd24773ff34ca4827558accff1bed9_pi-0695.jpg,e9bd24773ff34ca4827558accff1bed9,~/ml4img/f4dficimg/dif_MRItumor/pi-0695.jpg,2,"[""dtr005"", ""dtr006""]"
16,6639,pi-0697.jpg,[104],104,static/img/d3effcef4903483e82dd97ef39aec8ca_pi-0697.jpg,d3effcef4903483e82dd97ef39aec8ca,~/ml4img/f4dficimg/dif_MRItumor/pi-0697.jpg,2,"[""dtr005"", ""dtr006""]"
16,6640,pi-0699.jpg,[105],105,static/img/3dca428bd20a433db268520057e7c14c_pi-0699.jpg,3dca428bd20a433db268520057e7c14c,~/ml4img/f4dficimg/dif_MRItumor/pi-0699.jpg,2,"[""dtr005"", ""dtr006""]"
16,6641,pi-0714.jpg,[105],105,static/img/8962200df2e348b4abfee98e7e1db5e7_pi-0714.jpg,8962200df2e348b4abfee98e7e1db5e7,~/ml4img/f4dficimg/dif_MRItumor/pi-0714.jpg,2,"[""dtr005"", ""dtr006""]"
16,6642,pi-0720.jpg,[105],105,static/img/35fe0fbcf54a4d0f96a4cf7863e3b327_pi-0720.jpg,35fe0fbcf54a4d0f96a4cf7863e3b327,~/ml4img/f4dficimg/dif_MRItumor/pi-0720.jpg,2,"[""dtr005"", ""dtr006""]"
16,6643,pi-0730.jpg,[104],104,static/img/4b261ae664614a7c8d11ffdc1704d2b2_pi-0730.jpg,4b261ae664614a7c8d11ffdc1704d2b2,~/ml4img/f4dficimg/dif_MRItumor/pi-0730.jpg,2,"[""dtr005"", ""dtr006""]"
16,6644,pi-0738.jpg,"[104, 105]",105,static/img/5538e8936a3f4dcc81eca1491bd5595f_pi-0738.jpg,5538e8936a3f4dcc81eca1491bd5595f,~/ml4img/f4dficimg/dif_MRItumor/pi-0738.jpg,3,"[""dtr004"", ""dtr005"", ""dtr006""]"
16,6645,pi-0739.jpg,[104],104,static/img/131c69e0fcff49fc9ee29e9d79064f35_pi-0739.jpg,131c69e0fcff49fc9ee29e9d79064f35,~/ml4img/f4dficimg/dif_MRItumor/pi-0739.jpg,2,"[""dtr005"", ""dtr006""]"
16,6646,pi-0745.jpg,[104],104,static/img/f0b86aa1bdce4db595733a7d8f9ab6b2_pi-0745.jpg,f0b86aa1bdce4db595733a7d8f9ab6b2,~/ml4img/f4dficimg/dif_MRItumor/pi-0745.jpg,2,"[""dtr005"", ""dtr006""]"
16,6647,pi-0747.jpg,"[103, 104]",103,static/img/880f5519cb5b47219d055ec9c8ba8cbe_pi-0747.jpg,880f5519cb5b47219d055ec9c8ba8cbe,~/ml4img/f4dficimg/dif_MRItumor/pi-0747.jpg,2,"[""dtr005"", ""dtr006""]"
16,6648,pi-0755.jpg,[104],104,static/img/a2bae65a72624b52bf70fb1d8fa1e0e5_pi-0755.jpg,a2bae65a72624b52bf70fb1d8fa1e0e5,~/ml4img/f4dficimg/dif_MRItumor/pi-0755.jpg,2,"[""dtr005"", ""dtr006""]"
16,6649,pi-0765.jpg,[104],104,static/img/4e894184146d43bdb911abb2942336ab_pi-0765.jpg,4e894184146d43bdb911abb2942336ab,~/ml4img/f4dficimg/dif_MRItumor/pi-0765.jpg,2,"[""dtr005"", ""dtr006""]"
16,6650,pi-0768.jpg,[104],104,static/img/3e12671e712b4b228fe27b47de65cc20_pi-0768.jpg,3e12671e712b4b228fe27b47de65cc20,~/ml4img/f4dficimg/dif_MRItumor/pi-0768.jpg,2,"[""dtr005"", ""dtr006""]"
16,6651,pi-0775.jpg,"[104, 105]",104,static/img/3c7b5fa7833247e5b4d87e4d713f9e66_pi-0775.jpg,3c7b5fa7833247e5b4d87e4d713f9e66,~/ml4img/f4dficimg/dif_MRItumor/pi-0775.jpg,3,"[""dtr004"", ""dtr005"", ""dtr006""]"
16,6652,pi-0777.jpg,[104],104,static/img/d8b5534c9f864567adeb509579b4f4e1_pi-0777.jpg,d8b5534c9f864567adeb509579b4f4e1,~/ml4img/f4dficimg/dif_MRItumor/pi-0777.jpg,2,"[""dtr005"", ""dtr006""]"
16,6653,pi-0779.jpg,[104],104,static/img/c1ba845f8e90439fb18661fe71c77be2_pi-0779.jpg,c1ba845f8e90439fb18661fe71c77be2,~/ml4img/f4dficimg/dif_MRItumor/pi-0779.jpg,2,"[""dtr005"", ""dtr006""]"
16,6654,pi-0785.jpg,[104],104,static/img/4bd2745888be498383cb73479a8f1c57_pi-0785.jpg,4bd2745888be498383cb73479a8f1c57,~/ml4img/f4dficimg/dif_MRItumor/pi-0785.jpg,2,"[""dtr005"", ""dtr006""]"
16,6655,pi-0786.jpg,"[103, 105]",105,static/img/235268648bf1429ab9e96012c5ab01b6_pi-0786.jpg,235268648bf1429ab9e96012c5ab01b6,~/ml4img/f4dficimg/dif_MRItumor/pi-0786.jpg,2,"[""dtr005"", ""dtr006""]"
16,6656,pi-0788.jpg,[104],104,static/img/a3bc9e5b5fbe4d469a8f19bbffd9ed83_pi-0788.jpg,a3bc9e5b5fbe4d469a8f19bbffd9ed83,~/ml4img/f4dficimg/dif_MRItumor/pi-0788.jpg,2,"[""dtr005"", ""dtr006""]"
16,6657,pi-0793.jpg,"[104, 105]",104,static/img/4e94de34ed2942f4a75799fc16a331b3_pi-0793.jpg,4e94de34ed2942f4a75799fc16a331b3,~/ml4img/f4dficimg/dif_MRItumor/pi-0793.jpg,3,"[""dtr004"", ""dtr005"", ""dtr006""]"
16,6658,pi-0803.jpg,"[104, 105]",104,static/img/06adb2a150454f90927fb3dabac6a5fb_pi-0803.jpg,06adb2a150454f90927fb3dabac6a5fb,~/ml4img/f4dficimg/dif_MRItumor/pi-0803.jpg,3,"[""dtr004"", ""dtr005"", ""dtr006""]"
16,6659,pi-0809.jpg,"[102, 104]",102,static/img/f2d4520c6158414b9e4cf8a6559f56c8_pi-0809.jpg,f2d4520c6158414b9e4cf8a6559f56c8,~/ml4img/f4dficimg/dif_MRItumor/pi-0809.jpg,3,"[""dtr004"", ""dtr005"", ""dtr006""]"
16,6660,pi-0815.jpg,[104],104,static/img/03742524f01d49f4bf68fdc36c249361_pi-0815.jpg,03742524f01d49f4bf68fdc36c249361,~/ml4img/f4dficimg/dif_MRItumor/pi-0815.jpg,2,"[""dtr005"", ""dtr006""]"
16,6661,pi-0827.jpg,[104],104,static/img/39eb86de3af84b0e8901816c9f5c6db6_pi-0827.jpg,39eb86de3af84b0e8901816c9f5c6db6,~/ml4img/f4dficimg/dif_MRItumor/pi-0827.jpg,2,"[""dtr005"", ""dtr006""]"
16,6662,pi-0830.jpg,"[104, 105]",104,static/img/354010d99f2f4d51a0acd79503a534fd_pi-0830.jpg,354010d99f2f4d51a0acd79503a534fd,~/ml4img/f4dficimg/dif_MRItumor/pi-0830.jpg,2,"[""dtr005"", ""dtr006""]"
16,6663,pi-0838.jpg,[104],104,static/img/80f16930493f4ac0a4274a6bcf7b8cc3_pi-0838.jpg,80f16930493f4ac0a4274a6bcf7b8cc3,~/ml4img/f4dficimg/dif_MRItumor/pi-0838.jpg,2,"[""dtr005"", ""dtr006""]"
16,6664,pi-0842.jpg,[104],104,static/img/3775d8f7ce65444d886025af31e8e9ed_pi-0842.jpg,3775d8f7ce65444d886025af31e8e9ed,~/ml4img/f4dficimg/dif_MRItumor/pi-0842.jpg,2,"[""dtr005"", ""dtr006""]"
16,6665,pi-0845.jpg,[104],104,static/img/d78bf986198048138a19b15a5972755b_pi-0845.jpg,d78bf986198048138a19b15a5972755b,~/ml4img/f4dficimg/dif_MRItumor/pi-0845.jpg,2,"[""dtr005"", ""dtr006""]"
16,6666,pi-0849.jpg,"[104, 105]",105,static/img/65c488cf2d324d69a7f7a63c9b62cb28_pi-0849.jpg,65c488cf2d324d69a7f7a63c9b62cb28,~/ml4img/f4dficimg/dif_MRItumor/pi-0849.jpg,2,"[""dtr005"", ""dtr006""]"
16,6667,pi-0852.jpg,[104],104,static/img/230d17edbcff4fed984ba556ceafdc43_pi-0852.jpg,230d17edbcff4fed984ba556ceafdc43,~/ml4img/f4dficimg/dif_MRItumor/pi-0852.jpg,2,"[""dtr005"", ""dtr006""]"
16,6668,pi-0855.jpg,[104],104,static/img/0179f455632c4070b6d37d70c5d26467_pi-0855.jpg,0179f455632c4070b6d37d70c5d26467,~/ml4img/f4dficimg/dif_MRItumor/pi-0855.jpg,2,"[""dtr005"", ""dtr006""]"
16,6669,pi-0857.jpg,[104],104,static/img/3b65ef9a16ae49b1ace89600596d8180_pi-0857.jpg,3b65ef9a16ae49b1ace89600596d8180,~/ml4img/f4dficimg/dif_MRItumor/pi-0857.jpg,2,"[""dtr005"", ""dtr006""]"
16,6670,pi-0864.jpg,"[104, 105]",105,static/img/2b972c4c7cce4a698dcf16bfbd5f2284_pi-0864.jpg,2b972c4c7cce4a698dcf16bfbd5f2284,~/ml4img/f4dficimg/dif_MRItumor/pi-0864.jpg,3,"[""dtr004"", ""dtr005"", ""dtr006""]"
16,6671,pi-0866.jpg,[105],105,static/img/9eaf7df74c9245df8649fce9c644038f_pi-0866.jpg,9eaf7df74c9245df8649fce9c644038f,~/ml4img/f4dficimg/dif_MRItumor/pi-0866.jpg,2,"[""dtr005"", ""dtr006""]"
16,6672,pi-0868.jpg,[104],104,static/img/13d5ec7cbf3a4beca21f3591aba318fb_pi-0868.jpg,13d5ec7cbf3a4beca21f3591aba318fb,~/ml4img/f4dficimg/dif_MRItumor/pi-0868.jpg,2,"[""dtr005"", ""dtr006""]"
16,6673,pi-0872.jpg,"[103, 105]",103,static/img/3d8084b4d0334a84a23127ebfe6f314a_pi-0872.jpg,3d8084b4d0334a84a23127ebfe6f314a,~/ml4img/f4dficimg/dif_MRItumor/pi-0872.jpg,3,"[""dtr004"", ""dtr005"", ""dtr006""]"
16,6674,pi-0878.jpg,[104],104,static/img/5e347d2bb4334878ab506aa80b50f86e_pi-0878.jpg,5e347d2bb4334878ab506aa80b50f86e,~/ml4img/f4dficimg/dif_MRItumor/pi-0878.jpg,2,"[""dtr005"", ""dtr006""]"
16,6675,pi-0882.jpg,[104],104,static/img/95e2228d5ad44a3e8cd8ac3e373c69b5_pi-0882.jpg,95e2228d5ad44a3e8cd8ac3e373c69b5,~/ml4img/f4dficimg/dif_MRItumor/pi-0882.jpg,2,"[""dtr005"", ""dtr006""]"
16,6676,pi-0887.jpg,[104],104,static/img/674703c94dcd450797e0f28cc1119b6f_pi-0887.jpg,674703c94dcd450797e0f28cc1119b6f,~/ml4img/f4dficimg/dif_MRItumor/pi-0887.jpg,2,"[""dtr005"", ""dtr006""]"
16,6677,pi-0899.jpg,"[103, 104]",103,static/img/b81f608d8459494fb0569a609fb1466e_pi-0899.jpg,b81f608d8459494fb0569a609fb1466e,~/ml4img/f4dficimg/dif_MRItumor/pi-0899.jpg,2,"[""dtr005"", ""dtr006""]"
16,6678,pi-0902.jpg,"[103, 104, 105]",103,static/img/a7203b38351c4190b5e194d6b42e7ec5_pi-0902.jpg,a7203b38351c4190b5e194d6b42e7ec5,~/ml4img/f4dficimg/dif_MRItumor/pi-0902.jpg,3,"[""dtr004"", ""dtr005"", ""dtr006""]"
16,6679,pi-0910.jpg,[104],104,static/img/e2468eefd595479c817711df52b3c149_pi-0910.jpg,e2468eefd595479c817711df52b3c149,~/ml4img/f4dficimg/dif_MRItumor/pi-0910.jpg,2,"[""dtr005"", ""dtr006""]"
16,6680,pi-0911.jpg,[104],104,static/img/cddc7e22514e447ba9050393fa247bbc_pi-0911.jpg,cddc7e22514e447ba9050393fa247bbc,~/ml4img/f4dficimg/dif_MRItumor/pi-0911.jpg,2,"[""dtr005"", ""dtr006""]"
16,6681,pi-0938.jpg,"[104, 105]",105,static/img/cac3b84871284afeb787f5ed0eeaf29f_pi-0938.jpg,cac3b84871284afeb787f5ed0eeaf29f,~/ml4img/f4dficimg/dif_MRItumor/pi-0938.jpg,2,"[""dtr005"", ""dtr006""]"
16,6682,pi-0947.jpg,"[104, 105]",104,static/img/74a27abed0d447c48253743fc81fad2c_pi-0947.jpg,74a27abed0d447c48253743fc81fad2c,~/ml4img/f4dficimg/dif_MRItumor/pi-0947.jpg,2,"[""dtr005"", ""dtr006""]"
16,6683,pi-0949.jpg,[104],104,static/img/b7575cf722ab47ab9024d4c30bbd0601_pi-0949.jpg,b7575cf722ab47ab9024d4c30bbd0601,~/ml4img/f4dficimg/dif_MRItumor/pi-0949.jpg,3,"[""dtr004"", ""dtr005"", ""dtr006""]"
16,6684,pi-0955.jpg,[104],104,static/img/45b94d5ba503413b973c00d3ebd3ad79_pi-0955.jpg,45b94d5ba503413b973c00d3ebd3ad79,~/ml4img/f4dficimg/dif_MRItumor/pi-0955.jpg,2,"[""dtr005"", ""dtr006""]"
16,6685,pi-0956.jpg,[104],104,static/img/c104321ef43e432190894f49a479e959_pi-0956.jpg,c104321ef43e432190894f49a479e959,~/ml4img/f4dficimg/dif_MRItumor/pi-0956.jpg,2,"[""dtr005"", ""dtr006""]"
16,6686,pi-0965.jpg,[104],104,static/img/d07013bd954f4701ac26a766111939a9_pi-0965.jpg,d07013bd954f4701ac26a766111939a9,~/ml4img/f4dficimg/dif_MRItumor/pi-0965.jpg,2,"[""dtr005"", ""dtr006""]"
16,6687,pi-0980.jpg,[104],104,static/img/58cd6764be394c1990f4a1f6566a68ef_pi-0980.jpg,58cd6764be394c1990f4a1f6566a68ef,~/ml4img/f4dficimg/dif_MRItumor/pi-0980.jpg,2,"[""dtr005"", ""dtr006""]"
16,6688,pi-0998.jpg,[104],104,static/img/b1d59ecc49ef47b19e5cf16af2ac8728_pi-0998.jpg,b1d59ecc49ef47b19e5cf16af2ac8728,~/ml4img/f4dficimg/dif_MRItumor/pi-0998.jpg,2,"[""dtr005"", ""dtr006""]"
16,6689,pi-0999.jpg,[104],104,static/img/2b27dce696f54a0c827e194d9256ca10_pi-0999.jpg,2b27dce696f54a0c827e194d9256ca10,~/ml4img/f4dficimg/dif_MRItumor/pi-0999.jpg,2,"[""dtr005"", ""dtr006""]"
16,6690,pi-1002.jpg,"[103, 104]",103,static/img/10377935f5e4402a9b1b6ad3b786d9e1_pi-1002.jpg,10377935f5e4402a9b1b6ad3b786d9e1,~/ml4img/f4dficimg/dif_MRItumor/pi-1002.jpg,2,"[""dtr005"", ""dtr006""]"
16,6691,pi-1007.jpg,[104],104,static/img/b94d0a71107f42c3a67604585438657b_pi-1007.jpg,b94d0a71107f42c3a67604585438657b,~/ml4img/f4dficimg/dif_MRItumor/pi-1007.jpg,2,"[""dtr005"", ""dtr006""]"
16,6692,pi-1008.jpg,[104],104,static/img/86384ed28cde4bad98c934185a963001_pi-1008.jpg,86384ed28cde4bad98c934185a963001,~/ml4img/f4dficimg/dif_MRItumor/pi-1008.jpg,2,"[""dtr005"", ""dtr006""]"
16,6693,pi-1009.jpg,[104],104,static/img/9d14736ebb09411db2c98dd9538d5091_pi-1009.jpg,9d14736ebb09411db2c98dd9538d5091,~/ml4img/f4dficimg/dif_MRItumor/pi-1009.jpg,2,"[""dtr005"", ""dtr006""]"
16,6694,pi-1024.jpg,"[104, 105]",104,static/img/bd639db2452f4261b1bd754bb03dacb3_pi-1024.jpg,bd639db2452f4261b1bd754bb03dacb3,~/ml4img/f4dficimg/dif_MRItumor/pi-1024.jpg,3,"[""dtr004"", ""dtr005"", ""dtr006""]"
16,6695,pi-1029.jpg,"[104, 105]",105,static/img/8ef3c79ad188471aa22aa6a950619423_pi-1029.jpg,8ef3c79ad188471aa22aa6a950619423,~/ml4img/f4dficimg/dif_MRItumor/pi-1029.jpg,2,"[""dtr005"", ""dtr006""]"
16,6696,pi-1034.jpg,[104],104,static/img/8aaeb2cc81694ce88bcdd3797957a18b_pi-1034.jpg,8aaeb2cc81694ce88bcdd3797957a18b,~/ml4img/f4dficimg/dif_MRItumor/pi-1034.jpg,2,"[""dtr005"", ""dtr006""]"
16,6697,pi-1036.jpg,[104],104,static/img/0a9fc50e84934a1489bbe9a5d604daed_pi-1036.jpg,0a9fc50e84934a1489bbe9a5d604daed,~/ml4img/f4dficimg/dif_MRItumor/pi-1036.jpg,2,"[""dtr005"", ""dtr006""]"
16,6698,pi-1044.jpg,[104],104,static/img/07d0fba086fc411b83f5f737719b9414_pi-1044.jpg,07d0fba086fc411b83f5f737719b9414,~/ml4img/f4dficimg/dif_MRItumor/pi-1044.jpg,2,"[""dtr005"", ""dtr006""]"
16,6699,pi-1045.jpg,[104],104,static/img/35a5e3fa811d46589edf7c703491673e_pi-1045.jpg,35a5e3fa811d46589edf7c703491673e,~/ml4img/f4dficimg/dif_MRItumor/pi-1045.jpg,2,"[""dtr005"", ""dtr006""]"
16,6700,pi-1065.jpg,[105],105,static/img/323e45e1de97426aa032ac8c7ddf1091_pi-1065.jpg,323e45e1de97426aa032ac8c7ddf1091,~/ml4img/f4dficimg/dif_MRItumor/pi-1065.jpg,2,"[""dtr005"", ""dtr006""]"
16,6701,pi-1068.jpg,[104],104,static/img/5acb6308e6a143268cd65a2f2cc8b46a_pi-1068.jpg,5acb6308e6a143268cd65a2f2cc8b46a,~/ml4img/f4dficimg/dif_MRItumor/pi-1068.jpg,2,"[""dtr005"", ""dtr006""]"
16,6702,pi-1076.jpg,[104],104,static/img/b6caab83efaa4df6a50634cfb060acc6_pi-1076.jpg,b6caab83efaa4df6a50634cfb060acc6,~/ml4img/f4dficimg/dif_MRItumor/pi-1076.jpg,2,"[""dtr005"", ""dtr006""]"
16,6703,pi-1077.jpg,[104],104,static/img/c70c10b60c8b42d1b50d552b1f297abb_pi-1077.jpg,c70c10b60c8b42d1b50d552b1f297abb,~/ml4img/f4dficimg/dif_MRItumor/pi-1077.jpg,2,"[""dtr005"", ""dtr006""]"
16,6704,pi-1091.jpg,[104],104,static/img/e6e0f0818b8b40e3bd3cfc5fcc2b4018_pi-1091.jpg,e6e0f0818b8b40e3bd3cfc5fcc2b4018,~/ml4img/f4dficimg/dif_MRItumor/pi-1091.jpg,2,"[""dtr005"", ""dtr006""]"
16,6705,pi-1092.jpg,[104],104,static/img/40c1fd2f02d9487ea45f61f8167a8314_pi-1092.jpg,40c1fd2f02d9487ea45f61f8167a8314,~/ml4img/f4dficimg/dif_MRItumor/pi-1092.jpg,2,"[""dtr005"", ""dtr006""]"
16,6706,pi-1096.jpg,[104],104,static/img/15b244961d154d64bc4263cfc7d7d213_pi-1096.jpg,15b244961d154d64bc4263cfc7d7d213,~/ml4img/f4dficimg/dif_MRItumor/pi-1096.jpg,3,"[""dtr004"", ""dtr005"", ""dtr006""]"
16,6707,pi-1117.jpg,[105],105,static/img/e8abe92f9c48466baafb9df8d53cae18_pi-1117.jpg,e8abe92f9c48466baafb9df8d53cae18,~/ml4img/f4dficimg/dif_MRItumor/pi-1117.jpg,2,"[""dtr005"", ""dtr006""]"
16,6708,pi-1126.jpg,[104],104,static/img/50af3b54a7e2472d87d98722f3e5bb1f_pi-1126.jpg,50af3b54a7e2472d87d98722f3e5bb1f,~/ml4img/f4dficimg/dif_MRItumor/pi-1126.jpg,2,"[""dtr005"", ""dtr006""]"
16,6709,pi-1129.jpg,[104],104,static/img/1ee76718d25d48ceb09fea1b7b137db2_pi-1129.jpg,1ee76718d25d48ceb09fea1b7b137db2,~/ml4img/f4dficimg/dif_MRItumor/pi-1129.jpg,2,"[""dtr005"", ""dtr006""]"
16,6710,pi-1149.jpg,[104],104,static/img/cc2cc721f8d84e45905638a203a78f1f_pi-1149.jpg,cc2cc721f8d84e45905638a203a78f1f,~/ml4img/f4dficimg/dif_MRItumor/pi-1149.jpg,2,"[""dtr005"", ""dtr006""]"
16,6711,pi-1153.jpg,"[103, 104]",104,static/img/27c93c023d5346ed913aee66abbefb0b_pi-1153.jpg,27c93c023d5346ed913aee66abbefb0b,~/ml4img/f4dficimg/dif_MRItumor/pi-1153.jpg,3,"[""dtr004"", ""dtr005"", ""dtr006""]"
16,6712,pi-1165.jpg,[104],104,static/img/39bafdd5b28443f99c5e1bf4a4ee69f5_pi-1165.jpg,39bafdd5b28443f99c5e1bf4a4ee69f5,~/ml4img/f4dficimg/dif_MRItumor/pi-1165.jpg,2,"[""dtr005"", ""dtr006""]"
16,6713,pi-1182.jpg,[104],104,static/img/d91d0cd40a8b486cb2d7068606fbd634_pi-1182.jpg,d91d0cd40a8b486cb2d7068606fbd634,~/ml4img/f4dficimg/dif_MRItumor/pi-1182.jpg,2,"[""dtr005"", ""dtr006""]"
16,6714,pi-1186.jpg,"[103, 104]",103,static/img/b12f0373b38d461fb419698070972bdc_pi-1186.jpg,b12f0373b38d461fb419698070972bdc,~/ml4img/f4dficimg/dif_MRItumor/pi-1186.jpg,2,"[""dtr005"", ""dtr006""]"
16,6715,pi-1192.jpg,[104],104,static/img/fe7fbd5c14364227a9a6a411ec117014_pi-1192.jpg,fe7fbd5c14364227a9a6a411ec117014,~/ml4img/f4dficimg/dif_MRItumor/pi-1192.jpg,2,"[""dtr005"", ""dtr006""]"
16,6716,pi-1194.jpg,[104],104,static/img/048defcf4e014c55bc73d83e8bff0681_pi-1194.jpg,048defcf4e014c55bc73d83e8bff0681,~/ml4img/f4dficimg/dif_MRItumor/pi-1194.jpg,3,"[""dtr004"", ""dtr005"", ""dtr006""]"
16,6717,pi-1200.jpg,"[102, 103]",103,static/img/1e215af7973c4d8c8eaab81c80d3c941_pi-1200.jpg,1e215af7973c4d8c8eaab81c80d3c941,~/ml4img/f4dficimg/dif_MRItumor/pi-1200.jpg,3,"[""dtr004"", ""dtr005"", ""dtr006""]"
16,6718,pi-1211.jpg,[104],104,static/img/302c193ea89c40fb84748b4a64db2a62_pi-1211.jpg,302c193ea89c40fb84748b4a64db2a62,~/ml4img/f4dficimg/dif_MRItumor/pi-1211.jpg,2,"[""dtr005"", ""dtr006""]"
16,6719,pi-1222.jpg,"[103, 104]",103,static/img/ac0ada7ed6254cc3936ff3ce4e46234d_pi-1222.jpg,ac0ada7ed6254cc3936ff3ce4e46234d,~/ml4img/f4dficimg/dif_MRItumor/pi-1222.jpg,2,"[""dtr005"", ""dtr006""]"
16,6720,pi-1225.jpg,[104],104,static/img/03dfe32f4bf948e7bf6b0612ab717328_pi-1225.jpg,03dfe32f4bf948e7bf6b0612ab717328,~/ml4img/f4dficimg/dif_MRItumor/pi-1225.jpg,2,"[""dtr005"", ""dtr006""]"
16,6721,pi-1242.jpg,[104],104,static/img/0f0b337d3ad04e02950982e72e859212_pi-1242.jpg,0f0b337d3ad04e02950982e72e859212,~/ml4img/f4dficimg/dif_MRItumor/pi-1242.jpg,2,"[""dtr005"", ""dtr006""]"
16,6722,pi-1256.jpg,[104],104,static/img/25ef96ac4ec6423dbd0b10772881ca4c_pi-1256.jpg,25ef96ac4ec6423dbd0b10772881ca4c,~/ml4img/f4dficimg/dif_MRItumor/pi-1256.jpg,2,"[""dtr005"", ""dtr006""]"
16,6723,pi-1259.jpg,"[104, 105]",105,static/img/ab943748c58e48198758c302c83c800e_pi-1259.jpg,ab943748c58e48198758c302c83c800e,~/ml4img/f4dficimg/dif_MRItumor/pi-1259.jpg,2,"[""dtr005"", ""dtr006""]"
16,6724,pi-1261.jpg,"[103, 104]",103,static/img/91786f69312c43228c585afa075fb8b3_pi-1261.jpg,91786f69312c43228c585afa075fb8b3,~/ml4img/f4dficimg/dif_MRItumor/pi-1261.jpg,2,"[""dtr005"", ""dtr006""]"
16,6725,pi-1278.jpg,[104],104,static/img/6cc193083b8b46b6b8f8cc8ce8f9deca_pi-1278.jpg,6cc193083b8b46b6b8f8cc8ce8f9deca,~/ml4img/f4dficimg/dif_MRItumor/pi-1278.jpg,2,"[""dtr005"", ""dtr006""]"
16,6726,pi-1312.jpg,[104],104,static/img/35b4e01ba1394afe9b2605f6f65c8365_pi-1312.jpg,35b4e01ba1394afe9b2605f6f65c8365,~/ml4img/f4dficimg/dif_MRItumor/pi-1312.jpg,2,"[""dtr005"", ""dtr006""]"
16,6727,pi-1313.jpg,[104],104,static/img/17437419b5dc47b281d6adb58f7b95be_pi-1313.jpg,17437419b5dc47b281d6adb58f7b95be,~/ml4img/f4dficimg/dif_MRItumor/pi-1313.jpg,2,"[""dtr005"", ""dtr006""]"
16,6728,pi-1315.jpg,[104],104,static/img/264b49b3e02d4c22bc29a54d6716847e_pi-1315.jpg,264b49b3e02d4c22bc29a54d6716847e,~/ml4img/f4dficimg/dif_MRItumor/pi-1315.jpg,3,"[""dtr004"", ""dtr005"", ""dtr006""]"
16,6729,pi-1316.jpg,[104],104,static/img/725710e84eda437087b631ce2b5161f4_pi-1316.jpg,725710e84eda437087b631ce2b5161f4,~/ml4img/f4dficimg/dif_MRItumor/pi-1316.jpg,2,"[""dtr005"", ""dtr006""]"
16,6730,pi-1319.jpg,"[103, 104]",104,static/img/47b60487fe7740189dc5a9a10b1dd72b_pi-1319.jpg,47b60487fe7740189dc5a9a10b1dd72b,~/ml4img/f4dficimg/dif_MRItumor/pi-1319.jpg,3,"[""dtr004"", ""dtr005"", ""dtr006""]"
16,6731,pi-1321.jpg,[104],104,static/img/3656d38ff5044cb0aee35f4f24d8046a_pi-1321.jpg,3656d38ff5044cb0aee35f4f24d8046a,~/ml4img/f4dficimg/dif_MRItumor/pi-1321.jpg,2,"[""dtr005"", ""dtr006""]"
16,6732,pi-1322.jpg,"[104, 105]",104,static/img/5e3bd85cd23d4958b0c0cf228755529a_pi-1322.jpg,5e3bd85cd23d4958b0c0cf228755529a,~/ml4img/f4dficimg/dif_MRItumor/pi-1322.jpg,3,"[""dtr004"", ""dtr005"", ""dtr006""]"
16,6733,pi-1329.jpg,[104],104,static/img/615dac4b75604a5ba6b471ec4ebb82b6_pi-1329.jpg,615dac4b75604a5ba6b471ec4ebb82b6,~/ml4img/f4dficimg/dif_MRItumor/pi-1329.jpg,2,"[""dtr005"", ""dtr006""]"
16,6734,pi-1330.jpg,"[103, 104]",103,static/img/637c855d7a70479398c1fe0b5ed66aa1_pi-1330.jpg,637c855d7a70479398c1fe0b5ed66aa1,~/ml4img/f4dficimg/dif_MRItumor/pi-1330.jpg,2,"[""dtr005"", ""dtr006""]"
16,6735,pi-1334.jpg,[105],105,static/img/411ee60719fb46ddab31562ea33320b6_pi-1334.jpg,411ee60719fb46ddab31562ea33320b6,~/ml4img/f4dficimg/dif_MRItumor/pi-1334.jpg,3,"[""dtr004"", ""dtr005"", ""dtr006""]"
16,6736,pi-1335.jpg,[104],104,static/img/98a8611c0e8c4b509f48628717f5524b_pi-1335.jpg,98a8611c0e8c4b509f48628717f5524b,~/ml4img/f4dficimg/dif_MRItumor/pi-1335.jpg,2,"[""dtr005"", ""dtr006""]"
16,6737,pi-1357.jpg,[104],104,static/img/07eb65f776494feaa1983d349f1eee0b_pi-1357.jpg,07eb65f776494feaa1983d349f1eee0b,~/ml4img/f4dficimg/dif_MRItumor/pi-1357.jpg,2,"[""dtr005"", ""dtr006""]"
16,6738,pi-1372.jpg,[105],105,static/img/cdffb03503c746e19c755c8ce0e5ea68_pi-1372.jpg,cdffb03503c746e19c755c8ce0e5ea68,~/ml4img/f4dficimg/dif_MRItumor/pi-1372.jpg,2,"[""dtr005"", ""dtr006""]"
16,6739,pi-1379.jpg,[104],104,static/img/cb35a68eba724039a5412ce938e464a0_pi-1379.jpg,cb35a68eba724039a5412ce938e464a0,~/ml4img/f4dficimg/dif_MRItumor/pi-1379.jpg,2,"[""dtr005"", ""dtr006""]"
16,6740,pi-1385.jpg,[104],104,static/img/5e13724b149149d4a4ac9de402806dd0_pi-1385.jpg,5e13724b149149d4a4ac9de402806dd0,~/ml4img/f4dficimg/dif_MRItumor/pi-1385.jpg,2,"[""dtr005"", ""dtr006""]"
16,6741,pi-1408.jpg,[104],104,static/img/e056c862072147e48d831fde23723a53_pi-1408.jpg,e056c862072147e48d831fde23723a53,~/ml4img/f4dficimg/dif_MRItumor/pi-1408.jpg,2,"[""dtr005"", ""dtr006""]"
16,6742,pi-1411.jpg,[104],104,static/img/5a369f40f0c1434bbf0e353f98b39563_pi-1411.jpg,5a369f40f0c1434bbf0e353f98b39563,~/ml4img/f4dficimg/dif_MRItumor/pi-1411.jpg,2,"[""dtr005"", ""dtr006""]"
16,6743,pi-1422.jpg,"[104, 105]",104,static/img/0e5c0b3d567c4e3ab1088514d55d33a6_pi-1422.jpg,0e5c0b3d567c4e3ab1088514d55d33a6,~/ml4img/f4dficimg/dif_MRItumor/pi-1422.jpg,2,"[""dtr005"", ""dtr006""]"
16,6744,pi-1425.jpg,[104],104,static/img/52d027afef7d42adb6f8a1b730260d83_pi-1425.jpg,52d027afef7d42adb6f8a1b730260d83,~/ml4img/f4dficimg/dif_MRItumor/pi-1425.jpg,2,"[""dtr005"", ""dtr006""]"
16,6745,pi-1426.jpg,"[104, 105]",105,static/img/43fd34c970c54c79abe2e0563919c340_pi-1426.jpg,43fd34c970c54c79abe2e0563919c340,~/ml4img/f4dficimg/dif_MRItumor/pi-1426.jpg,2,"[""dtr005"", ""dtr006""]"
16,6746,pi-1435.jpg,[104],104,static/img/b4b47c55eea241958c2c4a8079f64605_pi-1435.jpg,b4b47c55eea241958c2c4a8079f64605,~/ml4img/f4dficimg/dif_MRItumor/pi-1435.jpg,2,"[""dtr005"", ""dtr006""]"
16,6747,pi-1442.jpg,[105],105,static/img/e39e3c3f22c34c87992dbb63da61c3c2_pi-1442.jpg,e39e3c3f22c34c87992dbb63da61c3c2,~/ml4img/f4dficimg/dif_MRItumor/pi-1442.jpg,2,"[""dtr005"", ""dtr006""]"
16,6748,pi-1445.jpg,[104],104,static/img/0e69061242b54cfca5275f936a953dfb_pi-1445.jpg,0e69061242b54cfca5275f936a953dfb,~/ml4img/f4dficimg/dif_MRItumor/pi-1445.jpg,2,"[""dtr005"", ""dtr006""]"
16,6749,pi-1446.jpg,[104],104,static/img/94886305c4264404a88f987883b4d170_pi-1446.jpg,94886305c4264404a88f987883b4d170,~/ml4img/f4dficimg/dif_MRItumor/pi-1446.jpg,2,"[""dtr005"", ""dtr006""]"
16,6750,pi-1450.jpg,[104],104,static/img/32ebac35c55b401f88b95c4f4fe9426a_pi-1450.jpg,32ebac35c55b401f88b95c4f4fe9426a,~/ml4img/f4dficimg/dif_MRItumor/pi-1450.jpg,2,"[""dtr005"", ""dtr006""]"
16,6751,pi-1454.jpg,[104],104,static/img/6e28edb6b6ff4e5b805856222d638818_pi-1454.jpg,6e28edb6b6ff4e5b805856222d638818,~/ml4img/f4dficimg/dif_MRItumor/pi-1454.jpg,2,"[""dtr005"", ""dtr006""]"
16,6752,pi-1458.jpg,[104],104,static/img/adf0fd3814434376a1c6e1170f504eaa_pi-1458.jpg,adf0fd3814434376a1c6e1170f504eaa,~/ml4img/f4dficimg/dif_MRItumor/pi-1458.jpg,2,"[""dtr005"", ""dtr006""]"
16,6753,pi-1465.jpg,[105],105,static/img/90cf62c5c13647cbbe9711de7ae63f51_pi-1465.jpg,90cf62c5c13647cbbe9711de7ae63f51,~/ml4img/f4dficimg/dif_MRItumor/pi-1465.jpg,2,"[""dtr005"", ""dtr006""]"
16,6754,pi-1479.jpg,[102],102,static/img/5ec2c84cd8fb4bed909bd0f05d33b01b_pi-1479.jpg,5ec2c84cd8fb4bed909bd0f05d33b01b,~/ml4img/f4dficimg/dif_MRItumor/pi-1479.jpg,2,"[""dtr005"", ""dtr006""]"
16,6755,pi-1487.jpg,[104],104,static/img/74aa1c43396b447ab2e757b34b0f69f7_pi-1487.jpg,74aa1c43396b447ab2e757b34b0f69f7,~/ml4img/f4dficimg/dif_MRItumor/pi-1487.jpg,2,"[""dtr005"", ""dtr006""]"
16,6756,pi-1506.jpg,"[103, 104]",103,static/img/3cc8231aca6e4c5ea293da5f5496d058_pi-1506.jpg,3cc8231aca6e4c5ea293da5f5496d058,~/ml4img/f4dficimg/dif_MRItumor/pi-1506.jpg,2,"[""dtr005"", ""dtr006""]"
16,6757,pi-1507.jpg,"[102, 103, 104]",103,static/img/abc824ea963d417abb0dd1985c1c3b9e_pi-1507.jpg,abc824ea963d417abb0dd1985c1c3b9e,~/ml4img/f4dficimg/dif_MRItumor/pi-1507.jpg,3,"[""dtr004"", ""dtr005"", ""dtr006""]"
16,6758,pi-1520.jpg,[104],104,static/img/2072f33368d44805a1c99842645c8134_pi-1520.jpg,2072f33368d44805a1c99842645c8134,~/ml4img/f4dficimg/dif_MRItumor/pi-1520.jpg,2,"[""dtr005"", ""dtr006""]"
16,6759,pi-1525.jpg,[104],104,static/img/40577f62e1b04fdb85f032a55a261ff1_pi-1525.jpg,40577f62e1b04fdb85f032a55a261ff1,~/ml4img/f4dficimg/dif_MRItumor/pi-1525.jpg,2,"[""dtr005"", ""dtr006""]"
16,6760,pi-1527.jpg,[104],104,static/img/b043080dba04400a805cb564986094ae_pi-1527.jpg,b043080dba04400a805cb564986094ae,~/ml4img/f4dficimg/dif_MRItumor/pi-1527.jpg,2,"[""dtr005"", ""dtr006""]"
16,6761,pi-1531.jpg,[102],102,static/img/23338d71f5cc4cd1b96a31903f572123_pi-1531.jpg,23338d71f5cc4cd1b96a31903f572123,~/ml4img/f4dficimg/dif_MRItumor/pi-1531.jpg,2,"[""dtr005"", ""dtr006""]"
16,6762,pi-1536.jpg,[105],105,static/img/ccf85a0962774406ad66e02310c1e121_pi-1536.jpg,ccf85a0962774406ad66e02310c1e121,~/ml4img/f4dficimg/dif_MRItumor/pi-1536.jpg,2,"[""dtr005"", ""dtr006""]"
16,6763,pi-1544.jpg,"[102, 104]",102,static/img/ec307b69e05e41748af39644284bebd5_pi-1544.jpg,ec307b69e05e41748af39644284bebd5,~/ml4img/f4dficimg/dif_MRItumor/pi-1544.jpg,2,"[""dtr005"", ""dtr006""]"
16,6764,pi-1551.jpg,[104],104,static/img/b79b00847c14425c91d0cbffee3f10df_pi-1551.jpg,b79b00847c14425c91d0cbffee3f10df,~/ml4img/f4dficimg/dif_MRItumor/pi-1551.jpg,2,"[""dtr005"", ""dtr006""]"
16,6765,pi-1563.jpg,[104],104,static/img/e8753776378947d6a69c5d4fb5fb93b9_pi-1563.jpg,e8753776378947d6a69c5d4fb5fb93b9,~/ml4img/f4dficimg/dif_MRItumor/pi-1563.jpg,2,"[""dtr005"", ""dtr006""]"
16,6766,pi-1565.jpg,[104],104,static/img/9284daf3b78844f88e05abd290d7fdbc_pi-1565.jpg,9284daf3b78844f88e05abd290d7fdbc,~/ml4img/f4dficimg/dif_MRItumor/pi-1565.jpg,2,"[""dtr005"", ""dtr006""]"
16,6767,pi-1572.jpg,[104],104,static/img/a4fb55db69894c0aa7a69ed2d6390582_pi-1572.jpg,a4fb55db69894c0aa7a69ed2d6390582,~/ml4img/f4dficimg/dif_MRItumor/pi-1572.jpg,2,"[""dtr005"", ""dtr006""]"
16,6768,pi-1574.jpg,[104],104,static/img/724e531fa5724e10993dd427f4574388_pi-1574.jpg,724e531fa5724e10993dd427f4574388,~/ml4img/f4dficimg/dif_MRItumor/pi-1574.jpg,3,"[""dtr004"", ""dtr005"", ""dtr006""]"
16,6769,pi-1579.jpg,[104],104,static/img/673e48add1e742f7b0a219ac082bcc6c_pi-1579.jpg,673e48add1e742f7b0a219ac082bcc6c,~/ml4img/f4dficimg/dif_MRItumor/pi-1579.jpg,2,"[""dtr005"", ""dtr006""]"
16,6770,pi-1593.jpg,[104],104,static/img/e41d553d6b6e46879857e7f6afb8c84d_pi-1593.jpg,e41d553d6b6e46879857e7f6afb8c84d,~/ml4img/f4dficimg/dif_MRItumor/pi-1593.jpg,2,"[""dtr005"", ""dtr006""]"
16,6771,pi-1596.jpg,[104],104,static/img/c114ce0006114cf78334945641f0b578_pi-1596.jpg,c114ce0006114cf78334945641f0b578,~/ml4img/f4dficimg/dif_MRItumor/pi-1596.jpg,2,"[""dtr005"", ""dtr006""]"
16,6772,pi-1603.jpg,[104],104,static/img/3c61bcbd6a664070a059f938484c0a02_pi-1603.jpg,3c61bcbd6a664070a059f938484c0a02,~/ml4img/f4dficimg/dif_MRItumor/pi-1603.jpg,2,"[""dtr005"", ""dtr006""]"
16,6773,pi-1612.jpg,[103],103,static/img/a601ca9dc0514ac994656315f88fa4ff_pi-1612.jpg,a601ca9dc0514ac994656315f88fa4ff,~/ml4img/f4dficimg/dif_MRItumor/pi-1612.jpg,2,"[""dtr005"", ""dtr006""]"
16,6774,pi-1617.jpg,[104],104,static/img/6fa8b801f27741ad96e5fcacf03bed7c_pi-1617.jpg,6fa8b801f27741ad96e5fcacf03bed7c,~/ml4img/f4dficimg/dif_MRItumor/pi-1617.jpg,2,"[""dtr005"", ""dtr006""]"
16,6775,pi-1619.jpg,[104],104,static/img/5b70b8fd25044f1bba2161300eb58d2f_pi-1619.jpg,5b70b8fd25044f1bba2161300eb58d2f,~/ml4img/f4dficimg/dif_MRItumor/pi-1619.jpg,2,"[""dtr005"", ""dtr006""]"
16,6776,pi-1632.jpg,[105],105,static/img/b528395ef8de421688cfa21feab254f0_pi-1632.jpg,b528395ef8de421688cfa21feab254f0,~/ml4img/f4dficimg/dif_MRItumor/pi-1632.jpg,2,"[""dtr005"", ""dtr006""]"
16,6777,pi-1633.jpg,"[103, 104]",104,static/img/ac89e8739a624daea4c95a84da383a7a_pi-1633.jpg,ac89e8739a624daea4c95a84da383a7a,~/ml4img/f4dficimg/dif_MRItumor/pi-1633.jpg,3,"[""dtr004"", ""dtr005"", ""dtr006""]"
16,6778,pi-1634.jpg,[104],104,static/img/58328c485829475a88fe08617c9f995e_pi-1634.jpg,58328c485829475a88fe08617c9f995e,~/ml4img/f4dficimg/dif_MRItumor/pi-1634.jpg,2,"[""dtr005"", ""dtr006""]"
16,6779,pi-1642.jpg,[104],104,static/img/199dbd8a1ccc4285b519ed6214e804a0_pi-1642.jpg,199dbd8a1ccc4285b519ed6214e804a0,~/ml4img/f4dficimg/dif_MRItumor/pi-1642.jpg,3,"[""dtr004"", ""dtr005"", ""dtr006""]"
16,6780,pi-1645.jpg,"[104, 105]",104,static/img/b53c2f8cbd204d1baf17b16bb2a63e70_pi-1645.jpg,b53c2f8cbd204d1baf17b16bb2a63e70,~/ml4img/f4dficimg/dif_MRItumor/pi-1645.jpg,2,"[""dtr005"", ""dtr006""]"
16,6781,pi-1646.jpg,[104],104,static/img/e4cec8f8cb5e414890ac1bbdf6eac366_pi-1646.jpg,e4cec8f8cb5e414890ac1bbdf6eac366,~/ml4img/f4dficimg/dif_MRItumor/pi-1646.jpg,2,"[""dtr005"", ""dtr006""]"
16,6782,pi-1660.jpg,[104],104,static/img/988a2b63ccca41d59dffb4861e587be2_pi-1660.jpg,988a2b63ccca41d59dffb4861e587be2,~/ml4img/f4dficimg/dif_MRItumor/pi-1660.jpg,2,"[""dtr005"", ""dtr006""]"
16,6783,pi-1665.jpg,[105],105,static/img/a559114974234efbaa5266030f4175ef_pi-1665.jpg,a559114974234efbaa5266030f4175ef,~/ml4img/f4dficimg/dif_MRItumor/pi-1665.jpg,2,"[""dtr005"", ""dtr006""]"
16,6784,pi-1680.jpg,[104],104,static/img/5b3a3bcf1797421f8a64805c528fd986_pi-1680.jpg,5b3a3bcf1797421f8a64805c528fd986,~/ml4img/f4dficimg/dif_MRItumor/pi-1680.jpg,2,"[""dtr005"", ""dtr006""]"
16,6785,pi-1685.jpg,"[104, 105]",105,static/img/df9077fcd88349a08a8bcc3e482812ae_pi-1685.jpg,df9077fcd88349a08a8bcc3e482812ae,~/ml4img/f4dficimg/dif_MRItumor/pi-1685.jpg,2,"[""dtr005"", ""dtr006""]"
16,6786,pi-1695.jpg,[104],104,static/img/b71d23c4cf27483185d91b84ab944b42_pi-1695.jpg,b71d23c4cf27483185d91b84ab944b42,~/ml4img/f4dficimg/dif_MRItumor/pi-1695.jpg,2,"[""dtr005"", ""dtr006""]"
16,6787,pi-1698.jpg,[104],104,static/img/f6493951204c406b99fda2540d266e1f_pi-1698.jpg,f6493951204c406b99fda2540d266e1f,~/ml4img/f4dficimg/dif_MRItumor/pi-1698.jpg,2,"[""dtr005"", ""dtr006""]"
16,6788,pi-1699.jpg,[104],104,static/img/0754ac6629864762b808d040a7622f03_pi-1699.jpg,0754ac6629864762b808d040a7622f03,~/ml4img/f4dficimg/dif_MRItumor/pi-1699.jpg,2,"[""dtr005"", ""dtr006""]"
16,6789,pi-1709.jpg,"[104, 105]",104,static/img/759c9e1a91ba4cf2b5f36c392ece23ba_pi-1709.jpg,759c9e1a91ba4cf2b5f36c392ece23ba,~/ml4img/f4dficimg/dif_MRItumor/pi-1709.jpg,3,"[""dtr004"", ""dtr005"", ""dtr006""]"
16,6790,pi-1719.jpg,"[103, 104]",104,static/img/04488fc4781442de8b738fde3ef234ff_pi-1719.jpg,04488fc4781442de8b738fde3ef234ff,~/ml4img/f4dficimg/dif_MRItumor/pi-1719.jpg,3,"[""dtr004"", ""dtr005"", ""dtr006""]"
16,6791,pi-1723.jpg,"[103, 104]",104,static/img/e9ec57c476b8481885a62a3636b0973b_pi-1723.jpg,e9ec57c476b8481885a62a3636b0973b,~/ml4img/f4dficimg/dif_MRItumor/pi-1723.jpg,3,"[""dtr004"", ""dtr005"", ""dtr006""]"
16,6792,pi-1726.jpg,"[104, 105]",104,static/img/4372d0270d704191b89318c13b95a741_pi-1726.jpg,4372d0270d704191b89318c13b95a741,~/ml4img/f4dficimg/dif_MRItumor/pi-1726.jpg,3,"[""dtr004"", ""dtr005"", ""dtr006""]"
16,6793,pi-1730.jpg,[104],104,static/img/4fd0fa143401494089ee2526f8e13ebd_pi-1730.jpg,4fd0fa143401494089ee2526f8e13ebd,~/ml4img/f4dficimg/dif_MRItumor/pi-1730.jpg,2,"[""dtr005"", ""dtr006""]"
16,6794,pi-1733.jpg,[104],104,static/img/faadb00c0351498f98eee1b6d3c0c9e6_pi-1733.jpg,faadb00c0351498f98eee1b6d3c0c9e6,~/ml4img/f4dficimg/dif_MRItumor/pi-1733.jpg,2,"[""dtr005"", ""dtr006""]"
16,6795,pi-1739.jpg,"[102, 103]",102,static/img/5eb9893111b14f7e91d50f5365ebbe5a_pi-1739.jpg,5eb9893111b14f7e91d50f5365ebbe5a,~/ml4img/f4dficimg/dif_MRItumor/pi-1739.jpg,2,"[""dtr005"", ""dtr006""]"
16,6796,pi-1744.jpg,"[104, 105]",105,static/img/40178f92a85a425eaf9807bb2faf1a1a_pi-1744.jpg,40178f92a85a425eaf9807bb2faf1a1a,~/ml4img/f4dficimg/dif_MRItumor/pi-1744.jpg,2,"[""dtr005"", ""dtr006""]"
16,6797,pi-1747.jpg,[104],104,static/img/5bf4105338964dcf9d4958e28ed2414a_pi-1747.jpg,5bf4105338964dcf9d4958e28ed2414a,~/ml4img/f4dficimg/dif_MRItumor/pi-1747.jpg,2,"[""dtr005"", ""dtr006""]"
16,6798,pi-1752.jpg,[104],104,static/img/7771f512fcda460c85897836835bbe45_pi-1752.jpg,7771f512fcda460c85897836835bbe45,~/ml4img/f4dficimg/dif_MRItumor/pi-1752.jpg,2,"[""dtr005"", ""dtr006""]"
16,6799,pi-1757.jpg,"[104, 105]",105,static/img/f75549abc8fc475ab80416f6c88b323d_pi-1757.jpg,f75549abc8fc475ab80416f6c88b323d,~/ml4img/f4dficimg/dif_MRItumor/pi-1757.jpg,2,"[""dtr005"", ""dtr006""]"
