image_id,uuid_prefix,original_filename,f4dficimg_path,xlsx_image_path
2604,8441ca9256a645e0a850b4327b41151f,1_left.jpg,~/ml4img/f4dficimg/dif_orid5k_balanced/1_left.jpg,static/img/8441ca9256a645e0a850b4327b41151f_1_left.jpg
2605,7aeead62ecd345c1a4caf03117bd10b4,2_right.jpg,~/ml4img/f4dficimg/dif_orid5k_balanced/2_right.jpg,static/img/7aeead62ecd345c1a4caf03117bd10b4_2_right.jpg
2606,73d697fe4cc64be29d2027fa7668e8b0,4_left.jpg,~/ml4img/f4dficimg/dif_orid5k_balanced/4_left.jpg,static/img/73d697fe4cc64be29d2027fa7668e8b0_4_left.jpg
2607,62483cd1b8524860bc10e1df7dd8bf4b,5_right.jpg,~/ml4img/f4dficimg/dif_orid5k_balanced/5_right.jpg,static/img/62483cd1b8524860bc10e1df7dd8bf4b_5_right.jpg
2608,e695bd106fbb4f79ad521872f0525dcb,6_left.jpg,~/ml4img/f4dficimg/dif_orid5k_balanced/6_left.jpg,static/img/e695bd106fbb4f79ad521872f0525dcb_6_left.jpg
2609,8c12c0c12a2649ee8476907c84563f55,7_left.jpg,~/ml4img/f4dficimg/dif_orid5k_balanced/7_left.jpg,static/img/8c12c0c12a2649ee8476907c84563f55_7_left.jpg
2610,d70f5ffbacf541758891b6a93b426962,7_right.jpg,~/ml4img/f4dficimg/dif_orid5k_balanced/7_right.jpg,static/img/d70f5ffbacf541758891b6a93b426962_7_right.jpg
2611,64db85641c1d4fbf8a44bc4eeccb42ba,8_right.jpg,~/ml4img/f4dficimg/dif_orid5k_balanced/8_right.jpg,static/img/64db85641c1d4fbf8a44bc4eeccb42ba_8_right.jpg
2612,d918f69a7a55441f9105e0fb6e6894c3,9_left.jpg,~/ml4img/f4dficimg/dif_orid5k_balanced/9_left.jpg,static/img/d918f69a7a55441f9105e0fb6e6894c3_9_left.jpg
2613,c6e82929205a498e85fd13e334078423,11_left.jpg,~/ml4img/f4dficimg/dif_orid5k_balanced/11_left.jpg,static/img/c6e82929205a498e85fd13e334078423_11_left.jpg
2614,9ee9afdecb4a4ff48af517242ab08659,13_left.jpg,~/ml4img/f4dficimg/dif_orid5k_balanced/13_left.jpg,static/img/9ee9afdecb4a4ff48af517242ab08659_13_left.jpg
2615,58249e6fc3bb4989aa19009654dd23a4,14_right.jpg,~/ml4img/f4dficimg/dif_orid5k_balanced/14_right.jpg,static/img/58249e6fc3bb4989aa19009654dd23a4_14_right.jpg
2616,7989157a159246c6bbef88d50aa8a19f,15_left.jpg,~/ml4img/f4dficimg/dif_orid5k_balanced/15_left.jpg,static/img/7989157a159246c6bbef88d50aa8a19f_15_left.jpg
2617,9036023551c84735887f1be2a0264f60,16_left.jpg,~/ml4img/f4dficimg/dif_orid5k_balanced/16_left.jpg,static/img/9036023551c84735887f1be2a0264f60_16_left.jpg
2618,6a0108100da146969718155f5b0abe09,18_right.jpg,~/ml4img/f4dficimg/dif_orid5k_balanced/18_right.jpg,static/img/6a0108100da146969718155f5b0abe09_18_right.jpg
2619,0885229d96ee47ef8e6341412524d4ca,19_right.jpg,~/ml4img/f4dficimg/dif_orid5k_balanced/19_right.jpg,static/img/0885229d96ee47ef8e6341412524d4ca_19_right.jpg
2620,77dbbc46ea0144c2856cb03297451dc1,23_left.jpg,~/ml4img/f4dficimg/dif_orid5k_balanced/23_left.jpg,static/img/77dbbc46ea0144c2856cb03297451dc1_23_left.jpg
2621,b5f357deb2cb41e8be2390326b6de503,24_left.jpg,~/ml4img/f4dficimg/dif_orid5k_balanced/24_left.jpg,static/img/b5f357deb2cb41e8be2390326b6de503_24_left.jpg
2622,dd3cd411b696429cb6446e3ef21896f0,27_right.jpg,~/ml4img/f4dficimg/dif_orid5k_balanced/27_right.jpg,static/img/dd3cd411b696429cb6446e3ef21896f0_27_right.jpg
2623,d9d67507bbf9411fbd23f0c2a80a249a,28_right.jpg,~/ml4img/f4dficimg/dif_orid5k_balanced/28_right.jpg,static/img/d9d67507bbf9411fbd23f0c2a80a249a_28_right.jpg
2624,9d94a4c5b16042dd8bf8379b15708e0b,29_left.jpg,~/ml4img/f4dficimg/dif_orid5k_balanced/29_left.jpg,static/img/9d94a4c5b16042dd8bf8379b15708e0b_29_left.jpg
2625,249dec74792949408640f928e4808b4b,32_left.jpg,~/ml4img/f4dficimg/dif_orid5k_balanced/32_left.jpg,static/img/249dec74792949408640f928e4808b4b_32_left.jpg
2626,1ea6dd2b4e7546cf9ff7db5570e88d90,32_right.jpg,~/ml4img/f4dficimg/dif_orid5k_balanced/32_right.jpg,static/img/1ea6dd2b4e7546cf9ff7db5570e88d90_32_right.jpg
2627,3e54221679784af581fa8a5c06e52627,33_right.jpg,~/ml4img/f4dficimg/dif_orid5k_balanced/33_right.jpg,static/img/3e54221679784af581fa8a5c06e52627_33_right.jpg
2628,2e0ac514313e4a939113350161019254,34_left.jpg,~/ml4img/f4dficimg/dif_orid5k_balanced/34_left.jpg,static/img/2e0ac514313e4a939113350161019254_34_left.jpg
2629,8147c2f18b964cd4867d71337a55cf43,35_right.jpg,~/ml4img/f4dficimg/dif_orid5k_balanced/35_right.jpg,static/img/8147c2f18b964cd4867d71337a55cf43_35_right.jpg
2630,d1883a969ff246a0818ed4701a8deff9,37_left.jpg,~/ml4img/f4dficimg/dif_orid5k_balanced/37_left.jpg,static/img/d1883a969ff246a0818ed4701a8deff9_37_left.jpg
2631,bfca9610beab44e1a515e586f95931cd,40_right.jpg,~/ml4img/f4dficimg/dif_orid5k_balanced/40_right.jpg,static/img/bfca9610beab44e1a515e586f95931cd_40_right.jpg
2632,45fa412196c04dc5b6fef2697d4e3e59,42_right.jpg,~/ml4img/f4dficimg/dif_orid5k_balanced/42_right.jpg,static/img/45fa412196c04dc5b6fef2697d4e3e59_42_right.jpg
2633,49eb86602091442994dc8629cdd9c7fe,43_left.jpg,~/ml4img/f4dficimg/dif_orid5k_balanced/43_left.jpg,static/img/49eb86602091442994dc8629cdd9c7fe_43_left.jpg
2634,48dc29f7f5da42e7b1e1a9dc1f01508c,44_left.jpg,~/ml4img/f4dficimg/dif_orid5k_balanced/44_left.jpg,static/img/48dc29f7f5da42e7b1e1a9dc1f01508c_44_left.jpg
2635,89749d0da1b6490d827bb4aa33bd00d0,44_right.jpg,~/ml4img/f4dficimg/dif_orid5k_balanced/44_right.jpg,static/img/89749d0da1b6490d827bb4aa33bd00d0_44_right.jpg
2636,ec9d34aafa4c41d9b7401363431dce02,45_left.jpg,~/ml4img/f4dficimg/dif_orid5k_balanced/45_left.jpg,static/img/ec9d34aafa4c41d9b7401363431dce02_45_left.jpg
2637,7a765a0e5aa3457b97e3eeabb926c398,48_left.jpg,~/ml4img/f4dficimg/dif_orid5k_balanced/48_left.jpg,static/img/7a765a0e5aa3457b97e3eeabb926c398_48_left.jpg
2638,cc96dc49612a422ba9be6dffc54b205b,48_right.jpg,~/ml4img/f4dficimg/dif_orid5k_balanced/48_right.jpg,static/img/cc96dc49612a422ba9be6dffc54b205b_48_right.jpg
2639,af32b9d3a82b4438b1d3a01a5a77bab7,49_right.jpg,~/ml4img/f4dficimg/dif_orid5k_balanced/49_right.jpg,static/img/af32b9d3a82b4438b1d3a01a5a77bab7_49_right.jpg
2640,da5dd3759e364d2981988b59e3d394bc,51_left.jpg,~/ml4img/f4dficimg/dif_orid5k_balanced/51_left.jpg,static/img/da5dd3759e364d2981988b59e3d394bc_51_left.jpg
2641,37c4141e8a6141ab8237aed8388c0e45,52_right.jpg,~/ml4img/f4dficimg/dif_orid5k_balanced/52_right.jpg,static/img/37c4141e8a6141ab8237aed8388c0e45_52_right.jpg
2642,7bc6377cd7944c078f13afc20b8d9367,53_right.jpg,~/ml4img/f4dficimg/dif_orid5k_balanced/53_right.jpg,static/img/7bc6377cd7944c078f13afc20b8d9367_53_right.jpg
2643,50c45d46a674413293909d1a3923f4e8,54_left.jpg,~/ml4img/f4dficimg/dif_orid5k_balanced/54_left.jpg,static/img/50c45d46a674413293909d1a3923f4e8_54_left.jpg
2644,9adcc8d2e6d245f39660463525bf5720,58_right.jpg,~/ml4img/f4dficimg/dif_orid5k_balanced/58_right.jpg,static/img/9adcc8d2e6d245f39660463525bf5720_58_right.jpg
2645,39258a70d24e4164a25fbd190dd7e719,60_left.jpg,~/ml4img/f4dficimg/dif_orid5k_balanced/60_left.jpg,static/img/39258a70d24e4164a25fbd190dd7e719_60_left.jpg
2646,09d19e40af7146b981bf99eca4d44c4b,60_right.jpg,~/ml4img/f4dficimg/dif_orid5k_balanced/60_right.jpg,static/img/09d19e40af7146b981bf99eca4d44c4b_60_right.jpg
2647,0e5a2d62b826404d95abc209ba14386a,61_left.jpg,~/ml4img/f4dficimg/dif_orid5k_balanced/61_left.jpg,static/img/0e5a2d62b826404d95abc209ba14386a_61_left.jpg
2648,a4675cacdc2d4355ad9840ec0cc0f0a6,61_right.jpg,~/ml4img/f4dficimg/dif_orid5k_balanced/61_right.jpg,static/img/a4675cacdc2d4355ad9840ec0cc0f0a6_61_right.jpg
2649,731315d64ed74270ab4c5680fd91534e,62_right.jpg,~/ml4img/f4dficimg/dif_orid5k_balanced/62_right.jpg,static/img/731315d64ed74270ab4c5680fd91534e_62_right.jpg
2650,eaf72ff58b7b47d7bda3ea97999a275a,65_right.jpg,~/ml4img/f4dficimg/dif_orid5k_balanced/65_right.jpg,static/img/eaf72ff58b7b47d7bda3ea97999a275a_65_right.jpg
2651,92fdc366af134d6c985446eb3234aed5,66_right.jpg,~/ml4img/f4dficimg/dif_orid5k_balanced/66_right.jpg,static/img/92fdc366af134d6c985446eb3234aed5_66_right.jpg
2652,88c12adef75040b48a94f9d2b9092a10,68_right.jpg,~/ml4img/f4dficimg/dif_orid5k_balanced/68_right.jpg,static/img/88c12adef75040b48a94f9d2b9092a10_68_right.jpg
2653,82fd4335b0d6405982101e980dba77c3,70_left.jpg,~/ml4img/f4dficimg/dif_orid5k_balanced/70_left.jpg,static/img/82fd4335b0d6405982101e980dba77c3_70_left.jpg
2654,fbe734ae6d304b25bc9f59d2aa8b787b,71_left.jpg,~/ml4img/f4dficimg/dif_orid5k_balanced/71_left.jpg,static/img/fbe734ae6d304b25bc9f59d2aa8b787b_71_left.jpg
2655,59fdb5e8f96a4e32ab410dcdb0d166a0,72_right.jpg,~/ml4img/f4dficimg/dif_orid5k_balanced/72_right.jpg,static/img/59fdb5e8f96a4e32ab410dcdb0d166a0_72_right.jpg
2656,ad6a3d7937d142bd8e12534f60640e3a,73_left.jpg,~/ml4img/f4dficimg/dif_orid5k_balanced/73_left.jpg,static/img/ad6a3d7937d142bd8e12534f60640e3a_73_left.jpg
2657,bca1bea3362d4516bae08401fcb779ce,75_left.jpg,~/ml4img/f4dficimg/dif_orid5k_balanced/75_left.jpg,static/img/bca1bea3362d4516bae08401fcb779ce_75_left.jpg
2658,6f205e034188408881823319a5438e14,82_right.jpg,~/ml4img/f4dficimg/dif_orid5k_balanced/82_right.jpg,static/img/6f205e034188408881823319a5438e14_82_right.jpg
2659,5643d643f755437a9f0fb91ffbe0c0df,85_right.jpg,~/ml4img/f4dficimg/dif_orid5k_balanced/85_right.jpg,static/img/5643d643f755437a9f0fb91ffbe0c0df_85_right.jpg
2660,dcd49a5cf4c246abb8ae29eed38c2a8d,86_left.jpg,~/ml4img/f4dficimg/dif_orid5k_balanced/86_left.jpg,static/img/dcd49a5cf4c246abb8ae29eed38c2a8d_86_left.jpg
2661,17319de2149c405fa82a4da5798732d9,87_left.jpg,~/ml4img/f4dficimg/dif_orid5k_balanced/87_left.jpg,static/img/17319de2149c405fa82a4da5798732d9_87_left.jpg
2662,34785f4949f74988b6f3d3da6a6d34fc,88_left.jpg,~/ml4img/f4dficimg/dif_orid5k_balanced/88_left.jpg,static/img/34785f4949f74988b6f3d3da6a6d34fc_88_left.jpg
2663,e3a7081cb1134da39127ab4dee354b23,90_right.jpg,~/ml4img/f4dficimg/dif_orid5k_balanced/90_right.jpg,static/img/e3a7081cb1134da39127ab4dee354b23_90_right.jpg
2664,f914f66b5ed44e7fa50e7793fb8818f2,91_left.jpg,~/ml4img/f4dficimg/dif_orid5k_balanced/91_left.jpg,static/img/f914f66b5ed44e7fa50e7793fb8818f2_91_left.jpg
2665,10fc8dc7c2af414d8bd49f547e75117f,92_left.jpg,~/ml4img/f4dficimg/dif_orid5k_balanced/92_left.jpg,static/img/10fc8dc7c2af414d8bd49f547e75117f_92_left.jpg
2666,8f796a44c7d247478ec5c5ba3bfa2aaf,94_right.jpg,~/ml4img/f4dficimg/dif_orid5k_balanced/94_right.jpg,static/img/8f796a44c7d247478ec5c5ba3bfa2aaf_94_right.jpg
2667,795513d948d747279b6487b34531259f,95_left.jpg,~/ml4img/f4dficimg/dif_orid5k_balanced/95_left.jpg,static/img/795513d948d747279b6487b34531259f_95_left.jpg
2668,dce6f6051cdd4726b892e4a925f58f9c,95_right.jpg,~/ml4img/f4dficimg/dif_orid5k_balanced/95_right.jpg,static/img/dce6f6051cdd4726b892e4a925f58f9c_95_right.jpg
2669,4c93ffc4d2e94db6973f7e8594139a14,96_right.jpg,~/ml4img/f4dficimg/dif_orid5k_balanced/96_right.jpg,static/img/4c93ffc4d2e94db6973f7e8594139a14_96_right.jpg
2670,d12b9e59a642482ba7e45442002f5c5d,97_right.jpg,~/ml4img/f4dficimg/dif_orid5k_balanced/97_right.jpg,static/img/d12b9e59a642482ba7e45442002f5c5d_97_right.jpg
2671,55ed4b704e57494fb01dedade4ee8ca9,102_right.jpg,~/ml4img/f4dficimg/dif_orid5k_balanced/102_right.jpg,static/img/55ed4b704e57494fb01dedade4ee8ca9_102_right.jpg
2672,091bea90a85341c1b70dbf6525ae3c69,103_right.jpg,~/ml4img/f4dficimg/dif_orid5k_balanced/103_right.jpg,static/img/091bea90a85341c1b70dbf6525ae3c69_103_right.jpg
2673,4b580b09c85d49659518af64e0c84a80,106_left.jpg,~/ml4img/f4dficimg/dif_orid5k_balanced/106_left.jpg,static/img/4b580b09c85d49659518af64e0c84a80_106_left.jpg
2674,8ec3ad149e794af1b9182d9bd1fd07bb,110_left.jpg,~/ml4img/f4dficimg/dif_orid5k_balanced/110_left.jpg,static/img/8ec3ad149e794af1b9182d9bd1fd07bb_110_left.jpg
2675,15db86762bc0492ca3cd9328e1b3d426,111_right.jpg,~/ml4img/f4dficimg/dif_orid5k_balanced/111_right.jpg,static/img/15db86762bc0492ca3cd9328e1b3d426_111_right.jpg
2676,b1f1a177608541deaa7ef994ad33bb12,112_left.jpg,~/ml4img/f4dficimg/dif_orid5k_balanced/112_left.jpg,static/img/b1f1a177608541deaa7ef994ad33bb12_112_left.jpg
2677,16dd8a5fb0124e6487635289b54b68a7,113_left.jpg,~/ml4img/f4dficimg/dif_orid5k_balanced/113_left.jpg,static/img/16dd8a5fb0124e6487635289b54b68a7_113_left.jpg
2678,c8ae5426228d446f8b9eadabb58680ff,113_right.jpg,~/ml4img/f4dficimg/dif_orid5k_balanced/113_right.jpg,static/img/c8ae5426228d446f8b9eadabb58680ff_113_right.jpg
2679,9443bf1118d14d5b98524264fb50fe27,116_left.jpg,~/ml4img/f4dficimg/dif_orid5k_balanced/116_left.jpg,static/img/9443bf1118d14d5b98524264fb50fe27_116_left.jpg
2680,2ec09d05add241c285dfd9fbe84c6800,116_right.jpg,~/ml4img/f4dficimg/dif_orid5k_balanced/116_right.jpg,static/img/2ec09d05add241c285dfd9fbe84c6800_116_right.jpg
2681,5d9d3aa31108433c9f4baabaecce176b,117_left.jpg,~/ml4img/f4dficimg/dif_orid5k_balanced/117_left.jpg,static/img/5d9d3aa31108433c9f4baabaecce176b_117_left.jpg
2682,3a6a12f18fcd40798e08c8d8e92853a3,117_right.jpg,~/ml4img/f4dficimg/dif_orid5k_balanced/117_right.jpg,static/img/3a6a12f18fcd40798e08c8d8e92853a3_117_right.jpg
2683,15e7d8e62ad9441f8df9b422bb9b8eb3,118_left.jpg,~/ml4img/f4dficimg/dif_orid5k_balanced/118_left.jpg,static/img/15e7d8e62ad9441f8df9b422bb9b8eb3_118_left.jpg
2684,4326aee3167247eb9828c96972a1182c,119_left.jpg,~/ml4img/f4dficimg/dif_orid5k_balanced/119_left.jpg,static/img/4326aee3167247eb9828c96972a1182c_119_left.jpg
2685,4d7bf81c408a4d3a8d590dba86b6d034,121_left.jpg,~/ml4img/f4dficimg/dif_orid5k_balanced/121_left.jpg,static/img/4d7bf81c408a4d3a8d590dba86b6d034_121_left.jpg
2686,c7b6d62242924f6d94fb507cafe43254,121_right.jpg,~/ml4img/f4dficimg/dif_orid5k_balanced/121_right.jpg,static/img/c7b6d62242924f6d94fb507cafe43254_121_right.jpg
2687,b6717a05e6634fa6984b1389c94bcbd4,122_right.jpg,~/ml4img/f4dficimg/dif_orid5k_balanced/122_right.jpg,static/img/b6717a05e6634fa6984b1389c94bcbd4_122_right.jpg
2688,61ae3b8dd63146979210dded4a41f31b,126_right.jpg,~/ml4img/f4dficimg/dif_orid5k_balanced/126_right.jpg,static/img/61ae3b8dd63146979210dded4a41f31b_126_right.jpg
2689,b70e7ce8b07348368b8d726c7e8220f6,127_left.jpg,~/ml4img/f4dficimg/dif_orid5k_balanced/127_left.jpg,static/img/b70e7ce8b07348368b8d726c7e8220f6_127_left.jpg
2690,4f3ee2d792164d84a88e4d623980125d,129_left.jpg,~/ml4img/f4dficimg/dif_orid5k_balanced/129_left.jpg,static/img/4f3ee2d792164d84a88e4d623980125d_129_left.jpg
2691,a07426c7cd8845e4be20945a777b5380,129_right.jpg,~/ml4img/f4dficimg/dif_orid5k_balanced/129_right.jpg,static/img/a07426c7cd8845e4be20945a777b5380_129_right.jpg
2692,014b7484f2f94efca05775f71dd195dc,130_right.jpg,~/ml4img/f4dficimg/dif_orid5k_balanced/130_right.jpg,static/img/014b7484f2f94efca05775f71dd195dc_130_right.jpg
2693,482a1a927b934d3885c2d0faa11d6280,132_left.jpg,~/ml4img/f4dficimg/dif_orid5k_balanced/132_left.jpg,static/img/482a1a927b934d3885c2d0faa11d6280_132_left.jpg
2694,d6bfb327532344309a428fa89f5b00b3,133_left.jpg,~/ml4img/f4dficimg/dif_orid5k_balanced/133_left.jpg,static/img/d6bfb327532344309a428fa89f5b00b3_133_left.jpg
2695,45eaa649320741b7981aff70bf4e5802,135_right.jpg,~/ml4img/f4dficimg/dif_orid5k_balanced/135_right.jpg,static/img/45eaa649320741b7981aff70bf4e5802_135_right.jpg
2696,ac49771cb471458d86529c0d2cbca94c,136_left.jpg,~/ml4img/f4dficimg/dif_orid5k_balanced/136_left.jpg,static/img/ac49771cb471458d86529c0d2cbca94c_136_left.jpg
2697,f8480e85c23f44a297cde6916a9033fd,138_left.jpg,~/ml4img/f4dficimg/dif_orid5k_balanced/138_left.jpg,static/img/f8480e85c23f44a297cde6916a9033fd_138_left.jpg
2698,ddcc1e381f69406bb70bd47868cc63ce,139_right.jpg,~/ml4img/f4dficimg/dif_orid5k_balanced/139_right.jpg,static/img/ddcc1e381f69406bb70bd47868cc63ce_139_right.jpg
2699,6efcc8041ad443a3a6c0d7bf73af2577,140_left.jpg,~/ml4img/f4dficimg/dif_orid5k_balanced/140_left.jpg,static/img/6efcc8041ad443a3a6c0d7bf73af2577_140_left.jpg
2700,931b47db5463438d8c2928ee93ee1972,141_right.jpg,~/ml4img/f4dficimg/dif_orid5k_balanced/141_right.jpg,static/img/931b47db5463438d8c2928ee93ee1972_141_right.jpg
2701,4f75ad43c610406787231340af1ac2db,142_right.jpg,~/ml4img/f4dficimg/dif_orid5k_balanced/142_right.jpg,static/img/4f75ad43c610406787231340af1ac2db_142_right.jpg
2702,a001dafff20e44d78ab8b115bd3c4ad7,143_right.jpg,~/ml4img/f4dficimg/dif_orid5k_balanced/143_right.jpg,static/img/a001dafff20e44d78ab8b115bd3c4ad7_143_right.jpg
2703,f8d0efabf9884c39989ec885f2374143,145_left.jpg,~/ml4img/f4dficimg/dif_orid5k_balanced/145_left.jpg,static/img/f8d0efabf9884c39989ec885f2374143_145_left.jpg
2704,3f19b86ebe22480da87220a5ef7a4c5a,146_left.jpg,~/ml4img/f4dficimg/dif_orid5k_balanced/146_left.jpg,static/img/3f19b86ebe22480da87220a5ef7a4c5a_146_left.jpg
2705,b4492669ad28422fa39d842fa1787ebb,147_left.jpg,~/ml4img/f4dficimg/dif_orid5k_balanced/147_left.jpg,static/img/b4492669ad28422fa39d842fa1787ebb_147_left.jpg
2706,4b823104f2624848a5c2f4cc41ab6e41,149_right.jpg,~/ml4img/f4dficimg/dif_orid5k_balanced/149_right.jpg,static/img/4b823104f2624848a5c2f4cc41ab6e41_149_right.jpg
2707,124404de4d97488b86fe1142d0a2b3ef,150_right.jpg,~/ml4img/f4dficimg/dif_orid5k_balanced/150_right.jpg,static/img/124404de4d97488b86fe1142d0a2b3ef_150_right.jpg
2708,66ace13c88544fc09cb964cc95f9431a,151_left.jpg,~/ml4img/f4dficimg/dif_orid5k_balanced/151_left.jpg,static/img/66ace13c88544fc09cb964cc95f9431a_151_left.jpg
2709,a494db2c3c97497a832e861013b5649e,157_right.jpg,~/ml4img/f4dficimg/dif_orid5k_balanced/157_right.jpg,static/img/a494db2c3c97497a832e861013b5649e_157_right.jpg
2710,8190e06990da4c8d9d3b8aa6862ab6eb,158_left.jpg,~/ml4img/f4dficimg/dif_orid5k_balanced/158_left.jpg,static/img/8190e06990da4c8d9d3b8aa6862ab6eb_158_left.jpg
2711,f50e6e5fcb894a3e8085f9375bff4f57,159_left.jpg,~/ml4img/f4dficimg/dif_orid5k_balanced/159_left.jpg,static/img/f50e6e5fcb894a3e8085f9375bff4f57_159_left.jpg
2712,0f59755586904e3b80b02d8fb0e38c67,160_right.jpg,~/ml4img/f4dficimg/dif_orid5k_balanced/160_right.jpg,static/img/0f59755586904e3b80b02d8fb0e38c67_160_right.jpg
2713,f284218c959a4a779e34804359cb42bd,161_right.jpg,~/ml4img/f4dficimg/dif_orid5k_balanced/161_right.jpg,static/img/f284218c959a4a779e34804359cb42bd_161_right.jpg
2714,f4a8fd12ff1e45d9ae0b98505abf328a,162_left.jpg,~/ml4img/f4dficimg/dif_orid5k_balanced/162_left.jpg,static/img/f4a8fd12ff1e45d9ae0b98505abf328a_162_left.jpg
2715,cfefa7354c654eaf95a2c9234c27d828,162_right.jpg,~/ml4img/f4dficimg/dif_orid5k_balanced/162_right.jpg,static/img/cfefa7354c654eaf95a2c9234c27d828_162_right.jpg
2716,e8ae07a7b7e34e31893db55a4bb0ef14,164_left.jpg,~/ml4img/f4dficimg/dif_orid5k_balanced/164_left.jpg,static/img/e8ae07a7b7e34e31893db55a4bb0ef14_164_left.jpg
2717,c8b569b8b72d44c1a48dda6ceedcf41f,165_right.jpg,~/ml4img/f4dficimg/dif_orid5k_balanced/165_right.jpg,static/img/c8b569b8b72d44c1a48dda6ceedcf41f_165_right.jpg
2718,b4a17b23c9db4d66b0bd68def8feba02,166_left.jpg,~/ml4img/f4dficimg/dif_orid5k_balanced/166_left.jpg,static/img/b4a17b23c9db4d66b0bd68def8feba02_166_left.jpg
2719,73e26b58bef8469f847bc83239ac0062,167_left.jpg,~/ml4img/f4dficimg/dif_orid5k_balanced/167_left.jpg,static/img/73e26b58bef8469f847bc83239ac0062_167_left.jpg
2720,754e901d2eac46a5879e5ed69dac7f19,168_left.jpg,~/ml4img/f4dficimg/dif_orid5k_balanced/168_left.jpg,static/img/754e901d2eac46a5879e5ed69dac7f19_168_left.jpg
2721,4831a4281e8b48e5a9429ca37cbe49a1,168_right.jpg,~/ml4img/f4dficimg/dif_orid5k_balanced/168_right.jpg,static/img/4831a4281e8b48e5a9429ca37cbe49a1_168_right.jpg
2722,104b4ffdc6de43dd8de07a57343d21e5,170_right.jpg,~/ml4img/f4dficimg/dif_orid5k_balanced/170_right.jpg,static/img/104b4ffdc6de43dd8de07a57343d21e5_170_right.jpg
2723,7047137da60048e1bf25353c0d5a92dd,172_left.jpg,~/ml4img/f4dficimg/dif_orid5k_balanced/172_left.jpg,static/img/7047137da60048e1bf25353c0d5a92dd_172_left.jpg
2724,8a829a5d6a274a6cb41f5d8d8e01db70,172_right.jpg,~/ml4img/f4dficimg/dif_orid5k_balanced/172_right.jpg,static/img/8a829a5d6a274a6cb41f5d8d8e01db70_172_right.jpg
2725,5628b202c7ff467382d9da1ef6f6bbe1,174_left.jpg,~/ml4img/f4dficimg/dif_orid5k_balanced/174_left.jpg,static/img/5628b202c7ff467382d9da1ef6f6bbe1_174_left.jpg
2726,5393f0b5b5a34e85bf62b0f565e47d21,174_right.jpg,~/ml4img/f4dficimg/dif_orid5k_balanced/174_right.jpg,static/img/5393f0b5b5a34e85bf62b0f565e47d21_174_right.jpg
2727,8cda1f754cb64345821c433004d7dbd1,175_left.jpg,~/ml4img/f4dficimg/dif_orid5k_balanced/175_left.jpg,static/img/8cda1f754cb64345821c433004d7dbd1_175_left.jpg
2728,545a49190e804dd49c02b6ee1fb05766,175_right.jpg,~/ml4img/f4dficimg/dif_orid5k_balanced/175_right.jpg,static/img/545a49190e804dd49c02b6ee1fb05766_175_right.jpg
2729,55fb6d1a5c714a6782bde57ea2fbc5d4,176_left.jpg,~/ml4img/f4dficimg/dif_orid5k_balanced/176_left.jpg,static/img/55fb6d1a5c714a6782bde57ea2fbc5d4_176_left.jpg
2730,894bc10feec348fb921ee3ca6d1790c1,179_left.jpg,~/ml4img/f4dficimg/dif_orid5k_balanced/179_left.jpg,static/img/894bc10feec348fb921ee3ca6d1790c1_179_left.jpg
2731,c8eae684c5e24ea9a9dd4aa9a973474a,180_left.jpg,~/ml4img/f4dficimg/dif_orid5k_balanced/180_left.jpg,static/img/c8eae684c5e24ea9a9dd4aa9a973474a_180_left.jpg
2732,ea29436198cb421f99d9b52b38d1147b,181_left.jpg,~/ml4img/f4dficimg/dif_orid5k_balanced/181_left.jpg,static/img/ea29436198cb421f99d9b52b38d1147b_181_left.jpg
2733,f7a226cabb394164852f9f357c1d5f95,184_left.jpg,~/ml4img/f4dficimg/dif_orid5k_balanced/184_left.jpg,static/img/f7a226cabb394164852f9f357c1d5f95_184_left.jpg
2734,efb1a55ec87548c8a016f4f895c870be,184_right.jpg,~/ml4img/f4dficimg/dif_orid5k_balanced/184_right.jpg,static/img/efb1a55ec87548c8a016f4f895c870be_184_right.jpg
2735,803971b10b38465ba36d557d48902d9c,190_left.jpg,~/ml4img/f4dficimg/dif_orid5k_balanced/190_left.jpg,static/img/803971b10b38465ba36d557d48902d9c_190_left.jpg
2736,14b377823f014d4cb2c30f55ab2aa80f,191_left.jpg,~/ml4img/f4dficimg/dif_orid5k_balanced/191_left.jpg,static/img/14b377823f014d4cb2c30f55ab2aa80f_191_left.jpg
2737,c949cb6f3df2413e97c3fbf805dd450f,192_right.jpg,~/ml4img/f4dficimg/dif_orid5k_balanced/192_right.jpg,static/img/c949cb6f3df2413e97c3fbf805dd450f_192_right.jpg
2738,441812060a9c4c08826f53c3d42a1c09,193_right.jpg,~/ml4img/f4dficimg/dif_orid5k_balanced/193_right.jpg,static/img/441812060a9c4c08826f53c3d42a1c09_193_right.jpg
2739,6e9dfae0b4d142728bc001b78ff9f0cc,194_right.jpg,~/ml4img/f4dficimg/dif_orid5k_balanced/194_right.jpg,static/img/6e9dfae0b4d142728bc001b78ff9f0cc_194_right.jpg
2740,300c4b10c71748619e6ad38831a0fc50,195_right.jpg,~/ml4img/f4dficimg/dif_orid5k_balanced/195_right.jpg,static/img/300c4b10c71748619e6ad38831a0fc50_195_right.jpg
2741,532d0aec5d604245a5e3108b9b42e70a,197_left.jpg,~/ml4img/f4dficimg/dif_orid5k_balanced/197_left.jpg,static/img/532d0aec5d604245a5e3108b9b42e70a_197_left.jpg
2742,8683cbb899a74d89859a728f0f15cd62,201_right.jpg,~/ml4img/f4dficimg/dif_orid5k_balanced/201_right.jpg,static/img/8683cbb899a74d89859a728f0f15cd62_201_right.jpg
2743,c5b1e929bb8741a4b599b0ac9598fb9d,204_right.jpg,~/ml4img/f4dficimg/dif_orid5k_balanced/204_right.jpg,static/img/c5b1e929bb8741a4b599b0ac9598fb9d_204_right.jpg
2744,b12b0d3ad29447338c2e82f9501df02e,205_right.jpg,~/ml4img/f4dficimg/dif_orid5k_balanced/205_right.jpg,static/img/b12b0d3ad29447338c2e82f9501df02e_205_right.jpg
2745,828373a9c1164c61b8ab301b68bd7116,206_left.jpg,~/ml4img/f4dficimg/dif_orid5k_balanced/206_left.jpg,static/img/828373a9c1164c61b8ab301b68bd7116_206_left.jpg
2746,eccda24f301a4c8fb2217352742ff050,207_left.jpg,~/ml4img/f4dficimg/dif_orid5k_balanced/207_left.jpg,static/img/eccda24f301a4c8fb2217352742ff050_207_left.jpg
2747,84d081a0bb544d59a1284c8bd56cd710,209_right.jpg,~/ml4img/f4dficimg/dif_orid5k_balanced/209_right.jpg,static/img/84d081a0bb544d59a1284c8bd56cd710_209_right.jpg
2748,78d84f14680f479aa7de86a73e6dc6e9,210_left.jpg,~/ml4img/f4dficimg/dif_orid5k_balanced/210_left.jpg,static/img/78d84f14680f479aa7de86a73e6dc6e9_210_left.jpg
2749,4e7498d4ca544f898433e305e390fdcd,210_right.jpg,~/ml4img/f4dficimg/dif_orid5k_balanced/210_right.jpg,static/img/4e7498d4ca544f898433e305e390fdcd_210_right.jpg
2750,bf0a2a45e1244c42a93155bd9d39599b,212_left.jpg,~/ml4img/f4dficimg/dif_orid5k_balanced/212_left.jpg,static/img/bf0a2a45e1244c42a93155bd9d39599b_212_left.jpg
2751,0eadfa5cbcb44296895ff5c0c320ff66,212_right.jpg,~/ml4img/f4dficimg/dif_orid5k_balanced/212_right.jpg,static/img/0eadfa5cbcb44296895ff5c0c320ff66_212_right.jpg
2752,f87b70b5e1a1458da22a849a85c558a3,213_right.jpg,~/ml4img/f4dficimg/dif_orid5k_balanced/213_right.jpg,static/img/f87b70b5e1a1458da22a849a85c558a3_213_right.jpg
2753,7a5c3961e9464666b326dc33dfbc4020,215_left.jpg,~/ml4img/f4dficimg/dif_orid5k_balanced/215_left.jpg,static/img/7a5c3961e9464666b326dc33dfbc4020_215_left.jpg
2754,e1ab5fb53b5742cd955d4cde7c366b23,216_right.jpg,~/ml4img/f4dficimg/dif_orid5k_balanced/216_right.jpg,static/img/e1ab5fb53b5742cd955d4cde7c366b23_216_right.jpg
2755,3a52e5f3582845678b8663ed855807d8,217_left.jpg,~/ml4img/f4dficimg/dif_orid5k_balanced/217_left.jpg,static/img/3a52e5f3582845678b8663ed855807d8_217_left.jpg
2756,fb4e0a2984bd4477866093fe3663d5a1,221_right.jpg,~/ml4img/f4dficimg/dif_orid5k_balanced/221_right.jpg,static/img/fb4e0a2984bd4477866093fe3663d5a1_221_right.jpg
2757,49f69e365aee4c2da271054d93a43063,222_right.jpg,~/ml4img/f4dficimg/dif_orid5k_balanced/222_right.jpg,static/img/49f69e365aee4c2da271054d93a43063_222_right.jpg
2758,481d12914239444195c887f0fdc698e9,223_right.jpg,~/ml4img/f4dficimg/dif_orid5k_balanced/223_right.jpg,static/img/481d12914239444195c887f0fdc698e9_223_right.jpg
2759,07e8f60968c24e418146be95d93c3f0e,224_right.jpg,~/ml4img/f4dficimg/dif_orid5k_balanced/224_right.jpg,static/img/07e8f60968c24e418146be95d93c3f0e_224_right.jpg
2760,26ff1fb855d440e9af535e399b06def6,225_left.jpg,~/ml4img/f4dficimg/dif_orid5k_balanced/225_left.jpg,static/img/26ff1fb855d440e9af535e399b06def6_225_left.jpg
2761,4da04be28b4f46c697321218782a8fd4,226_left.jpg,~/ml4img/f4dficimg/dif_orid5k_balanced/226_left.jpg,static/img/4da04be28b4f46c697321218782a8fd4_226_left.jpg
2762,8605e89e282242bb821f9795a0622c06,227_right.jpg,~/ml4img/f4dficimg/dif_orid5k_balanced/227_right.jpg,static/img/8605e89e282242bb821f9795a0622c06_227_right.jpg
2763,e1c84ec5ab7444ef82e1cb8ebfecba60,228_left.jpg,~/ml4img/f4dficimg/dif_orid5k_balanced/228_left.jpg,static/img/e1c84ec5ab7444ef82e1cb8ebfecba60_228_left.jpg
2764,af5dc029020e4bfbb1bb1ed8d898b064,229_left.jpg,~/ml4img/f4dficimg/dif_orid5k_balanced/229_left.jpg,static/img/af5dc029020e4bfbb1bb1ed8d898b064_229_left.jpg
2765,571c738efd2747b788f3c310ad97feb3,230_right.jpg,~/ml4img/f4dficimg/dif_orid5k_balanced/230_right.jpg,static/img/571c738efd2747b788f3c310ad97feb3_230_right.jpg
2766,28793efff72f472a997f766bee9e1099,231_left.jpg,~/ml4img/f4dficimg/dif_orid5k_balanced/231_left.jpg,static/img/28793efff72f472a997f766bee9e1099_231_left.jpg
2767,c4ae169161504d958a424bd8b96a8f33,231_right.jpg,~/ml4img/f4dficimg/dif_orid5k_balanced/231_right.jpg,static/img/c4ae169161504d958a424bd8b96a8f33_231_right.jpg
2768,3bba0800a708431098043124e4cd85c0,232_left.jpg,~/ml4img/f4dficimg/dif_orid5k_balanced/232_left.jpg,static/img/3bba0800a708431098043124e4cd85c0_232_left.jpg
2769,055378152d2f4f53aef2966517f120cb,233_right.jpg,~/ml4img/f4dficimg/dif_orid5k_balanced/233_right.jpg,static/img/055378152d2f4f53aef2966517f120cb_233_right.jpg
2770,6a035dff1a514c8b9ce765dfbbb1c73c,234_right.jpg,~/ml4img/f4dficimg/dif_orid5k_balanced/234_right.jpg,static/img/6a035dff1a514c8b9ce765dfbbb1c73c_234_right.jpg
2771,8ae0c4326cf14307955025fc84184972,235_left.jpg,~/ml4img/f4dficimg/dif_orid5k_balanced/235_left.jpg,static/img/8ae0c4326cf14307955025fc84184972_235_left.jpg
2772,165d094206c04fc5a667789f6b740ea1,235_right.jpg,~/ml4img/f4dficimg/dif_orid5k_balanced/235_right.jpg,static/img/165d094206c04fc5a667789f6b740ea1_235_right.jpg
2773,950099e589c94feab0380ce4c6922093,238_left.jpg,~/ml4img/f4dficimg/dif_orid5k_balanced/238_left.jpg,static/img/950099e589c94feab0380ce4c6922093_238_left.jpg
2774,2f6ef625677e4045adfc834efa2c8c3a,239_right.jpg,~/ml4img/f4dficimg/dif_orid5k_balanced/239_right.jpg,static/img/2f6ef625677e4045adfc834efa2c8c3a_239_right.jpg
2775,ae9a3a63eb7f4012b6991875c7549df7,241_left.jpg,~/ml4img/f4dficimg/dif_orid5k_balanced/241_left.jpg,static/img/ae9a3a63eb7f4012b6991875c7549df7_241_left.jpg
2776,4d137404702d494aa12e573b95737f19,243_right.jpg,~/ml4img/f4dficimg/dif_orid5k_balanced/243_right.jpg,static/img/4d137404702d494aa12e573b95737f19_243_right.jpg
2777,6b04add4190942ceae3599e4dd4c1c30,246_left.jpg,~/ml4img/f4dficimg/dif_orid5k_balanced/246_left.jpg,static/img/6b04add4190942ceae3599e4dd4c1c30_246_left.jpg
2778,13a6980933be496c850e49051bde2cbf,247_left.jpg,~/ml4img/f4dficimg/dif_orid5k_balanced/247_left.jpg,static/img/13a6980933be496c850e49051bde2cbf_247_left.jpg
2779,5523f28d3df84840aedf7792bea65468,249_left.jpg,~/ml4img/f4dficimg/dif_orid5k_balanced/249_left.jpg,static/img/5523f28d3df84840aedf7792bea65468_249_left.jpg
2780,e214659156cb481ebba63bd5d592bdad,250_right.jpg,~/ml4img/f4dficimg/dif_orid5k_balanced/250_right.jpg,static/img/e214659156cb481ebba63bd5d592bdad_250_right.jpg
2781,5be00b9dfe7f4208bc803cce38919479,251_right.jpg,~/ml4img/f4dficimg/dif_orid5k_balanced/251_right.jpg,static/img/5be00b9dfe7f4208bc803cce38919479_251_right.jpg
2782,53a11a6b6b5b40deae317ae19bd6486b,253_left.jpg,~/ml4img/f4dficimg/dif_orid5k_balanced/253_left.jpg,static/img/53a11a6b6b5b40deae317ae19bd6486b_253_left.jpg
2783,4952591b9e62430385ff1c65f7555084,254_right.jpg,~/ml4img/f4dficimg/dif_orid5k_balanced/254_right.jpg,static/img/4952591b9e62430385ff1c65f7555084_254_right.jpg
2784,b62c98dc4c9b49a4b0abe84076ac4b5e,255_right.jpg,~/ml4img/f4dficimg/dif_orid5k_balanced/255_right.jpg,static/img/b62c98dc4c9b49a4b0abe84076ac4b5e_255_right.jpg
2785,ca1a9ec48a8249cba55fe7ea9a156273,258_left.jpg,~/ml4img/f4dficimg/dif_orid5k_balanced/258_left.jpg,static/img/ca1a9ec48a8249cba55fe7ea9a156273_258_left.jpg
2786,ac8ecb1720e445a78f49a373f4226d84,259_right.jpg,~/ml4img/f4dficimg/dif_orid5k_balanced/259_right.jpg,static/img/ac8ecb1720e445a78f49a373f4226d84_259_right.jpg
2787,8bdc180cdebf474d9d8b2b14f160b99e,260_right.jpg,~/ml4img/f4dficimg/dif_orid5k_balanced/260_right.jpg,static/img/8bdc180cdebf474d9d8b2b14f160b99e_260_right.jpg
2788,cad9038e806540d5b359aeeba0eaac48,262_left.jpg,~/ml4img/f4dficimg/dif_orid5k_balanced/262_left.jpg,static/img/cad9038e806540d5b359aeeba0eaac48_262_left.jpg
2789,e6944d99f0244036946e814c2bbb95a9,263_left.jpg,~/ml4img/f4dficimg/dif_orid5k_balanced/263_left.jpg,static/img/e6944d99f0244036946e814c2bbb95a9_263_left.jpg
2790,52762196fa6e4566859fceffc9456dd3,265_left.jpg,~/ml4img/f4dficimg/dif_orid5k_balanced/265_left.jpg,static/img/52762196fa6e4566859fceffc9456dd3_265_left.jpg
2791,a7fc9cc0e4f74d92a9dff189b7f751c9,266_right.jpg,~/ml4img/f4dficimg/dif_orid5k_balanced/266_right.jpg,static/img/a7fc9cc0e4f74d92a9dff189b7f751c9_266_right.jpg
2792,7237d7bcbce84e9284f952db28f89f6b,268_left.jpg,~/ml4img/f4dficimg/dif_orid5k_balanced/268_left.jpg,static/img/7237d7bcbce84e9284f952db28f89f6b_268_left.jpg
2793,eb9e9bcfa6104df3824ba600f55e72c0,269_left.jpg,~/ml4img/f4dficimg/dif_orid5k_balanced/269_left.jpg,static/img/eb9e9bcfa6104df3824ba600f55e72c0_269_left.jpg
2794,b84fc5289755488ba5fda1a45243d11c,270_left.jpg,~/ml4img/f4dficimg/dif_orid5k_balanced/270_left.jpg,static/img/b84fc5289755488ba5fda1a45243d11c_270_left.jpg
2795,6e63493d2a37494a91590dffe7adbea6,271_left.jpg,~/ml4img/f4dficimg/dif_orid5k_balanced/271_left.jpg,static/img/6e63493d2a37494a91590dffe7adbea6_271_left.jpg
2796,a26365388e29408fbd1c005f299efae6,274_left.jpg,~/ml4img/f4dficimg/dif_orid5k_balanced/274_left.jpg,static/img/a26365388e29408fbd1c005f299efae6_274_left.jpg
2797,fb4dfe0f72ac468aa432bd0e10a4e762,274_right.jpg,~/ml4img/f4dficimg/dif_orid5k_balanced/274_right.jpg,static/img/fb4dfe0f72ac468aa432bd0e10a4e762_274_right.jpg
2798,5804c1c1d5604446bf6f53032c7c32ea,275_left.jpg,~/ml4img/f4dficimg/dif_orid5k_balanced/275_left.jpg,static/img/5804c1c1d5604446bf6f53032c7c32ea_275_left.jpg
2799,5093551a2b5542f1a15a358dfddafe0d,277_left.jpg,~/ml4img/f4dficimg/dif_orid5k_balanced/277_left.jpg,static/img/5093551a2b5542f1a15a358dfddafe0d_277_left.jpg
2800,3d0784302b9a4d7086782abcfbb1ddc0,279_right.jpg,~/ml4img/f4dficimg/dif_orid5k_balanced/279_right.jpg,static/img/3d0784302b9a4d7086782abcfbb1ddc0_279_right.jpg
2801,678ca6fa9e7f4793be229b038c669599,283_right.jpg,~/ml4img/f4dficimg/dif_orid5k_balanced/283_right.jpg,static/img/678ca6fa9e7f4793be229b038c669599_283_right.jpg
2802,92d14bad45ca4671bcce3c95a2aea9a6,285_right.jpg,~/ml4img/f4dficimg/dif_orid5k_balanced/285_right.jpg,static/img/92d14bad45ca4671bcce3c95a2aea9a6_285_right.jpg
2803,7cb7b1bf199d44bda8a96eb02849ffb5,286_right.jpg,~/ml4img/f4dficimg/dif_orid5k_balanced/286_right.jpg,static/img/7cb7b1bf199d44bda8a96eb02849ffb5_286_right.jpg
2804,0495f16a00a743e6b86e652c30f3810a,287_right.jpg,~/ml4img/f4dficimg/dif_orid5k_balanced/287_right.jpg,static/img/0495f16a00a743e6b86e652c30f3810a_287_right.jpg
2805,95c91744883f42c38095ac8b147e9ca9,289_right.jpg,~/ml4img/f4dficimg/dif_orid5k_balanced/289_right.jpg,static/img/95c91744883f42c38095ac8b147e9ca9_289_right.jpg
2806,70d517ce4fd844f19f50e741af14f4b3,291_left.jpg,~/ml4img/f4dficimg/dif_orid5k_balanced/291_left.jpg,static/img/70d517ce4fd844f19f50e741af14f4b3_291_left.jpg
2807,24af29b3f97f4e74bdecf8a44ab1aa35,291_right.jpg,~/ml4img/f4dficimg/dif_orid5k_balanced/291_right.jpg,static/img/24af29b3f97f4e74bdecf8a44ab1aa35_291_right.jpg
2808,d5c867428a014e80bafff44cbb1fdf98,292_right.jpg,~/ml4img/f4dficimg/dif_orid5k_balanced/292_right.jpg,static/img/d5c867428a014e80bafff44cbb1fdf98_292_right.jpg
2809,81816c5288d540c49c2985914bfa0435,293_right.jpg,~/ml4img/f4dficimg/dif_orid5k_balanced/293_right.jpg,static/img/81816c5288d540c49c2985914bfa0435_293_right.jpg
2810,2ce8d8295da9450a82aeaf02d4ae12e5,294_left.jpg,~/ml4img/f4dficimg/dif_orid5k_balanced/294_left.jpg,static/img/2ce8d8295da9450a82aeaf02d4ae12e5_294_left.jpg
2811,2409bbb135504186a4a6773b95def1f3,294_right.jpg,~/ml4img/f4dficimg/dif_orid5k_balanced/294_right.jpg,static/img/2409bbb135504186a4a6773b95def1f3_294_right.jpg
2812,0e7b233c183a472ca93f96c570dcab77,295_right.jpg,~/ml4img/f4dficimg/dif_orid5k_balanced/295_right.jpg,static/img/0e7b233c183a472ca93f96c570dcab77_295_right.jpg
2813,2c635542afa04223924c5c7595e04302,296_left.jpg,~/ml4img/f4dficimg/dif_orid5k_balanced/296_left.jpg,static/img/2c635542afa04223924c5c7595e04302_296_left.jpg
2814,607596f7c7c14aaf9825ed694997f764,297_right.jpg,~/ml4img/f4dficimg/dif_orid5k_balanced/297_right.jpg,static/img/607596f7c7c14aaf9825ed694997f764_297_right.jpg
2815,01263a77fecf46db9997a9d0a650fa67,298_left.jpg,~/ml4img/f4dficimg/dif_orid5k_balanced/298_left.jpg,static/img/01263a77fecf46db9997a9d0a650fa67_298_left.jpg
2816,9a6bcec98be04d5eaa9c72ab3182b05d,299_right.jpg,~/ml4img/f4dficimg/dif_orid5k_balanced/299_right.jpg,static/img/9a6bcec98be04d5eaa9c72ab3182b05d_299_right.jpg
2817,2d27709c02034dcc9f859b2367e5314f,300_right.jpg,~/ml4img/f4dficimg/dif_orid5k_balanced/300_right.jpg,static/img/2d27709c02034dcc9f859b2367e5314f_300_right.jpg
2818,d573261217fa4cf984c51606c16ae65c,302_left.jpg,~/ml4img/f4dficimg/dif_orid5k_balanced/302_left.jpg,static/img/d573261217fa4cf984c51606c16ae65c_302_left.jpg
2819,359c572485574a6c9f0fb0a95c7688bf,303_right.jpg,~/ml4img/f4dficimg/dif_orid5k_balanced/303_right.jpg,static/img/359c572485574a6c9f0fb0a95c7688bf_303_right.jpg
2820,45ff8140fc26460d8c2e55b90eb092a4,306_right.jpg,~/ml4img/f4dficimg/dif_orid5k_balanced/306_right.jpg,static/img/45ff8140fc26460d8c2e55b90eb092a4_306_right.jpg
2821,0c3772dd062c4788be81502d88b9452a,309_right.jpg,~/ml4img/f4dficimg/dif_orid5k_balanced/309_right.jpg,static/img/0c3772dd062c4788be81502d88b9452a_309_right.jpg
2822,a3c99f01878c437295f2a97f31869cd8,310_right.jpg,~/ml4img/f4dficimg/dif_orid5k_balanced/310_right.jpg,static/img/a3c99f01878c437295f2a97f31869cd8_310_right.jpg
2823,767473b2abcc49cd8b64ff14e400d5e8,311_right.jpg,~/ml4img/f4dficimg/dif_orid5k_balanced/311_right.jpg,static/img/767473b2abcc49cd8b64ff14e400d5e8_311_right.jpg
2824,73db2d28550747ac8f1997e438416452,312_left.jpg,~/ml4img/f4dficimg/dif_orid5k_balanced/312_left.jpg,static/img/73db2d28550747ac8f1997e438416452_312_left.jpg
2825,875c6e054b354faabc2f1912e7c41d6e,312_right.jpg,~/ml4img/f4dficimg/dif_orid5k_balanced/312_right.jpg,static/img/875c6e054b354faabc2f1912e7c41d6e_312_right.jpg
2826,a731cc9955594fc5b04ff4dd77f333d3,313_right.jpg,~/ml4img/f4dficimg/dif_orid5k_balanced/313_right.jpg,static/img/a731cc9955594fc5b04ff4dd77f333d3_313_right.jpg
2827,53b98a879698489bae8b5176f1d8b9b2,314_left.jpg,~/ml4img/f4dficimg/dif_orid5k_balanced/314_left.jpg,static/img/53b98a879698489bae8b5176f1d8b9b2_314_left.jpg
2828,ad9fc7380e794ad0827099a9ee526670,315_right.jpg,~/ml4img/f4dficimg/dif_orid5k_balanced/315_right.jpg,static/img/ad9fc7380e794ad0827099a9ee526670_315_right.jpg
2829,c61dfc6c24444f5f82c01adc6bd9e2c1,316_left.jpg,~/ml4img/f4dficimg/dif_orid5k_balanced/316_left.jpg,static/img/c61dfc6c24444f5f82c01adc6bd9e2c1_316_left.jpg
2830,94ed78e1cd5e4ab89c50fc46381b6992,320_left.jpg,~/ml4img/f4dficimg/dif_orid5k_balanced/320_left.jpg,static/img/94ed78e1cd5e4ab89c50fc46381b6992_320_left.jpg
2831,c8c6df1aa42844ee80b3eee48710470a,321_left.jpg,~/ml4img/f4dficimg/dif_orid5k_balanced/321_left.jpg,static/img/c8c6df1aa42844ee80b3eee48710470a_321_left.jpg
2832,1863c5fd85b94be9b4099c092c7027a2,324_right.jpg,~/ml4img/f4dficimg/dif_orid5k_balanced/324_right.jpg,static/img/1863c5fd85b94be9b4099c092c7027a2_324_right.jpg
2833,c598484ad14644eb99640ce71d3c5572,325_right.jpg,~/ml4img/f4dficimg/dif_orid5k_balanced/325_right.jpg,static/img/c598484ad14644eb99640ce71d3c5572_325_right.jpg
2834,8e488b407eda400b9dfabbe6c06d6289,326_right.jpg,~/ml4img/f4dficimg/dif_orid5k_balanced/326_right.jpg,static/img/8e488b407eda400b9dfabbe6c06d6289_326_right.jpg
2835,7979c391264a4dc686d5478efb9ff667,329_left.jpg,~/ml4img/f4dficimg/dif_orid5k_balanced/329_left.jpg,static/img/7979c391264a4dc686d5478efb9ff667_329_left.jpg
2836,77faaf7bd1c84081813f936967c7a456,332_left.jpg,~/ml4img/f4dficimg/dif_orid5k_balanced/332_left.jpg,static/img/77faaf7bd1c84081813f936967c7a456_332_left.jpg
2837,5a2c2156bc244a999ea5c463f53c966c,332_right.jpg,~/ml4img/f4dficimg/dif_orid5k_balanced/332_right.jpg,static/img/5a2c2156bc244a999ea5c463f53c966c_332_right.jpg
2838,fdee6a82e10c4f489bc20e16f0e14166,333_left.jpg,~/ml4img/f4dficimg/dif_orid5k_balanced/333_left.jpg,static/img/fdee6a82e10c4f489bc20e16f0e14166_333_left.jpg
2839,0021a4973bba4296af2b95496f16537f,333_right.jpg,~/ml4img/f4dficimg/dif_orid5k_balanced/333_right.jpg,static/img/0021a4973bba4296af2b95496f16537f_333_right.jpg
2840,8382a3acdf8a411ebb7b21d2b5ec6fde,335_left.jpg,~/ml4img/f4dficimg/dif_orid5k_balanced/335_left.jpg,static/img/8382a3acdf8a411ebb7b21d2b5ec6fde_335_left.jpg
2841,853925ba27304a0887459bd9b94bfa32,336_right.jpg,~/ml4img/f4dficimg/dif_orid5k_balanced/336_right.jpg,static/img/853925ba27304a0887459bd9b94bfa32_336_right.jpg
2842,0346cefd48f84016b5e2a5726b6cc043,338_left.jpg,~/ml4img/f4dficimg/dif_orid5k_balanced/338_left.jpg,static/img/0346cefd48f84016b5e2a5726b6cc043_338_left.jpg
2843,da3dc4d1ef6a4c50991b75e880cf8977,339_left.jpg,~/ml4img/f4dficimg/dif_orid5k_balanced/339_left.jpg,static/img/da3dc4d1ef6a4c50991b75e880cf8977_339_left.jpg
2844,55f1f62dc45a41debc6b24ea80adb6ef,340_left.jpg,~/ml4img/f4dficimg/dif_orid5k_balanced/340_left.jpg,static/img/55f1f62dc45a41debc6b24ea80adb6ef_340_left.jpg
2845,a81fd9cef72a465aaed0ae94b3ee69ad,341_left.jpg,~/ml4img/f4dficimg/dif_orid5k_balanced/341_left.jpg,static/img/a81fd9cef72a465aaed0ae94b3ee69ad_341_left.jpg
2846,f8512fbe354b4930aaaded429a6b927f,342_right.jpg,~/ml4img/f4dficimg/dif_orid5k_balanced/342_right.jpg,static/img/f8512fbe354b4930aaaded429a6b927f_342_right.jpg
2847,c54aea27185942a086e9f1c4723f791b,343_right.jpg,~/ml4img/f4dficimg/dif_orid5k_balanced/343_right.jpg,static/img/c54aea27185942a086e9f1c4723f791b_343_right.jpg
2848,5898d5ce6d644b8aaebd0326a190202c,346_left.jpg,~/ml4img/f4dficimg/dif_orid5k_balanced/346_left.jpg,static/img/5898d5ce6d644b8aaebd0326a190202c_346_left.jpg
2849,5dc828954c424465ae436b99a80eebf2,348_right.jpg,~/ml4img/f4dficimg/dif_orid5k_balanced/348_right.jpg,static/img/5dc828954c424465ae436b99a80eebf2_348_right.jpg
2850,e19aba9393b7467dbf1a6145d736a428,351_right.jpg,~/ml4img/f4dficimg/dif_orid5k_balanced/351_right.jpg,static/img/e19aba9393b7467dbf1a6145d736a428_351_right.jpg
2851,5b202792d14b4105bcb083e7d31cfa14,352_right.jpg,~/ml4img/f4dficimg/dif_orid5k_balanced/352_right.jpg,static/img/5b202792d14b4105bcb083e7d31cfa14_352_right.jpg
2852,75ab8f1e9b0b408d8d12a5afcb374265,353_left.jpg,~/ml4img/f4dficimg/dif_orid5k_balanced/353_left.jpg,static/img/75ab8f1e9b0b408d8d12a5afcb374265_353_left.jpg
2853,f4d95e5ae5794a56bf4c3b69fb602952,355_left.jpg,~/ml4img/f4dficimg/dif_orid5k_balanced/355_left.jpg,static/img/f4d95e5ae5794a56bf4c3b69fb602952_355_left.jpg
2854,7fcf69e3f7f249be86b4886c4530e245,356_left.jpg,~/ml4img/f4dficimg/dif_orid5k_balanced/356_left.jpg,static/img/7fcf69e3f7f249be86b4886c4530e245_356_left.jpg
2855,82233df04efd4258b8fbbe3f280aeb95,357_left.jpg,~/ml4img/f4dficimg/dif_orid5k_balanced/357_left.jpg,static/img/82233df04efd4258b8fbbe3f280aeb95_357_left.jpg
2856,f0ed737ca6e74b0cbd6de50805a186e4,358_left.jpg,~/ml4img/f4dficimg/dif_orid5k_balanced/358_left.jpg,static/img/f0ed737ca6e74b0cbd6de50805a186e4_358_left.jpg
2857,ba54006e9dc342f088af4972adb2c648,358_right.jpg,~/ml4img/f4dficimg/dif_orid5k_balanced/358_right.jpg,static/img/ba54006e9dc342f088af4972adb2c648_358_right.jpg
2858,fd0bf04d7e364cc7a08df8444d72c2ae,359_left.jpg,~/ml4img/f4dficimg/dif_orid5k_balanced/359_left.jpg,static/img/fd0bf04d7e364cc7a08df8444d72c2ae_359_left.jpg
2859,0bc314a649af4705bf23032df6bd4029,359_right.jpg,~/ml4img/f4dficimg/dif_orid5k_balanced/359_right.jpg,static/img/0bc314a649af4705bf23032df6bd4029_359_right.jpg
2860,0ea9a46d75764955bcf6a36870c6f4fc,360_left.jpg,~/ml4img/f4dficimg/dif_orid5k_balanced/360_left.jpg,static/img/0ea9a46d75764955bcf6a36870c6f4fc_360_left.jpg
2861,e4c6ba375dd340328468c80c2192c798,361_right.jpg,~/ml4img/f4dficimg/dif_orid5k_balanced/361_right.jpg,static/img/e4c6ba375dd340328468c80c2192c798_361_right.jpg
2862,171d674b8ddd4f8292f24b78f1661a5f,362_left.jpg,~/ml4img/f4dficimg/dif_orid5k_balanced/362_left.jpg,static/img/171d674b8ddd4f8292f24b78f1661a5f_362_left.jpg
2863,5dce64d569c64b8b9cb6faf6b24d7bf7,364_right.jpg,~/ml4img/f4dficimg/dif_orid5k_balanced/364_right.jpg,static/img/5dce64d569c64b8b9cb6faf6b24d7bf7_364_right.jpg
2864,ecacd097b87d4825bf3e3925363ec499,365_left.jpg,~/ml4img/f4dficimg/dif_orid5k_balanced/365_left.jpg,static/img/ecacd097b87d4825bf3e3925363ec499_365_left.jpg
2865,1782bc98012b441eae62d554d5030ca0,365_right.jpg,~/ml4img/f4dficimg/dif_orid5k_balanced/365_right.jpg,static/img/1782bc98012b441eae62d554d5030ca0_365_right.jpg
2866,5cabc1a9e10f4ac9abc2659c3535e8d6,367_right.jpg,~/ml4img/f4dficimg/dif_orid5k_balanced/367_right.jpg,static/img/5cabc1a9e10f4ac9abc2659c3535e8d6_367_right.jpg
2867,396ab341596d438e9f76676bc8f17a87,368_right.jpg,~/ml4img/f4dficimg/dif_orid5k_balanced/368_right.jpg,static/img/396ab341596d438e9f76676bc8f17a87_368_right.jpg
2868,1cf2fabb3d7c47f9899d9eb66b128d53,371_right.jpg,~/ml4img/f4dficimg/dif_orid5k_balanced/371_right.jpg,static/img/1cf2fabb3d7c47f9899d9eb66b128d53_371_right.jpg
2869,33a1a248fd6b460b80eeecae83cff7a6,372_left.jpg,~/ml4img/f4dficimg/dif_orid5k_balanced/372_left.jpg,static/img/33a1a248fd6b460b80eeecae83cff7a6_372_left.jpg
2870,11412b5aeb074d40b4578454f5c7d7dd,376_left.jpg,~/ml4img/f4dficimg/dif_orid5k_balanced/376_left.jpg,static/img/11412b5aeb074d40b4578454f5c7d7dd_376_left.jpg
2871,6fc0aac762294b84827c29161f1bb85d,377_left.jpg,~/ml4img/f4dficimg/dif_orid5k_balanced/377_left.jpg,static/img/6fc0aac762294b84827c29161f1bb85d_377_left.jpg
2872,80610a48f3d448b59ca57bc6b2fb2e84,378_right.jpg,~/ml4img/f4dficimg/dif_orid5k_balanced/378_right.jpg,static/img/80610a48f3d448b59ca57bc6b2fb2e84_378_right.jpg
2873,cbdd861bdbe44ec48af32118e5426ef7,379_right.jpg,~/ml4img/f4dficimg/dif_orid5k_balanced/379_right.jpg,static/img/cbdd861bdbe44ec48af32118e5426ef7_379_right.jpg
2874,86d440af5f3d47cbabee90190085209c,381_left.jpg,~/ml4img/f4dficimg/dif_orid5k_balanced/381_left.jpg,static/img/86d440af5f3d47cbabee90190085209c_381_left.jpg
2875,ee971ef855764d72b59e7c5a60880646,381_right.jpg,~/ml4img/f4dficimg/dif_orid5k_balanced/381_right.jpg,static/img/ee971ef855764d72b59e7c5a60880646_381_right.jpg
2876,91ad8ae2ca644c008ef369e5593523ec,382_right.jpg,~/ml4img/f4dficimg/dif_orid5k_balanced/382_right.jpg,static/img/91ad8ae2ca644c008ef369e5593523ec_382_right.jpg
2877,b7912460d20b42aa8f8a12a7e141e3c6,383_right.jpg,~/ml4img/f4dficimg/dif_orid5k_balanced/383_right.jpg,static/img/b7912460d20b42aa8f8a12a7e141e3c6_383_right.jpg
2878,72dd5987011d495bb12eeb202cbe1bbf,384_right.jpg,~/ml4img/f4dficimg/dif_orid5k_balanced/384_right.jpg,static/img/72dd5987011d495bb12eeb202cbe1bbf_384_right.jpg
2879,a00c41f01a5140a9ac5698adbabded98,385_left.jpg,~/ml4img/f4dficimg/dif_orid5k_balanced/385_left.jpg,static/img/a00c41f01a5140a9ac5698adbabded98_385_left.jpg
2880,7b3e3d91a23948f3995d20918becb394,385_right.jpg,~/ml4img/f4dficimg/dif_orid5k_balanced/385_right.jpg,static/img/7b3e3d91a23948f3995d20918becb394_385_right.jpg
2881,3c63dd9dab244c78b063733aec873bc9,386_right.jpg,~/ml4img/f4dficimg/dif_orid5k_balanced/386_right.jpg,static/img/3c63dd9dab244c78b063733aec873bc9_386_right.jpg
2882,9a6b47ba4a3e4e55b38270478637329d,388_right.jpg,~/ml4img/f4dficimg/dif_orid5k_balanced/388_right.jpg,static/img/9a6b47ba4a3e4e55b38270478637329d_388_right.jpg
2883,2ae537ad700d41488bbe99277ad62786,389_left.jpg,~/ml4img/f4dficimg/dif_orid5k_balanced/389_left.jpg,static/img/2ae537ad700d41488bbe99277ad62786_389_left.jpg
2884,fb3fb67f21c44594bc13680f0b76b156,391_right.jpg,~/ml4img/f4dficimg/dif_orid5k_balanced/391_right.jpg,static/img/fb3fb67f21c44594bc13680f0b76b156_391_right.jpg
2885,9a45b18691ff40829d8b8fce12300a72,393_right.jpg,~/ml4img/f4dficimg/dif_orid5k_balanced/393_right.jpg,static/img/9a45b18691ff40829d8b8fce12300a72_393_right.jpg
2886,7a99de8d247c4696b29dd74444286574,394_right.jpg,~/ml4img/f4dficimg/dif_orid5k_balanced/394_right.jpg,static/img/7a99de8d247c4696b29dd74444286574_394_right.jpg
2887,1cb83adf440b47c5a4b0dda286f6ecbc,396_right.jpg,~/ml4img/f4dficimg/dif_orid5k_balanced/396_right.jpg,static/img/1cb83adf440b47c5a4b0dda286f6ecbc_396_right.jpg
2888,8170675b09a047babc843f6298b55e2e,398_left.jpg,~/ml4img/f4dficimg/dif_orid5k_balanced/398_left.jpg,static/img/8170675b09a047babc843f6298b55e2e_398_left.jpg
2889,3bf80f9092b04bb6bb555a17ebd1a694,398_right.jpg,~/ml4img/f4dficimg/dif_orid5k_balanced/398_right.jpg,static/img/3bf80f9092b04bb6bb555a17ebd1a694_398_right.jpg
2890,71d01a123f0841b8b8223857c066edc2,399_right.jpg,~/ml4img/f4dficimg/dif_orid5k_balanced/399_right.jpg,static/img/71d01a123f0841b8b8223857c066edc2_399_right.jpg
2891,bb1f6ffe50654ec696e474518bd1d1ea,400_right.jpg,~/ml4img/f4dficimg/dif_orid5k_balanced/400_right.jpg,static/img/bb1f6ffe50654ec696e474518bd1d1ea_400_right.jpg
2892,a5c9a153e81241baaa2e469723b41688,402_right.jpg,~/ml4img/f4dficimg/dif_orid5k_balanced/402_right.jpg,static/img/a5c9a153e81241baaa2e469723b41688_402_right.jpg
2893,a34d9c3764064bceb5fe793738228f56,403_right.jpg,~/ml4img/f4dficimg/dif_orid5k_balanced/403_right.jpg,static/img/a34d9c3764064bceb5fe793738228f56_403_right.jpg
2894,daf2dfb6776b434da8446fc2f688eee1,404_left.jpg,~/ml4img/f4dficimg/dif_orid5k_balanced/404_left.jpg,static/img/daf2dfb6776b434da8446fc2f688eee1_404_left.jpg
2895,b249bd91c4e2428ead4970b2328ff6da,405_left.jpg,~/ml4img/f4dficimg/dif_orid5k_balanced/405_left.jpg,static/img/b249bd91c4e2428ead4970b2328ff6da_405_left.jpg
2896,8c37c791a4bd4e8294c7bd00f5576c0f,405_right.jpg,~/ml4img/f4dficimg/dif_orid5k_balanced/405_right.jpg,static/img/8c37c791a4bd4e8294c7bd00f5576c0f_405_right.jpg
2897,d3c6e2bcb2a44925b47a17cc03eef529,406_left.jpg,~/ml4img/f4dficimg/dif_orid5k_balanced/406_left.jpg,static/img/d3c6e2bcb2a44925b47a17cc03eef529_406_left.jpg
2898,bea6bc63f42a4af4a70a030732efda42,408_left.jpg,~/ml4img/f4dficimg/dif_orid5k_balanced/408_left.jpg,static/img/bea6bc63f42a4af4a70a030732efda42_408_left.jpg
2899,62517f0feb6a4efe8eea181089638807,410_left.jpg,~/ml4img/f4dficimg/dif_orid5k_balanced/410_left.jpg,static/img/62517f0feb6a4efe8eea181089638807_410_left.jpg
2900,de5169b4aa974136abb301efe12d89fa,411_left.jpg,~/ml4img/f4dficimg/dif_orid5k_balanced/411_left.jpg,static/img/de5169b4aa974136abb301efe12d89fa_411_left.jpg
2901,b1d5a106edd244c390019c02f76c7716,411_right.jpg,~/ml4img/f4dficimg/dif_orid5k_balanced/411_right.jpg,static/img/b1d5a106edd244c390019c02f76c7716_411_right.jpg
2902,18d736d6b2c340c58cbd7cf5be92ec0a,412_right.jpg,~/ml4img/f4dficimg/dif_orid5k_balanced/412_right.jpg,static/img/18d736d6b2c340c58cbd7cf5be92ec0a_412_right.jpg
2903,7584f67b78e348ea87678403f07419d7,414_right.jpg,~/ml4img/f4dficimg/dif_orid5k_balanced/414_right.jpg,static/img/7584f67b78e348ea87678403f07419d7_414_right.jpg
2904,ad9995584c994c179840d042e8c770a2,417_right.jpg,~/ml4img/f4dficimg/dif_orid5k_balanced/417_right.jpg,static/img/ad9995584c994c179840d042e8c770a2_417_right.jpg
2905,46948a5ab91c45e3ae80de6496bad237,420_left.jpg,~/ml4img/f4dficimg/dif_orid5k_balanced/420_left.jpg,static/img/46948a5ab91c45e3ae80de6496bad237_420_left.jpg
2906,dd8299fb27244f86885efd9c66ed887d,422_right.jpg,~/ml4img/f4dficimg/dif_orid5k_balanced/422_right.jpg,static/img/dd8299fb27244f86885efd9c66ed887d_422_right.jpg
2907,953cbd19fca64c2d9dd39b10ed9d8302,423_right.jpg,~/ml4img/f4dficimg/dif_orid5k_balanced/423_right.jpg,static/img/953cbd19fca64c2d9dd39b10ed9d8302_423_right.jpg
2908,517c7058a57248a5a1ee3c74976f5fdb,424_left.jpg,~/ml4img/f4dficimg/dif_orid5k_balanced/424_left.jpg,static/img/517c7058a57248a5a1ee3c74976f5fdb_424_left.jpg
2909,5e4378e717c04d40afdc5689523f0a62,424_right.jpg,~/ml4img/f4dficimg/dif_orid5k_balanced/424_right.jpg,static/img/5e4378e717c04d40afdc5689523f0a62_424_right.jpg
2910,989494371bf14386be52a315469b5a99,425_left.jpg,~/ml4img/f4dficimg/dif_orid5k_balanced/425_left.jpg,static/img/989494371bf14386be52a315469b5a99_425_left.jpg
2911,14dfcb724c06424ba2f8f1be9672dd34,426_left.jpg,~/ml4img/f4dficimg/dif_orid5k_balanced/426_left.jpg,static/img/14dfcb724c06424ba2f8f1be9672dd34_426_left.jpg
2912,9ac777d779224cef82c53c7e9169f841,431_left.jpg,~/ml4img/f4dficimg/dif_orid5k_balanced/431_left.jpg,static/img/9ac777d779224cef82c53c7e9169f841_431_left.jpg
2913,74f3771a810c415baf17bdd7c79ecfd1,434_left.jpg,~/ml4img/f4dficimg/dif_orid5k_balanced/434_left.jpg,static/img/74f3771a810c415baf17bdd7c79ecfd1_434_left.jpg
2914,a00a1c561f7e4ad3aa73ca3fd4d759ee,435_left.jpg,~/ml4img/f4dficimg/dif_orid5k_balanced/435_left.jpg,static/img/a00a1c561f7e4ad3aa73ca3fd4d759ee_435_left.jpg
2915,c61cbae57bd54ec98998427957b64589,437_right.jpg,~/ml4img/f4dficimg/dif_orid5k_balanced/437_right.jpg,static/img/c61cbae57bd54ec98998427957b64589_437_right.jpg
2916,80219f1df33647689a26ba220c6ccd36,440_left.jpg,~/ml4img/f4dficimg/dif_orid5k_balanced/440_left.jpg,static/img/80219f1df33647689a26ba220c6ccd36_440_left.jpg
2917,808ef8ca85d8400f9f4761bcdc14b097,441_right.jpg,~/ml4img/f4dficimg/dif_orid5k_balanced/441_right.jpg,static/img/808ef8ca85d8400f9f4761bcdc14b097_441_right.jpg
2918,f1f94b967bd746a5b417afbe467ad9df,442_left.jpg,~/ml4img/f4dficimg/dif_orid5k_balanced/442_left.jpg,static/img/f1f94b967bd746a5b417afbe467ad9df_442_left.jpg
2919,30bde97326674d3087b1c64e3f6104b4,443_right.jpg,~/ml4img/f4dficimg/dif_orid5k_balanced/443_right.jpg,static/img/30bde97326674d3087b1c64e3f6104b4_443_right.jpg
2920,8cb11dfa591745a9b87bf0de98a506de,444_left.jpg,~/ml4img/f4dficimg/dif_orid5k_balanced/444_left.jpg,static/img/8cb11dfa591745a9b87bf0de98a506de_444_left.jpg
2921,ce4acfa3572c4c2fa93e41e25fd02116,445_left.jpg,~/ml4img/f4dficimg/dif_orid5k_balanced/445_left.jpg,static/img/ce4acfa3572c4c2fa93e41e25fd02116_445_left.jpg
2922,4dbe3d6a46004c02ba6ce49b308e1784,446_left.jpg,~/ml4img/f4dficimg/dif_orid5k_balanced/446_left.jpg,static/img/4dbe3d6a46004c02ba6ce49b308e1784_446_left.jpg
2923,54cd4f23147f47c2aa869d900abb36d2,446_right.jpg,~/ml4img/f4dficimg/dif_orid5k_balanced/446_right.jpg,static/img/54cd4f23147f47c2aa869d900abb36d2_446_right.jpg
2924,1e6289e52cdd4abc863500a174898ab0,447_left.jpg,~/ml4img/f4dficimg/dif_orid5k_balanced/447_left.jpg,static/img/1e6289e52cdd4abc863500a174898ab0_447_left.jpg
2925,170f71b4fb924408813a69198db55bd0,447_right.jpg,~/ml4img/f4dficimg/dif_orid5k_balanced/447_right.jpg,static/img/170f71b4fb924408813a69198db55bd0_447_right.jpg
2926,d42f3ac09881422188422aef43c599cc,448_right.jpg,~/ml4img/f4dficimg/dif_orid5k_balanced/448_right.jpg,static/img/d42f3ac09881422188422aef43c599cc_448_right.jpg
2927,df90b342cddd49bbb8f37158500e2a6e,450_left.jpg,~/ml4img/f4dficimg/dif_orid5k_balanced/450_left.jpg,static/img/df90b342cddd49bbb8f37158500e2a6e_450_left.jpg
2928,f5f116b83ffb4ee58bfa02463c51f9ff,452_left.jpg,~/ml4img/f4dficimg/dif_orid5k_balanced/452_left.jpg,static/img/f5f116b83ffb4ee58bfa02463c51f9ff_452_left.jpg
2929,be8637a6e14a435c95d66eee6e9724fe,454_left.jpg,~/ml4img/f4dficimg/dif_orid5k_balanced/454_left.jpg,static/img/be8637a6e14a435c95d66eee6e9724fe_454_left.jpg
2930,b1b0af3ecfe446fcbff58c5f2c5a92e0,455_left.jpg,~/ml4img/f4dficimg/dif_orid5k_balanced/455_left.jpg,static/img/b1b0af3ecfe446fcbff58c5f2c5a92e0_455_left.jpg
2931,8ff0b24329b3470fa6fd8f48d91861f5,455_right.jpg,~/ml4img/f4dficimg/dif_orid5k_balanced/455_right.jpg,static/img/8ff0b24329b3470fa6fd8f48d91861f5_455_right.jpg
2932,b49058917bfd4378a8bd27748bd9316c,456_right.jpg,~/ml4img/f4dficimg/dif_orid5k_balanced/456_right.jpg,static/img/b49058917bfd4378a8bd27748bd9316c_456_right.jpg
2933,0e1687abd10c43bc9fc8aec59355d477,460_left.jpg,~/ml4img/f4dficimg/dif_orid5k_balanced/460_left.jpg,static/img/0e1687abd10c43bc9fc8aec59355d477_460_left.jpg
2934,7a7c2af0b63a4360a6892796f03c61ae,462_right.jpg,~/ml4img/f4dficimg/dif_orid5k_balanced/462_right.jpg,static/img/7a7c2af0b63a4360a6892796f03c61ae_462_right.jpg
2935,7265932c3f5a4bcc84e6dc07e10d9fa4,463_right.jpg,~/ml4img/f4dficimg/dif_orid5k_balanced/463_right.jpg,static/img/7265932c3f5a4bcc84e6dc07e10d9fa4_463_right.jpg
2936,a1987205742e4856bf119b4640c7800a,464_left.jpg,~/ml4img/f4dficimg/dif_orid5k_balanced/464_left.jpg,static/img/a1987205742e4856bf119b4640c7800a_464_left.jpg
2937,efe429c987e846f9a2e0209531b900d6,464_right.jpg,~/ml4img/f4dficimg/dif_orid5k_balanced/464_right.jpg,static/img/efe429c987e846f9a2e0209531b900d6_464_right.jpg
2938,dce34cee956e493f81fbfae6bdbbbd6f,465_left.jpg,~/ml4img/f4dficimg/dif_orid5k_balanced/465_left.jpg,static/img/dce34cee956e493f81fbfae6bdbbbd6f_465_left.jpg
2939,1f08fad53a354d60b3add7ca77305c05,468_left.jpg,~/ml4img/f4dficimg/dif_orid5k_balanced/468_left.jpg,static/img/1f08fad53a354d60b3add7ca77305c05_468_left.jpg
2940,2b23ecf29e66464d9d54b053c014acbc,469_right.jpg,~/ml4img/f4dficimg/dif_orid5k_balanced/469_right.jpg,static/img/2b23ecf29e66464d9d54b053c014acbc_469_right.jpg
2941,dd110540b726439b93ceaef1d52b78a7,470_right.jpg,~/ml4img/f4dficimg/dif_orid5k_balanced/470_right.jpg,static/img/dd110540b726439b93ceaef1d52b78a7_470_right.jpg
2942,2a0b944b98664fd88181f55e490dc3d9,473_right.jpg,~/ml4img/f4dficimg/dif_orid5k_balanced/473_right.jpg,static/img/2a0b944b98664fd88181f55e490dc3d9_473_right.jpg
2943,4399d421717349f0b48372f030d1023d,475_right.jpg,~/ml4img/f4dficimg/dif_orid5k_balanced/475_right.jpg,static/img/4399d421717349f0b48372f030d1023d_475_right.jpg
2944,629d1866afa94f8fac9711c2cd805ea3,476_right.jpg,~/ml4img/f4dficimg/dif_orid5k_balanced/476_right.jpg,static/img/629d1866afa94f8fac9711c2cd805ea3_476_right.jpg
2945,5f58d615db414c0db540eab332979307,478_right.jpg,~/ml4img/f4dficimg/dif_orid5k_balanced/478_right.jpg,static/img/5f58d615db414c0db540eab332979307_478_right.jpg
2946,92f22ebd3a6b408c9e18399f8239bc5f,479_right.jpg,~/ml4img/f4dficimg/dif_orid5k_balanced/479_right.jpg,static/img/92f22ebd3a6b408c9e18399f8239bc5f_479_right.jpg
2947,116e91646cb248fe9cb1d2db5ade597c,480_right.jpg,~/ml4img/f4dficimg/dif_orid5k_balanced/480_right.jpg,static/img/116e91646cb248fe9cb1d2db5ade597c_480_right.jpg
2948,b268fcd4edd341a2bd0c83124ea0f120,481_right.jpg,~/ml4img/f4dficimg/dif_orid5k_balanced/481_right.jpg,static/img/b268fcd4edd341a2bd0c83124ea0f120_481_right.jpg
2949,cc44a2bff67347658971ea1e996973ba,482_left.jpg,~/ml4img/f4dficimg/dif_orid5k_balanced/482_left.jpg,static/img/cc44a2bff67347658971ea1e996973ba_482_left.jpg
2950,99833897cdf84a35852cdb971e57835c,483_left.jpg,~/ml4img/f4dficimg/dif_orid5k_balanced/483_left.jpg,static/img/99833897cdf84a35852cdb971e57835c_483_left.jpg
2951,fbabea99319e45b38842e398e67c02a9,484_left.jpg,~/ml4img/f4dficimg/dif_orid5k_balanced/484_left.jpg,static/img/fbabea99319e45b38842e398e67c02a9_484_left.jpg
2952,8ad6170aa7204b2bbe2708f90002db50,486_left.jpg,~/ml4img/f4dficimg/dif_orid5k_balanced/486_left.jpg,static/img/8ad6170aa7204b2bbe2708f90002db50_486_left.jpg
2953,8eeae49eabe945c4b8dab07b69ccd7d8,486_right.jpg,~/ml4img/f4dficimg/dif_orid5k_balanced/486_right.jpg,static/img/8eeae49eabe945c4b8dab07b69ccd7d8_486_right.jpg
2954,23124741d4264b5abd4b1b0c550f7ccb,487_right.jpg,~/ml4img/f4dficimg/dif_orid5k_balanced/487_right.jpg,static/img/23124741d4264b5abd4b1b0c550f7ccb_487_right.jpg
2955,28b381b71cea4f7ea701816019acdab6,488_left.jpg,~/ml4img/f4dficimg/dif_orid5k_balanced/488_left.jpg,static/img/28b381b71cea4f7ea701816019acdab6_488_left.jpg
2956,6a47785bd9f94847b0ac6371a5847dbd,489_right.jpg,~/ml4img/f4dficimg/dif_orid5k_balanced/489_right.jpg,static/img/6a47785bd9f94847b0ac6371a5847dbd_489_right.jpg
2957,405334b9af6b41e9b553e6b118aa807b,491_right.jpg,~/ml4img/f4dficimg/dif_orid5k_balanced/491_right.jpg,static/img/405334b9af6b41e9b553e6b118aa807b_491_right.jpg
2958,be963a4e5f214bdd9a79476925e9d5dd,492_left.jpg,~/ml4img/f4dficimg/dif_orid5k_balanced/492_left.jpg,static/img/be963a4e5f214bdd9a79476925e9d5dd_492_left.jpg
2959,ef18bed5fc024ab9b2fe31f37ba9c21e,492_right.jpg,~/ml4img/f4dficimg/dif_orid5k_balanced/492_right.jpg,static/img/ef18bed5fc024ab9b2fe31f37ba9c21e_492_right.jpg
2960,0449da5353554a66a8a9531c8015b32a,494_right.jpg,~/ml4img/f4dficimg/dif_orid5k_balanced/494_right.jpg,static/img/0449da5353554a66a8a9531c8015b32a_494_right.jpg
2961,e23e516cb5734f70b53cb68261750203,495_right.jpg,~/ml4img/f4dficimg/dif_orid5k_balanced/495_right.jpg,static/img/e23e516cb5734f70b53cb68261750203_495_right.jpg
2962,fefd8497efc34470bc66e84b9c4a9b42,496_left.jpg,~/ml4img/f4dficimg/dif_orid5k_balanced/496_left.jpg,static/img/fefd8497efc34470bc66e84b9c4a9b42_496_left.jpg
2963,ae96661a97ae49c286e2889c4b8a0f0a,498_right.jpg,~/ml4img/f4dficimg/dif_orid5k_balanced/498_right.jpg,static/img/ae96661a97ae49c286e2889c4b8a0f0a_498_right.jpg
2964,61ff444a459a461eadc169db55ae5e23,500_left.jpg,~/ml4img/f4dficimg/dif_orid5k_balanced/500_left.jpg,static/img/61ff444a459a461eadc169db55ae5e23_500_left.jpg
2965,68017a3d51e74336856bce1431374085,501_right.jpg,~/ml4img/f4dficimg/dif_orid5k_balanced/501_right.jpg,static/img/68017a3d51e74336856bce1431374085_501_right.jpg
2966,045ea03af89f4815b99234f889f03945,502_right.jpg,~/ml4img/f4dficimg/dif_orid5k_balanced/502_right.jpg,static/img/045ea03af89f4815b99234f889f03945_502_right.jpg
2967,ca495c4bf6244705891c41669d472b9b,507_left.jpg,~/ml4img/f4dficimg/dif_orid5k_balanced/507_left.jpg,static/img/ca495c4bf6244705891c41669d472b9b_507_left.jpg
2968,58bdee6535e74b43a89b64e439f9d599,508_left.jpg,~/ml4img/f4dficimg/dif_orid5k_balanced/508_left.jpg,static/img/58bdee6535e74b43a89b64e439f9d599_508_left.jpg
2969,0bb427a1ad494d148b142c8cf8b4c1c8,508_right.jpg,~/ml4img/f4dficimg/dif_orid5k_balanced/508_right.jpg,static/img/0bb427a1ad494d148b142c8cf8b4c1c8_508_right.jpg
2970,6239b72d07044842960c4e0412b74c79,509_left.jpg,~/ml4img/f4dficimg/dif_orid5k_balanced/509_left.jpg,static/img/6239b72d07044842960c4e0412b74c79_509_left.jpg
2971,fafce72caae94278adccda6dfc4484b9,509_right.jpg,~/ml4img/f4dficimg/dif_orid5k_balanced/509_right.jpg,static/img/fafce72caae94278adccda6dfc4484b9_509_right.jpg
2972,b6bcd83973a448699e57ee627f4d6ca0,510_left.jpg,~/ml4img/f4dficimg/dif_orid5k_balanced/510_left.jpg,static/img/b6bcd83973a448699e57ee627f4d6ca0_510_left.jpg
2973,31942e8f704b4b34a6ba6e9c3bc5a4cf,511_left.jpg,~/ml4img/f4dficimg/dif_orid5k_balanced/511_left.jpg,static/img/31942e8f704b4b34a6ba6e9c3bc5a4cf_511_left.jpg
2974,10784343e6a247b1b2241e1ce92115db,514_right.jpg,~/ml4img/f4dficimg/dif_orid5k_balanced/514_right.jpg,static/img/10784343e6a247b1b2241e1ce92115db_514_right.jpg
2975,274dac8b898c4c28912c6672f1e4984d,515_left.jpg,~/ml4img/f4dficimg/dif_orid5k_balanced/515_left.jpg,static/img/274dac8b898c4c28912c6672f1e4984d_515_left.jpg
2976,c8e6a06eeb33485bafb89e11c7398644,515_right.jpg,~/ml4img/f4dficimg/dif_orid5k_balanced/515_right.jpg,static/img/c8e6a06eeb33485bafb89e11c7398644_515_right.jpg
2977,542fee633625411d89910e33d55d0e24,517_left.jpg,~/ml4img/f4dficimg/dif_orid5k_balanced/517_left.jpg,static/img/542fee633625411d89910e33d55d0e24_517_left.jpg
2978,3f9127044ce24f3a9d33145c74056aaa,517_right.jpg,~/ml4img/f4dficimg/dif_orid5k_balanced/517_right.jpg,static/img/3f9127044ce24f3a9d33145c74056aaa_517_right.jpg
2979,0a6f1a88cecb41378ffd6f2b912312f7,518_right.jpg,~/ml4img/f4dficimg/dif_orid5k_balanced/518_right.jpg,static/img/0a6f1a88cecb41378ffd6f2b912312f7_518_right.jpg
2980,7c65655c302442098b9dc014953a1d2e,519_right.jpg,~/ml4img/f4dficimg/dif_orid5k_balanced/519_right.jpg,static/img/7c65655c302442098b9dc014953a1d2e_519_right.jpg
2981,764def7c8a06456db27cb1d6b5b67085,520_right.jpg,~/ml4img/f4dficimg/dif_orid5k_balanced/520_right.jpg,static/img/764def7c8a06456db27cb1d6b5b67085_520_right.jpg
2982,63250d9bc4f948c999c3cdda53e2c097,521_right.jpg,~/ml4img/f4dficimg/dif_orid5k_balanced/521_right.jpg,static/img/63250d9bc4f948c999c3cdda53e2c097_521_right.jpg
2983,c7a0cbe8f258450c9b797809fb10b8fc,525_right.jpg,~/ml4img/f4dficimg/dif_orid5k_balanced/525_right.jpg,static/img/c7a0cbe8f258450c9b797809fb10b8fc_525_right.jpg
2984,6792fe9b61b24620a5f3764557ac96a3,529_left.jpg,~/ml4img/f4dficimg/dif_orid5k_balanced/529_left.jpg,static/img/6792fe9b61b24620a5f3764557ac96a3_529_left.jpg
2985,ab3a24a509374b9680afba14e1b765b2,530_left.jpg,~/ml4img/f4dficimg/dif_orid5k_balanced/530_left.jpg,static/img/ab3a24a509374b9680afba14e1b765b2_530_left.jpg
2986,6a84da9762b5441db9b4e93778aa0cb9,531_right.jpg,~/ml4img/f4dficimg/dif_orid5k_balanced/531_right.jpg,static/img/6a84da9762b5441db9b4e93778aa0cb9_531_right.jpg
2987,1daf672fa42e46dcb0062b5f667a9ada,532_left.jpg,~/ml4img/f4dficimg/dif_orid5k_balanced/532_left.jpg,static/img/1daf672fa42e46dcb0062b5f667a9ada_532_left.jpg
2988,5a1b7a60ffc847caa880b43801bbb74d,532_right.jpg,~/ml4img/f4dficimg/dif_orid5k_balanced/532_right.jpg,static/img/5a1b7a60ffc847caa880b43801bbb74d_532_right.jpg
2989,70d9b8dadc364c3992890e81b5070c76,533_left.jpg,~/ml4img/f4dficimg/dif_orid5k_balanced/533_left.jpg,static/img/70d9b8dadc364c3992890e81b5070c76_533_left.jpg
2990,82cfd6ef67e74e7eb00780901f2e8da6,535_left.jpg,~/ml4img/f4dficimg/dif_orid5k_balanced/535_left.jpg,static/img/82cfd6ef67e74e7eb00780901f2e8da6_535_left.jpg
2991,2cfc6ffdfa364f5aa82d8a622047248c,536_left.jpg,~/ml4img/f4dficimg/dif_orid5k_balanced/536_left.jpg,static/img/2cfc6ffdfa364f5aa82d8a622047248c_536_left.jpg
2992,c37e3f080ce54df89f72957e2a58554b,537_right.jpg,~/ml4img/f4dficimg/dif_orid5k_balanced/537_right.jpg,static/img/c37e3f080ce54df89f72957e2a58554b_537_right.jpg
2993,873e6df2f63f4f04936cced7405481fd,538_left.jpg,~/ml4img/f4dficimg/dif_orid5k_balanced/538_left.jpg,static/img/873e6df2f63f4f04936cced7405481fd_538_left.jpg
2994,962b463c92c740d6a51a0fb5fc8f88b8,540_right.jpg,~/ml4img/f4dficimg/dif_orid5k_balanced/540_right.jpg,static/img/962b463c92c740d6a51a0fb5fc8f88b8_540_right.jpg
2995,c9d8d5a7ddaf47cfa35315c6a8541de6,542_left.jpg,~/ml4img/f4dficimg/dif_orid5k_balanced/542_left.jpg,static/img/c9d8d5a7ddaf47cfa35315c6a8541de6_542_left.jpg
2996,cee563b76cf14e89b9c168786178d98f,542_right.jpg,~/ml4img/f4dficimg/dif_orid5k_balanced/542_right.jpg,static/img/cee563b76cf14e89b9c168786178d98f_542_right.jpg
2997,f8c1e0248e564aaeb19987770e734f1c,543_right.jpg,~/ml4img/f4dficimg/dif_orid5k_balanced/543_right.jpg,static/img/f8c1e0248e564aaeb19987770e734f1c_543_right.jpg
2998,dcfcaf54cfbe4ec29854774c3dc42cdc,545_left.jpg,~/ml4img/f4dficimg/dif_orid5k_balanced/545_left.jpg,static/img/dcfcaf54cfbe4ec29854774c3dc42cdc_545_left.jpg
2999,0f8e9a74a8a441009d5e9d0ef0ae3382,546_left.jpg,~/ml4img/f4dficimg/dif_orid5k_balanced/546_left.jpg,static/img/0f8e9a74a8a441009d5e9d0ef0ae3382_546_left.jpg
3000,32f541fb4fe34d76a27caa62541eb721,549_left.jpg,~/ml4img/f4dficimg/dif_orid5k_balanced/549_left.jpg,static/img/32f541fb4fe34d76a27caa62541eb721_549_left.jpg
3001,30c40a128bcd41b59f3828118f174e30,550_left.jpg,~/ml4img/f4dficimg/dif_orid5k_balanced/550_left.jpg,static/img/30c40a128bcd41b59f3828118f174e30_550_left.jpg
3002,859a244429664aa2bc2a1f4dfcacd801,550_right.jpg,~/ml4img/f4dficimg/dif_orid5k_balanced/550_right.jpg,static/img/859a244429664aa2bc2a1f4dfcacd801_550_right.jpg
3003,1a70e38b737c4a129170f91fa5d93860,551_left.jpg,~/ml4img/f4dficimg/dif_orid5k_balanced/551_left.jpg,static/img/1a70e38b737c4a129170f91fa5d93860_551_left.jpg
3004,38608e20c3854b45a72bfc18465e5a93,552_left.jpg,~/ml4img/f4dficimg/dif_orid5k_balanced/552_left.jpg,static/img/38608e20c3854b45a72bfc18465e5a93_552_left.jpg
3005,1651603b1cc84d179388adbb0d22c616,552_right.jpg,~/ml4img/f4dficimg/dif_orid5k_balanced/552_right.jpg,static/img/1651603b1cc84d179388adbb0d22c616_552_right.jpg
3006,95232927ff4542deae136f3a2c954589,553_left.jpg,~/ml4img/f4dficimg/dif_orid5k_balanced/553_left.jpg,static/img/95232927ff4542deae136f3a2c954589_553_left.jpg
3007,55d8998d0b2c4b49b7f31331a9399589,554_right.jpg,~/ml4img/f4dficimg/dif_orid5k_balanced/554_right.jpg,static/img/55d8998d0b2c4b49b7f31331a9399589_554_right.jpg
3008,184e5cdb28aa42c78d1dbbfdf580c95f,555_right.jpg,~/ml4img/f4dficimg/dif_orid5k_balanced/555_right.jpg,static/img/184e5cdb28aa42c78d1dbbfdf580c95f_555_right.jpg
3009,550f63b533064c8b89ed1ad0af097016,556_right.jpg,~/ml4img/f4dficimg/dif_orid5k_balanced/556_right.jpg,static/img/550f63b533064c8b89ed1ad0af097016_556_right.jpg
3010,ccf358cb3f9943278f5f826697476acc,558_left.jpg,~/ml4img/f4dficimg/dif_orid5k_balanced/558_left.jpg,static/img/ccf358cb3f9943278f5f826697476acc_558_left.jpg
3011,f7f2c63af6b446629ba217d2a85497c1,561_right.jpg,~/ml4img/f4dficimg/dif_orid5k_balanced/561_right.jpg,static/img/f7f2c63af6b446629ba217d2a85497c1_561_right.jpg
3012,cc1503f713d9467da1fbc83ab4b72889,563_left.jpg,~/ml4img/f4dficimg/dif_orid5k_balanced/563_left.jpg,static/img/cc1503f713d9467da1fbc83ab4b72889_563_left.jpg
3013,dab70327c07a4f1cadf7108dfd77bdee,563_right.jpg,~/ml4img/f4dficimg/dif_orid5k_balanced/563_right.jpg,static/img/dab70327c07a4f1cadf7108dfd77bdee_563_right.jpg
3014,baa6012b1c654f13b3d7eda63f1c0744,565_right.jpg,~/ml4img/f4dficimg/dif_orid5k_balanced/565_right.jpg,static/img/baa6012b1c654f13b3d7eda63f1c0744_565_right.jpg
3015,030e7f3bfb0e402591700b5f0a570de2,566_left.jpg,~/ml4img/f4dficimg/dif_orid5k_balanced/566_left.jpg,static/img/030e7f3bfb0e402591700b5f0a570de2_566_left.jpg
3016,b63e2e914149495e8d912fa9ff238bad,567_right.jpg,~/ml4img/f4dficimg/dif_orid5k_balanced/567_right.jpg,static/img/b63e2e914149495e8d912fa9ff238bad_567_right.jpg
3017,7704edb1478b448198a769c2b2f25e0f,570_left.jpg,~/ml4img/f4dficimg/dif_orid5k_balanced/570_left.jpg,static/img/7704edb1478b448198a769c2b2f25e0f_570_left.jpg
3018,c656a70c5a4b46feb02eb37e3a4fd9a2,571_left.jpg,~/ml4img/f4dficimg/dif_orid5k_balanced/571_left.jpg,static/img/c656a70c5a4b46feb02eb37e3a4fd9a2_571_left.jpg
3019,0349f75f61854eeea5a92e91b335631d,572_right.jpg,~/ml4img/f4dficimg/dif_orid5k_balanced/572_right.jpg,static/img/0349f75f61854eeea5a92e91b335631d_572_right.jpg
3020,badadf1be0474002874d0b3ae9e1fb29,574_right.jpg,~/ml4img/f4dficimg/dif_orid5k_balanced/574_right.jpg,static/img/badadf1be0474002874d0b3ae9e1fb29_574_right.jpg
3021,d59a90a40abd46a78f971910aa8558f5,575_left.jpg,~/ml4img/f4dficimg/dif_orid5k_balanced/575_left.jpg,static/img/d59a90a40abd46a78f971910aa8558f5_575_left.jpg
3022,1166b314e92b4dc09b59c2d09715c6a4,576_left.jpg,~/ml4img/f4dficimg/dif_orid5k_balanced/576_left.jpg,static/img/1166b314e92b4dc09b59c2d09715c6a4_576_left.jpg
3023,8dc8bfcaebad45709dc55934b32ca6c2,579_right.jpg,~/ml4img/f4dficimg/dif_orid5k_balanced/579_right.jpg,static/img/8dc8bfcaebad45709dc55934b32ca6c2_579_right.jpg
3024,265e125920e74a2390d038cd5d32023e,582_left.jpg,~/ml4img/f4dficimg/dif_orid5k_balanced/582_left.jpg,static/img/265e125920e74a2390d038cd5d32023e_582_left.jpg
3025,e8c70a650c8543d79eac2c5a57c1e169,582_right.jpg,~/ml4img/f4dficimg/dif_orid5k_balanced/582_right.jpg,static/img/e8c70a650c8543d79eac2c5a57c1e169_582_right.jpg
3026,90ed1fcdad654b1fb1f9bc164a7797e4,584_left.jpg,~/ml4img/f4dficimg/dif_orid5k_balanced/584_left.jpg,static/img/90ed1fcdad654b1fb1f9bc164a7797e4_584_left.jpg
3027,6125529ac0d743d7a58f607282a2332f,585_left.jpg,~/ml4img/f4dficimg/dif_orid5k_balanced/585_left.jpg,static/img/6125529ac0d743d7a58f607282a2332f_585_left.jpg
3028,f93b2d75c2b243849c7be6dea3710537,587_right.jpg,~/ml4img/f4dficimg/dif_orid5k_balanced/587_right.jpg,static/img/f93b2d75c2b243849c7be6dea3710537_587_right.jpg
3029,41a79acdeff946b9a2fe04c1999750c2,588_left.jpg,~/ml4img/f4dficimg/dif_orid5k_balanced/588_left.jpg,static/img/41a79acdeff946b9a2fe04c1999750c2_588_left.jpg
3030,215d11ec8d4d4f62866967d383b3d11e,589_left.jpg,~/ml4img/f4dficimg/dif_orid5k_balanced/589_left.jpg,static/img/215d11ec8d4d4f62866967d383b3d11e_589_left.jpg
3031,058a779bc84043c8aa87e4624cf6d514,590_left.jpg,~/ml4img/f4dficimg/dif_orid5k_balanced/590_left.jpg,static/img/058a779bc84043c8aa87e4624cf6d514_590_left.jpg
3032,9d0b3cb80d5e4150b669cd0b9f8a1295,591_left.jpg,~/ml4img/f4dficimg/dif_orid5k_balanced/591_left.jpg,static/img/9d0b3cb80d5e4150b669cd0b9f8a1295_591_left.jpg
3033,4a3b9d3d37454f6c80a90d7fe03935c2,594_right.jpg,~/ml4img/f4dficimg/dif_orid5k_balanced/594_right.jpg,static/img/4a3b9d3d37454f6c80a90d7fe03935c2_594_right.jpg
3034,736c8ffc6f40471f8be75c74f5da46a7,595_left.jpg,~/ml4img/f4dficimg/dif_orid5k_balanced/595_left.jpg,static/img/736c8ffc6f40471f8be75c74f5da46a7_595_left.jpg
3035,21ff704a8aea4a459466c07d5d488071,598_left.jpg,~/ml4img/f4dficimg/dif_orid5k_balanced/598_left.jpg,static/img/21ff704a8aea4a459466c07d5d488071_598_left.jpg
3036,00d0aa04752e4abf95007662485dfada,599_left.jpg,~/ml4img/f4dficimg/dif_orid5k_balanced/599_left.jpg,static/img/00d0aa04752e4abf95007662485dfada_599_left.jpg
3037,7fcede68b40b4613b4e4cf71126a77e4,599_right.jpg,~/ml4img/f4dficimg/dif_orid5k_balanced/599_right.jpg,static/img/7fcede68b40b4613b4e4cf71126a77e4_599_right.jpg
3038,806c601be1eb485683d75607a41c5b44,600_left.jpg,~/ml4img/f4dficimg/dif_orid5k_balanced/600_left.jpg,static/img/806c601be1eb485683d75607a41c5b44_600_left.jpg
3039,e91531528f4044cc93dbf380b9967a5a,601_right.jpg,~/ml4img/f4dficimg/dif_orid5k_balanced/601_right.jpg,static/img/e91531528f4044cc93dbf380b9967a5a_601_right.jpg
3040,40a14ac55b4d4485a33e3e1b8d7c4b71,602_right.jpg,~/ml4img/f4dficimg/dif_orid5k_balanced/602_right.jpg,static/img/40a14ac55b4d4485a33e3e1b8d7c4b71_602_right.jpg
3041,85c38e91a6444b258abf91ab09a3037c,604_right.jpg,~/ml4img/f4dficimg/dif_orid5k_balanced/604_right.jpg,static/img/85c38e91a6444b258abf91ab09a3037c_604_right.jpg
3042,4c1da1a3aa1545f283140161941c9ec2,605_right.jpg,~/ml4img/f4dficimg/dif_orid5k_balanced/605_right.jpg,static/img/4c1da1a3aa1545f283140161941c9ec2_605_right.jpg
3043,ecf1f2bff32d433c83a2f093027d8b73,606_left.jpg,~/ml4img/f4dficimg/dif_orid5k_balanced/606_left.jpg,static/img/ecf1f2bff32d433c83a2f093027d8b73_606_left.jpg
3044,b6a6679727dc46119c044ce8f71c4142,607_left.jpg,~/ml4img/f4dficimg/dif_orid5k_balanced/607_left.jpg,static/img/b6a6679727dc46119c044ce8f71c4142_607_left.jpg
3045,1f9a5592cfb8450eb3308f9b868949f4,607_right.jpg,~/ml4img/f4dficimg/dif_orid5k_balanced/607_right.jpg,static/img/1f9a5592cfb8450eb3308f9b868949f4_607_right.jpg
3046,e19564afe9db47069fa444e06e6ac9ca,609_left.jpg,~/ml4img/f4dficimg/dif_orid5k_balanced/609_left.jpg,static/img/e19564afe9db47069fa444e06e6ac9ca_609_left.jpg
3047,a970ea89b37c4adf900ca868b20cef53,609_right.jpg,~/ml4img/f4dficimg/dif_orid5k_balanced/609_right.jpg,static/img/a970ea89b37c4adf900ca868b20cef53_609_right.jpg
3048,d70e70c361f64ed6886cda0278b6e8cd,611_right.jpg,~/ml4img/f4dficimg/dif_orid5k_balanced/611_right.jpg,static/img/d70e70c361f64ed6886cda0278b6e8cd_611_right.jpg
3049,137173fe687546f290c1ee17879fdeb2,612_right.jpg,~/ml4img/f4dficimg/dif_orid5k_balanced/612_right.jpg,static/img/137173fe687546f290c1ee17879fdeb2_612_right.jpg
3050,2334f002c82f44f1b930ee06a7ea2604,613_left.jpg,~/ml4img/f4dficimg/dif_orid5k_balanced/613_left.jpg,static/img/2334f002c82f44f1b930ee06a7ea2604_613_left.jpg
3051,a7addceec1c741db9ceec50afce781b3,614_left.jpg,~/ml4img/f4dficimg/dif_orid5k_balanced/614_left.jpg,static/img/a7addceec1c741db9ceec50afce781b3_614_left.jpg
3052,3c4b64755d474eb1afd8dbce5ac815e6,616_right.jpg,~/ml4img/f4dficimg/dif_orid5k_balanced/616_right.jpg,static/img/3c4b64755d474eb1afd8dbce5ac815e6_616_right.jpg
3053,78efca45932f4235b90293b5e754144b,617_left.jpg,~/ml4img/f4dficimg/dif_orid5k_balanced/617_left.jpg,static/img/78efca45932f4235b90293b5e754144b_617_left.jpg
3054,d1150b266f2e4cbb8ce04dd464f4e54e,618_left.jpg,~/ml4img/f4dficimg/dif_orid5k_balanced/618_left.jpg,static/img/d1150b266f2e4cbb8ce04dd464f4e54e_618_left.jpg
3055,b082349a7b114e8e91fbf8d9023b600d,618_right.jpg,~/ml4img/f4dficimg/dif_orid5k_balanced/618_right.jpg,static/img/b082349a7b114e8e91fbf8d9023b600d_618_right.jpg
3056,f7cbae47e1634104a486eb7245439f64,619_left.jpg,~/ml4img/f4dficimg/dif_orid5k_balanced/619_left.jpg,static/img/f7cbae47e1634104a486eb7245439f64_619_left.jpg
3057,18ecfc37b2a54d4b9ce3b9e64a7a0bf4,621_left.jpg,~/ml4img/f4dficimg/dif_orid5k_balanced/621_left.jpg,static/img/18ecfc37b2a54d4b9ce3b9e64a7a0bf4_621_left.jpg
3058,cbff66732bbc4b87b4b334a0859e5a4d,621_right.jpg,~/ml4img/f4dficimg/dif_orid5k_balanced/621_right.jpg,static/img/cbff66732bbc4b87b4b334a0859e5a4d_621_right.jpg
3059,42843bbe073d441f9c43d45cacd201e4,623_right.jpg,~/ml4img/f4dficimg/dif_orid5k_balanced/623_right.jpg,static/img/42843bbe073d441f9c43d45cacd201e4_623_right.jpg
3060,6ce738e7f70f4669b2870cd32a5ba7f3,625_right.jpg,~/ml4img/f4dficimg/dif_orid5k_balanced/625_right.jpg,static/img/6ce738e7f70f4669b2870cd32a5ba7f3_625_right.jpg
3061,4274630d8acd42a9b9441924d1382506,628_left.jpg,~/ml4img/f4dficimg/dif_orid5k_balanced/628_left.jpg,static/img/4274630d8acd42a9b9441924d1382506_628_left.jpg
3062,7dda0ed70a4c41dba957329076e5a803,629_right.jpg,~/ml4img/f4dficimg/dif_orid5k_balanced/629_right.jpg,static/img/7dda0ed70a4c41dba957329076e5a803_629_right.jpg
3063,512e7e7067fd4b759fcb531b3529dfa5,630_right.jpg,~/ml4img/f4dficimg/dif_orid5k_balanced/630_right.jpg,static/img/512e7e7067fd4b759fcb531b3529dfa5_630_right.jpg
3064,3d95c1d26857419c96610139836154cf,632_right.jpg,~/ml4img/f4dficimg/dif_orid5k_balanced/632_right.jpg,static/img/3d95c1d26857419c96610139836154cf_632_right.jpg
3065,826a2da5face46b6b40c98b525df8882,633_left.jpg,~/ml4img/f4dficimg/dif_orid5k_balanced/633_left.jpg,static/img/826a2da5face46b6b40c98b525df8882_633_left.jpg
3066,5c3ad951b9c145cda80aa42ea35d4ef4,634_right.jpg,~/ml4img/f4dficimg/dif_orid5k_balanced/634_right.jpg,static/img/5c3ad951b9c145cda80aa42ea35d4ef4_634_right.jpg
3067,d4792401fbd9486793bb3b5cd82e0517,635_left.jpg,~/ml4img/f4dficimg/dif_orid5k_balanced/635_left.jpg,static/img/d4792401fbd9486793bb3b5cd82e0517_635_left.jpg
3068,4a927d591b8b429f871fab6994b44655,635_right.jpg,~/ml4img/f4dficimg/dif_orid5k_balanced/635_right.jpg,static/img/4a927d591b8b429f871fab6994b44655_635_right.jpg
3069,3f2b18a4f0e04aa295a099a6ea13f462,638_right.jpg,~/ml4img/f4dficimg/dif_orid5k_balanced/638_right.jpg,static/img/3f2b18a4f0e04aa295a099a6ea13f462_638_right.jpg
3070,b80b367927134d0e96e09b9c87f7bd55,639_left.jpg,~/ml4img/f4dficimg/dif_orid5k_balanced/639_left.jpg,static/img/b80b367927134d0e96e09b9c87f7bd55_639_left.jpg
3071,48996a060d724043994737e51f8eb687,639_right.jpg,~/ml4img/f4dficimg/dif_orid5k_balanced/639_right.jpg,static/img/48996a060d724043994737e51f8eb687_639_right.jpg
3072,6b2aac1b0ace437db1b4cb8e9211f859,640_right.jpg,~/ml4img/f4dficimg/dif_orid5k_balanced/640_right.jpg,static/img/6b2aac1b0ace437db1b4cb8e9211f859_640_right.jpg
3073,45208ace09fe452a95e88300cc2922bf,641_left.jpg,~/ml4img/f4dficimg/dif_orid5k_balanced/641_left.jpg,static/img/45208ace09fe452a95e88300cc2922bf_641_left.jpg
3074,b694bc2e37a14cfdabfcbbddddba52ad,641_right.jpg,~/ml4img/f4dficimg/dif_orid5k_balanced/641_right.jpg,static/img/b694bc2e37a14cfdabfcbbddddba52ad_641_right.jpg
3075,b72392744d8f40d88dd981e597bc837e,642_left.jpg,~/ml4img/f4dficimg/dif_orid5k_balanced/642_left.jpg,static/img/b72392744d8f40d88dd981e597bc837e_642_left.jpg
3076,3f9507d83aad4a2b83c25923208a0fa7,644_left.jpg,~/ml4img/f4dficimg/dif_orid5k_balanced/644_left.jpg,static/img/3f9507d83aad4a2b83c25923208a0fa7_644_left.jpg
3077,518182a4178941d881e683a5db4c6803,644_right.jpg,~/ml4img/f4dficimg/dif_orid5k_balanced/644_right.jpg,static/img/518182a4178941d881e683a5db4c6803_644_right.jpg
3078,f7afe1c6d9ee4f8fb31d68f27753c7be,645_left.jpg,~/ml4img/f4dficimg/dif_orid5k_balanced/645_left.jpg,static/img/f7afe1c6d9ee4f8fb31d68f27753c7be_645_left.jpg
3079,9598e5b54e5f443888c86cf23d2c8e5e,647_right.jpg,~/ml4img/f4dficimg/dif_orid5k_balanced/647_right.jpg,static/img/9598e5b54e5f443888c86cf23d2c8e5e_647_right.jpg
3080,c2d2c80dfbdc47c2ba783eb5f5a00624,648_right.jpg,~/ml4img/f4dficimg/dif_orid5k_balanced/648_right.jpg,static/img/c2d2c80dfbdc47c2ba783eb5f5a00624_648_right.jpg
3081,bd97209541234de8abf219b3299e4dcf,649_right.jpg,~/ml4img/f4dficimg/dif_orid5k_balanced/649_right.jpg,static/img/bd97209541234de8abf219b3299e4dcf_649_right.jpg
3082,2e9e86e983d04adb84122b3443a0b53f,651_left.jpg,~/ml4img/f4dficimg/dif_orid5k_balanced/651_left.jpg,static/img/2e9e86e983d04adb84122b3443a0b53f_651_left.jpg
3083,67f184b568c248a3ae1affa9c42b9d3c,653_right.jpg,~/ml4img/f4dficimg/dif_orid5k_balanced/653_right.jpg,static/img/67f184b568c248a3ae1affa9c42b9d3c_653_right.jpg
3084,c27b9a8862234b288e68a2df940c8b9a,654_left.jpg,~/ml4img/f4dficimg/dif_orid5k_balanced/654_left.jpg,static/img/c27b9a8862234b288e68a2df940c8b9a_654_left.jpg
3085,1d92cf4824314d9680d40ceb18b0fdc6,657_left.jpg,~/ml4img/f4dficimg/dif_orid5k_balanced/657_left.jpg,static/img/1d92cf4824314d9680d40ceb18b0fdc6_657_left.jpg
3086,a2d795ff935e42e7b98575f6b1da2d7a,657_right.jpg,~/ml4img/f4dficimg/dif_orid5k_balanced/657_right.jpg,static/img/a2d795ff935e42e7b98575f6b1da2d7a_657_right.jpg
3087,0cfab1870806496487140f2350df2ed7,660_left.jpg,~/ml4img/f4dficimg/dif_orid5k_balanced/660_left.jpg,static/img/0cfab1870806496487140f2350df2ed7_660_left.jpg
3088,cf72499ea0414a6087eb518a1f54cb4f,661_left.jpg,~/ml4img/f4dficimg/dif_orid5k_balanced/661_left.jpg,static/img/cf72499ea0414a6087eb518a1f54cb4f_661_left.jpg
3089,5b140d8cc18c41be925595a444c06960,664_left.jpg,~/ml4img/f4dficimg/dif_orid5k_balanced/664_left.jpg,static/img/5b140d8cc18c41be925595a444c06960_664_left.jpg
3090,3bb7d53de5554cc09d2431bdb82bf198,665_left.jpg,~/ml4img/f4dficimg/dif_orid5k_balanced/665_left.jpg,static/img/3bb7d53de5554cc09d2431bdb82bf198_665_left.jpg
3091,71d48e1659a44cf9a982419f4bc432e5,665_right.jpg,~/ml4img/f4dficimg/dif_orid5k_balanced/665_right.jpg,static/img/71d48e1659a44cf9a982419f4bc432e5_665_right.jpg
3092,7f3ded41a0864df0ba2f756e967ce117,666_left.jpg,~/ml4img/f4dficimg/dif_orid5k_balanced/666_left.jpg,static/img/7f3ded41a0864df0ba2f756e967ce117_666_left.jpg
3093,d000b72d3dfb400eaedb210579b553fe,667_left.jpg,~/ml4img/f4dficimg/dif_orid5k_balanced/667_left.jpg,static/img/d000b72d3dfb400eaedb210579b553fe_667_left.jpg
3094,46dc7bf9e03a404db6af4837ec4fd174,668_right.jpg,~/ml4img/f4dficimg/dif_orid5k_balanced/668_right.jpg,static/img/46dc7bf9e03a404db6af4837ec4fd174_668_right.jpg
3095,719215d5b2204e9080ca08daea0acbc9,669_left.jpg,~/ml4img/f4dficimg/dif_orid5k_balanced/669_left.jpg,static/img/719215d5b2204e9080ca08daea0acbc9_669_left.jpg
3096,f77f2187a0674182948aab28b586d03f,671_left.jpg,~/ml4img/f4dficimg/dif_orid5k_balanced/671_left.jpg,static/img/f77f2187a0674182948aab28b586d03f_671_left.jpg
3097,62363643b2eb44818899b0a5629ab415,672_right.jpg,~/ml4img/f4dficimg/dif_orid5k_balanced/672_right.jpg,static/img/62363643b2eb44818899b0a5629ab415_672_right.jpg
3098,7b05f6fb6d774be8847670348dfb1747,674_left.jpg,~/ml4img/f4dficimg/dif_orid5k_balanced/674_left.jpg,static/img/7b05f6fb6d774be8847670348dfb1747_674_left.jpg
3099,88f4f327cce84698bb6c44b6a46b7baa,677_left.jpg,~/ml4img/f4dficimg/dif_orid5k_balanced/677_left.jpg,static/img/88f4f327cce84698bb6c44b6a46b7baa_677_left.jpg
3100,bcc07d48160c48ce9949006eb01d6d87,678_left.jpg,~/ml4img/f4dficimg/dif_orid5k_balanced/678_left.jpg,static/img/bcc07d48160c48ce9949006eb01d6d87_678_left.jpg
3101,3fca506cab4f4c679dde7313f18f8f72,679_right.jpg,~/ml4img/f4dficimg/dif_orid5k_balanced/679_right.jpg,static/img/3fca506cab4f4c679dde7313f18f8f72_679_right.jpg
3102,92243778f82a45df965f6aab3d3e6320,680_left.jpg,~/ml4img/f4dficimg/dif_orid5k_balanced/680_left.jpg,static/img/92243778f82a45df965f6aab3d3e6320_680_left.jpg
3103,b50b1b7f0991403a8698d4ad21492574,681_right.jpg,~/ml4img/f4dficimg/dif_orid5k_balanced/681_right.jpg,static/img/b50b1b7f0991403a8698d4ad21492574_681_right.jpg
3104,d38d3750ce894d0eafad7e1a4e72c1be,682_right.jpg,~/ml4img/f4dficimg/dif_orid5k_balanced/682_right.jpg,static/img/d38d3750ce894d0eafad7e1a4e72c1be_682_right.jpg
3105,ae3bc1eaa9834041a72f30557f0813c0,683_left.jpg,~/ml4img/f4dficimg/dif_orid5k_balanced/683_left.jpg,static/img/ae3bc1eaa9834041a72f30557f0813c0_683_left.jpg
3106,52f4572e10c34b2bb57f4d5bb6f9ec7c,684_left.jpg,~/ml4img/f4dficimg/dif_orid5k_balanced/684_left.jpg,static/img/52f4572e10c34b2bb57f4d5bb6f9ec7c_684_left.jpg
3107,6e947898b7a74b3f9f1c4575176f23a2,686_left.jpg,~/ml4img/f4dficimg/dif_orid5k_balanced/686_left.jpg,static/img/6e947898b7a74b3f9f1c4575176f23a2_686_left.jpg
3108,5a6828584ed740678bcda4848243808f,686_right.jpg,~/ml4img/f4dficimg/dif_orid5k_balanced/686_right.jpg,static/img/5a6828584ed740678bcda4848243808f_686_right.jpg
3109,b971c81b5c1e4dafab9f395665c4927f,688_left.jpg,~/ml4img/f4dficimg/dif_orid5k_balanced/688_left.jpg,static/img/b971c81b5c1e4dafab9f395665c4927f_688_left.jpg
3110,10740a7a97ec4a3ba07f74602b922765,688_right.jpg,~/ml4img/f4dficimg/dif_orid5k_balanced/688_right.jpg,static/img/10740a7a97ec4a3ba07f74602b922765_688_right.jpg
3111,2831875b328049d39dea1400c243d4a3,689_left.jpg,~/ml4img/f4dficimg/dif_orid5k_balanced/689_left.jpg,static/img/2831875b328049d39dea1400c243d4a3_689_left.jpg
3112,4a3fa4f92399450b8b27a0afd133b9ee,691_right.jpg,~/ml4img/f4dficimg/dif_orid5k_balanced/691_right.jpg,static/img/4a3fa4f92399450b8b27a0afd133b9ee_691_right.jpg
3113,041dc85adb934a31a3909838694b1e3f,693_right.jpg,~/ml4img/f4dficimg/dif_orid5k_balanced/693_right.jpg,static/img/041dc85adb934a31a3909838694b1e3f_693_right.jpg
3114,7c6fc3b3a18a45ed896898e30bb660de,696_left.jpg,~/ml4img/f4dficimg/dif_orid5k_balanced/696_left.jpg,static/img/7c6fc3b3a18a45ed896898e30bb660de_696_left.jpg
3115,cc85c67bd2b24c35966d7c55ed1fa274,696_right.jpg,~/ml4img/f4dficimg/dif_orid5k_balanced/696_right.jpg,static/img/cc85c67bd2b24c35966d7c55ed1fa274_696_right.jpg
3116,f6c40fa01cdd446093936a655f91db6d,697_left.jpg,~/ml4img/f4dficimg/dif_orid5k_balanced/697_left.jpg,static/img/f6c40fa01cdd446093936a655f91db6d_697_left.jpg
3117,ba158921ac3c438b944b9b738536b403,698_right.jpg,~/ml4img/f4dficimg/dif_orid5k_balanced/698_right.jpg,static/img/ba158921ac3c438b944b9b738536b403_698_right.jpg
3118,a6f2738fcfb3461e827a50cc7bf62e86,699_left.jpg,~/ml4img/f4dficimg/dif_orid5k_balanced/699_left.jpg,static/img/a6f2738fcfb3461e827a50cc7bf62e86_699_left.jpg
3119,13dd4e785ebd4151a3a56cdb99764d4e,700_right.jpg,~/ml4img/f4dficimg/dif_orid5k_balanced/700_right.jpg,static/img/13dd4e785ebd4151a3a56cdb99764d4e_700_right.jpg
3120,81bbc94b851b4898a036d09a1915fc38,701_left.jpg,~/ml4img/f4dficimg/dif_orid5k_balanced/701_left.jpg,static/img/81bbc94b851b4898a036d09a1915fc38_701_left.jpg
3121,cc06e52873e44edaa6fc33b39463c02d,703_left.jpg,~/ml4img/f4dficimg/dif_orid5k_balanced/703_left.jpg,static/img/cc06e52873e44edaa6fc33b39463c02d_703_left.jpg
3122,8cc7bf255bd64b13aa982bba6a06c67d,703_right.jpg,~/ml4img/f4dficimg/dif_orid5k_balanced/703_right.jpg,static/img/8cc7bf255bd64b13aa982bba6a06c67d_703_right.jpg
3123,cf4136c07a5d4dd3892e89dffd2c67d7,705_right.jpg,~/ml4img/f4dficimg/dif_orid5k_balanced/705_right.jpg,static/img/cf4136c07a5d4dd3892e89dffd2c67d7_705_right.jpg
3124,42bd8b70ad0f4b31839aaf6b00e75859,707_right.jpg,~/ml4img/f4dficimg/dif_orid5k_balanced/707_right.jpg,static/img/42bd8b70ad0f4b31839aaf6b00e75859_707_right.jpg
3125,51b7424934fd4669a8040ae4fc82e55a,709_left.jpg,~/ml4img/f4dficimg/dif_orid5k_balanced/709_left.jpg,static/img/51b7424934fd4669a8040ae4fc82e55a_709_left.jpg
3126,fa6a2ca5161644bab6006fb63f6e700c,709_right.jpg,~/ml4img/f4dficimg/dif_orid5k_balanced/709_right.jpg,static/img/fa6a2ca5161644bab6006fb63f6e700c_709_right.jpg
3127,831a1fa090f64bf58e978270900c92e5,710_right.jpg,~/ml4img/f4dficimg/dif_orid5k_balanced/710_right.jpg,static/img/831a1fa090f64bf58e978270900c92e5_710_right.jpg
3128,5601e44463f9491b8d712a2dad8293c4,711_right.jpg,~/ml4img/f4dficimg/dif_orid5k_balanced/711_right.jpg,static/img/5601e44463f9491b8d712a2dad8293c4_711_right.jpg
3129,f6a83cb2a54148289455e79f1e732020,713_right.jpg,~/ml4img/f4dficimg/dif_orid5k_balanced/713_right.jpg,static/img/f6a83cb2a54148289455e79f1e732020_713_right.jpg
3130,35c11d67f3504870bdc4c42ee10deb22,714_left.jpg,~/ml4img/f4dficimg/dif_orid5k_balanced/714_left.jpg,static/img/35c11d67f3504870bdc4c42ee10deb22_714_left.jpg
3131,73c44f8ecbc24e468cfbf785b1acad14,717_left.jpg,~/ml4img/f4dficimg/dif_orid5k_balanced/717_left.jpg,static/img/73c44f8ecbc24e468cfbf785b1acad14_717_left.jpg
3132,8bd118b9825d45d79fe339fa11b448be,717_right.jpg,~/ml4img/f4dficimg/dif_orid5k_balanced/717_right.jpg,static/img/8bd118b9825d45d79fe339fa11b448be_717_right.jpg
3133,e55366e779f74110807de7dc1ae370ef,718_left.jpg,~/ml4img/f4dficimg/dif_orid5k_balanced/718_left.jpg,static/img/e55366e779f74110807de7dc1ae370ef_718_left.jpg
3134,b9722deed90243cb9c23b810a04563f7,718_right.jpg,~/ml4img/f4dficimg/dif_orid5k_balanced/718_right.jpg,static/img/b9722deed90243cb9c23b810a04563f7_718_right.jpg
3135,c53ff1cf17e64dd58ac0d86a71184d59,723_right.jpg,~/ml4img/f4dficimg/dif_orid5k_balanced/723_right.jpg,static/img/c53ff1cf17e64dd58ac0d86a71184d59_723_right.jpg
3136,48bb03130dc2427b99d31625759a9fae,724_right.jpg,~/ml4img/f4dficimg/dif_orid5k_balanced/724_right.jpg,static/img/48bb03130dc2427b99d31625759a9fae_724_right.jpg
3137,f48efdfac3fc433f97124977ca704cd9,725_right.jpg,~/ml4img/f4dficimg/dif_orid5k_balanced/725_right.jpg,static/img/f48efdfac3fc433f97124977ca704cd9_725_right.jpg
3138,149b6a3079dd42ba88c01f874cbe5699,728_right.jpg,~/ml4img/f4dficimg/dif_orid5k_balanced/728_right.jpg,static/img/149b6a3079dd42ba88c01f874cbe5699_728_right.jpg
3139,866b28f1c6b7421d8f4c40cd6cfea074,730_right.jpg,~/ml4img/f4dficimg/dif_orid5k_balanced/730_right.jpg,static/img/866b28f1c6b7421d8f4c40cd6cfea074_730_right.jpg
3140,31383c59345a4c718e5580ac963100a5,731_left.jpg,~/ml4img/f4dficimg/dif_orid5k_balanced/731_left.jpg,static/img/31383c59345a4c718e5580ac963100a5_731_left.jpg
3141,827b31150d7b497f8e865b0ca182f470,731_right.jpg,~/ml4img/f4dficimg/dif_orid5k_balanced/731_right.jpg,static/img/827b31150d7b497f8e865b0ca182f470_731_right.jpg
3142,3b5762ebd7404a47b30742dd2bf7d945,732_right.jpg,~/ml4img/f4dficimg/dif_orid5k_balanced/732_right.jpg,static/img/3b5762ebd7404a47b30742dd2bf7d945_732_right.jpg
3143,dcbf9a3d77b34ecc930bca7b2db63cd7,733_right.jpg,~/ml4img/f4dficimg/dif_orid5k_balanced/733_right.jpg,static/img/dcbf9a3d77b34ecc930bca7b2db63cd7_733_right.jpg
3144,239fa9ecb6364e6eacdb2d64c82a12f6,736_left.jpg,~/ml4img/f4dficimg/dif_orid5k_balanced/736_left.jpg,static/img/239fa9ecb6364e6eacdb2d64c82a12f6_736_left.jpg
3145,747972a7a6bd418abd23292a9e449af3,737_right.jpg,~/ml4img/f4dficimg/dif_orid5k_balanced/737_right.jpg,static/img/747972a7a6bd418abd23292a9e449af3_737_right.jpg
3146,f00a084fda9646baa3055cddef6f59dd,738_left.jpg,~/ml4img/f4dficimg/dif_orid5k_balanced/738_left.jpg,static/img/f00a084fda9646baa3055cddef6f59dd_738_left.jpg
3147,e24181ac77a549a7bd31ff694057c284,738_right.jpg,~/ml4img/f4dficimg/dif_orid5k_balanced/738_right.jpg,static/img/e24181ac77a549a7bd31ff694057c284_738_right.jpg
3148,56321fe9652b405bb7bb055f9d3c4e66,739_right.jpg,~/ml4img/f4dficimg/dif_orid5k_balanced/739_right.jpg,static/img/56321fe9652b405bb7bb055f9d3c4e66_739_right.jpg
3149,e3a8de113e6a476c8ddbff9cef0b2cb7,740_left.jpg,~/ml4img/f4dficimg/dif_orid5k_balanced/740_left.jpg,static/img/e3a8de113e6a476c8ddbff9cef0b2cb7_740_left.jpg
3150,6af2fa03fec047baa2a2022c70b59073,742_left.jpg,~/ml4img/f4dficimg/dif_orid5k_balanced/742_left.jpg,static/img/6af2fa03fec047baa2a2022c70b59073_742_left.jpg
3151,0063632fde884f9fbc47fcf248d780e6,745_right.jpg,~/ml4img/f4dficimg/dif_orid5k_balanced/745_right.jpg,static/img/0063632fde884f9fbc47fcf248d780e6_745_right.jpg
3152,45c86651b1984eb9b139a618d34085d2,747_right.jpg,~/ml4img/f4dficimg/dif_orid5k_balanced/747_right.jpg,static/img/45c86651b1984eb9b139a618d34085d2_747_right.jpg
3153,34aeacc9e28849c3a09342e4b1431ef1,748_right.jpg,~/ml4img/f4dficimg/dif_orid5k_balanced/748_right.jpg,static/img/34aeacc9e28849c3a09342e4b1431ef1_748_right.jpg
3154,3acacf1c27f24c7897dd65cff530ac0a,749_right.jpg,~/ml4img/f4dficimg/dif_orid5k_balanced/749_right.jpg,static/img/3acacf1c27f24c7897dd65cff530ac0a_749_right.jpg
3155,7df1dc09eb9543158a4ef7b17810bad2,750_right.jpg,~/ml4img/f4dficimg/dif_orid5k_balanced/750_right.jpg,static/img/7df1dc09eb9543158a4ef7b17810bad2_750_right.jpg
3156,2b30b052546b47dba583facbe817a7da,752_left.jpg,~/ml4img/f4dficimg/dif_orid5k_balanced/752_left.jpg,static/img/2b30b052546b47dba583facbe817a7da_752_left.jpg
3157,a9fc9dbbcc2841eab667f945385721bb,753_left.jpg,~/ml4img/f4dficimg/dif_orid5k_balanced/753_left.jpg,static/img/a9fc9dbbcc2841eab667f945385721bb_753_left.jpg
3158,2b42e8cae28e426a844a825160a5e13a,753_right.jpg,~/ml4img/f4dficimg/dif_orid5k_balanced/753_right.jpg,static/img/2b42e8cae28e426a844a825160a5e13a_753_right.jpg
3159,d363dc69aba44b9d9d21dba513a55cb1,754_left.jpg,~/ml4img/f4dficimg/dif_orid5k_balanced/754_left.jpg,static/img/d363dc69aba44b9d9d21dba513a55cb1_754_left.jpg
3160,acafc56aaac64d6b94a3841e4f908993,756_left.jpg,~/ml4img/f4dficimg/dif_orid5k_balanced/756_left.jpg,static/img/acafc56aaac64d6b94a3841e4f908993_756_left.jpg
3161,a6f4938c0a0d4e58b1c22526c95c2e0f,757_left.jpg,~/ml4img/f4dficimg/dif_orid5k_balanced/757_left.jpg,static/img/a6f4938c0a0d4e58b1c22526c95c2e0f_757_left.jpg
3162,3f2aef4e25614c00a874679eb7eef65d,758_left.jpg,~/ml4img/f4dficimg/dif_orid5k_balanced/758_left.jpg,static/img/3f2aef4e25614c00a874679eb7eef65d_758_left.jpg
3163,28ca598b30df40129bd7e42d8f6bd932,759_left.jpg,~/ml4img/f4dficimg/dif_orid5k_balanced/759_left.jpg,static/img/28ca598b30df40129bd7e42d8f6bd932_759_left.jpg
3164,a3305337f1b848e39749714209d386be,760_left.jpg,~/ml4img/f4dficimg/dif_orid5k_balanced/760_left.jpg,static/img/a3305337f1b848e39749714209d386be_760_left.jpg
3165,d601da59e8aa44a78f2f1eac0ae21ee1,761_left.jpg,~/ml4img/f4dficimg/dif_orid5k_balanced/761_left.jpg,static/img/d601da59e8aa44a78f2f1eac0ae21ee1_761_left.jpg
3166,9f616a9351ae42129b7fe54e66400c16,763_left.jpg,~/ml4img/f4dficimg/dif_orid5k_balanced/763_left.jpg,static/img/9f616a9351ae42129b7fe54e66400c16_763_left.jpg
3167,13a7bf64d4fe4183bfaecf2f67993974,763_right.jpg,~/ml4img/f4dficimg/dif_orid5k_balanced/763_right.jpg,static/img/13a7bf64d4fe4183bfaecf2f67993974_763_right.jpg
3168,a0ceab3f8e804caea2562db7fe956cd9,765_left.jpg,~/ml4img/f4dficimg/dif_orid5k_balanced/765_left.jpg,static/img/a0ceab3f8e804caea2562db7fe956cd9_765_left.jpg
3169,905d63948e584ac7af554baa09b03e8f,766_left.jpg,~/ml4img/f4dficimg/dif_orid5k_balanced/766_left.jpg,static/img/905d63948e584ac7af554baa09b03e8f_766_left.jpg
3170,53cb5eb5872d465db4eaa3080ff52cfb,767_left.jpg,~/ml4img/f4dficimg/dif_orid5k_balanced/767_left.jpg,static/img/53cb5eb5872d465db4eaa3080ff52cfb_767_left.jpg
3171,47b15df4799745b285acc8b486d4297a,769_left.jpg,~/ml4img/f4dficimg/dif_orid5k_balanced/769_left.jpg,static/img/47b15df4799745b285acc8b486d4297a_769_left.jpg
3172,8af965397c3a4bdd8604c6c94b043263,770_left.jpg,~/ml4img/f4dficimg/dif_orid5k_balanced/770_left.jpg,static/img/8af965397c3a4bdd8604c6c94b043263_770_left.jpg
3173,15e320b330a441b5a5ba8d28931d0b9e,771_right.jpg,~/ml4img/f4dficimg/dif_orid5k_balanced/771_right.jpg,static/img/15e320b330a441b5a5ba8d28931d0b9e_771_right.jpg
3174,f4ee4f2790254de6af4ca05c73b0fb90,772_right.jpg,~/ml4img/f4dficimg/dif_orid5k_balanced/772_right.jpg,static/img/f4ee4f2790254de6af4ca05c73b0fb90_772_right.jpg
3175,bc91bff23a414531833a375553677bb4,774_left.jpg,~/ml4img/f4dficimg/dif_orid5k_balanced/774_left.jpg,static/img/bc91bff23a414531833a375553677bb4_774_left.jpg
3176,7d95dbc98bc94509a26b30a545dc4b62,775_right.jpg,~/ml4img/f4dficimg/dif_orid5k_balanced/775_right.jpg,static/img/7d95dbc98bc94509a26b30a545dc4b62_775_right.jpg
3177,44bdb0025e2c4c3f82960384386819dd,776_left.jpg,~/ml4img/f4dficimg/dif_orid5k_balanced/776_left.jpg,static/img/44bdb0025e2c4c3f82960384386819dd_776_left.jpg
3178,1955cd7a8d7b412cbbc715d649a727b7,777_left.jpg,~/ml4img/f4dficimg/dif_orid5k_balanced/777_left.jpg,static/img/1955cd7a8d7b412cbbc715d649a727b7_777_left.jpg
3179,48968ccf20ea4beaaf4e98034042b3ae,780_left.jpg,~/ml4img/f4dficimg/dif_orid5k_balanced/780_left.jpg,static/img/48968ccf20ea4beaaf4e98034042b3ae_780_left.jpg
3180,2e7c0cacb2284809895e677e979831a4,781_right.jpg,~/ml4img/f4dficimg/dif_orid5k_balanced/781_right.jpg,static/img/2e7c0cacb2284809895e677e979831a4_781_right.jpg
3181,8a023f49a61d4233ac9b6d991359856a,782_left.jpg,~/ml4img/f4dficimg/dif_orid5k_balanced/782_left.jpg,static/img/8a023f49a61d4233ac9b6d991359856a_782_left.jpg
3182,37f5bddf76ed4ee8a2b8afd1d6e4bde0,782_right.jpg,~/ml4img/f4dficimg/dif_orid5k_balanced/782_right.jpg,static/img/37f5bddf76ed4ee8a2b8afd1d6e4bde0_782_right.jpg
3183,ad011c54541d412eae5044167cc15760,783_right.jpg,~/ml4img/f4dficimg/dif_orid5k_balanced/783_right.jpg,static/img/ad011c54541d412eae5044167cc15760_783_right.jpg
3184,6d55e6d7b1d5431fa8b49cabdb16a74c,784_left.jpg,~/ml4img/f4dficimg/dif_orid5k_balanced/784_left.jpg,static/img/6d55e6d7b1d5431fa8b49cabdb16a74c_784_left.jpg
3185,936ea160f9c7453597d3022353aefb84,786_left.jpg,~/ml4img/f4dficimg/dif_orid5k_balanced/786_left.jpg,static/img/936ea160f9c7453597d3022353aefb84_786_left.jpg
3186,13de910515774ee2a681afe5fa68e8d1,786_right.jpg,~/ml4img/f4dficimg/dif_orid5k_balanced/786_right.jpg,static/img/13de910515774ee2a681afe5fa68e8d1_786_right.jpg
3187,11cf68cb419f412bab155ae01744ddc8,788_left.jpg,~/ml4img/f4dficimg/dif_orid5k_balanced/788_left.jpg,static/img/11cf68cb419f412bab155ae01744ddc8_788_left.jpg
3188,3ca6b28748a34af2a06cfa134785b270,789_right.jpg,~/ml4img/f4dficimg/dif_orid5k_balanced/789_right.jpg,static/img/3ca6b28748a34af2a06cfa134785b270_789_right.jpg
3189,2d49ce6914d24bef87aa936c6da9ef8a,790_left.jpg,~/ml4img/f4dficimg/dif_orid5k_balanced/790_left.jpg,static/img/2d49ce6914d24bef87aa936c6da9ef8a_790_left.jpg
3190,5d7e9b2e917a4f329807238a1d619177,791_left.jpg,~/ml4img/f4dficimg/dif_orid5k_balanced/791_left.jpg,static/img/5d7e9b2e917a4f329807238a1d619177_791_left.jpg
3191,df63db2b5c344dfeb360f7f7c35beb93,794_left.jpg,~/ml4img/f4dficimg/dif_orid5k_balanced/794_left.jpg,static/img/df63db2b5c344dfeb360f7f7c35beb93_794_left.jpg
3192,62fa1bdf8e8943c592c22a005ff28fb0,794_right.jpg,~/ml4img/f4dficimg/dif_orid5k_balanced/794_right.jpg,static/img/62fa1bdf8e8943c592c22a005ff28fb0_794_right.jpg
3193,2e861298f4044feb9483332fdf6a84a1,795_right.jpg,~/ml4img/f4dficimg/dif_orid5k_balanced/795_right.jpg,static/img/2e861298f4044feb9483332fdf6a84a1_795_right.jpg
3194,72918c82f43f4af8a7d9947ba1d1852f,799_right.jpg,~/ml4img/f4dficimg/dif_orid5k_balanced/799_right.jpg,static/img/72918c82f43f4af8a7d9947ba1d1852f_799_right.jpg
3195,f2cb9df89c65456fa6357c14ba60f6f6,800_left.jpg,~/ml4img/f4dficimg/dif_orid5k_balanced/800_left.jpg,static/img/f2cb9df89c65456fa6357c14ba60f6f6_800_left.jpg
3196,965fdb7eb9684080a97877248105b0b2,801_right.jpg,~/ml4img/f4dficimg/dif_orid5k_balanced/801_right.jpg,static/img/965fdb7eb9684080a97877248105b0b2_801_right.jpg
3197,cc5ce5197ffb4a038cbc51e017e2807e,803_right.jpg,~/ml4img/f4dficimg/dif_orid5k_balanced/803_right.jpg,static/img/cc5ce5197ffb4a038cbc51e017e2807e_803_right.jpg
3198,b67d6cf4e0ef4fad9cdc5675dd9fb707,805_left.jpg,~/ml4img/f4dficimg/dif_orid5k_balanced/805_left.jpg,static/img/b67d6cf4e0ef4fad9cdc5675dd9fb707_805_left.jpg
3199,862f4bada5434321a92b6af8bc3561c5,805_right.jpg,~/ml4img/f4dficimg/dif_orid5k_balanced/805_right.jpg,static/img/862f4bada5434321a92b6af8bc3561c5_805_right.jpg
3200,5b8dd70882cb41708a8f0fb500edb08e,807_left.jpg,~/ml4img/f4dficimg/dif_orid5k_balanced/807_left.jpg,static/img/5b8dd70882cb41708a8f0fb500edb08e_807_left.jpg
3201,a1f442bef83441a095e59bcd17db10fa,809_left.jpg,~/ml4img/f4dficimg/dif_orid5k_balanced/809_left.jpg,static/img/a1f442bef83441a095e59bcd17db10fa_809_left.jpg
3202,0888640018f5491dadc989364f34f689,810_left.jpg,~/ml4img/f4dficimg/dif_orid5k_balanced/810_left.jpg,static/img/0888640018f5491dadc989364f34f689_810_left.jpg
3203,9e22d3e1e73d44b6ac3f0e2030625d12,812_left.jpg,~/ml4img/f4dficimg/dif_orid5k_balanced/812_left.jpg,static/img/9e22d3e1e73d44b6ac3f0e2030625d12_812_left.jpg
3204,bed2e05a0cc045bfadb1bdd0d4d8d08e,812_right.jpg,~/ml4img/f4dficimg/dif_orid5k_balanced/812_right.jpg,static/img/bed2e05a0cc045bfadb1bdd0d4d8d08e_812_right.jpg
3205,716616a317794763a0aef588b4acae52,813_right.jpg,~/ml4img/f4dficimg/dif_orid5k_balanced/813_right.jpg,static/img/716616a317794763a0aef588b4acae52_813_right.jpg
3206,326239ee4d9441bdb7d839c90d88d48d,815_left.jpg,~/ml4img/f4dficimg/dif_orid5k_balanced/815_left.jpg,static/img/326239ee4d9441bdb7d839c90d88d48d_815_left.jpg
3207,3a5e11b4f2b84db0a8ccb2f8b855c370,818_right.jpg,~/ml4img/f4dficimg/dif_orid5k_balanced/818_right.jpg,static/img/3a5e11b4f2b84db0a8ccb2f8b855c370_818_right.jpg
3208,4ac7273d796c4f76bcc6f85f8d5936ba,820_left.jpg,~/ml4img/f4dficimg/dif_orid5k_balanced/820_left.jpg,static/img/4ac7273d796c4f76bcc6f85f8d5936ba_820_left.jpg
3209,084188ef15824e49a1c3fd15f8eac7ab,821_right.jpg,~/ml4img/f4dficimg/dif_orid5k_balanced/821_right.jpg,static/img/084188ef15824e49a1c3fd15f8eac7ab_821_right.jpg
3210,79aef61c6fcd46c4b334742d4087f4c3,824_right.jpg,~/ml4img/f4dficimg/dif_orid5k_balanced/824_right.jpg,static/img/79aef61c6fcd46c4b334742d4087f4c3_824_right.jpg
3211,117456b92fc34408a842e7761d00ac86,825_left.jpg,~/ml4img/f4dficimg/dif_orid5k_balanced/825_left.jpg,static/img/117456b92fc34408a842e7761d00ac86_825_left.jpg
3212,bb44307b654f4519a83a8b6e9e305c84,825_right.jpg,~/ml4img/f4dficimg/dif_orid5k_balanced/825_right.jpg,static/img/bb44307b654f4519a83a8b6e9e305c84_825_right.jpg
3213,6d7dc82dc0894f1b99aa449c5f4f64a2,826_right.jpg,~/ml4img/f4dficimg/dif_orid5k_balanced/826_right.jpg,static/img/6d7dc82dc0894f1b99aa449c5f4f64a2_826_right.jpg
3214,4bffc03fffa1450dbfca8f76f4ec46ee,827_left.jpg,~/ml4img/f4dficimg/dif_orid5k_balanced/827_left.jpg,static/img/4bffc03fffa1450dbfca8f76f4ec46ee_827_left.jpg
3215,f7e0de1f30fd4bbb9aa4e593bb6fc67d,828_right.jpg,~/ml4img/f4dficimg/dif_orid5k_balanced/828_right.jpg,static/img/f7e0de1f30fd4bbb9aa4e593bb6fc67d_828_right.jpg
3216,711857625c024ed0a79c13be0e54c223,829_right.jpg,~/ml4img/f4dficimg/dif_orid5k_balanced/829_right.jpg,static/img/711857625c024ed0a79c13be0e54c223_829_right.jpg
3217,b8563cf4ed784670803b07b5da708adb,831_left.jpg,~/ml4img/f4dficimg/dif_orid5k_balanced/831_left.jpg,static/img/b8563cf4ed784670803b07b5da708adb_831_left.jpg
3218,0007093508604e949ca3fedfed6f4de6,831_right.jpg,~/ml4img/f4dficimg/dif_orid5k_balanced/831_right.jpg,static/img/0007093508604e949ca3fedfed6f4de6_831_right.jpg
3219,18d23bccd338431e88b2619604fcc59d,832_right.jpg,~/ml4img/f4dficimg/dif_orid5k_balanced/832_right.jpg,static/img/18d23bccd338431e88b2619604fcc59d_832_right.jpg
3220,4aa5bfc978904bcf9e80f010fdaa2a5e,834_right.jpg,~/ml4img/f4dficimg/dif_orid5k_balanced/834_right.jpg,static/img/4aa5bfc978904bcf9e80f010fdaa2a5e_834_right.jpg
3221,c9776784a7ad4768aa5d1d2ce4c5fba3,835_right.jpg,~/ml4img/f4dficimg/dif_orid5k_balanced/835_right.jpg,static/img/c9776784a7ad4768aa5d1d2ce4c5fba3_835_right.jpg
3222,2e90fef7b57b41f6b4f1d254fabad477,838_left.jpg,~/ml4img/f4dficimg/dif_orid5k_balanced/838_left.jpg,static/img/2e90fef7b57b41f6b4f1d254fabad477_838_left.jpg
3223,073c98495d544f5ab313fe096b4c12a8,844_right.jpg,~/ml4img/f4dficimg/dif_orid5k_balanced/844_right.jpg,static/img/073c98495d544f5ab313fe096b4c12a8_844_right.jpg
3224,feee515f1a324f21bd622be930f4ffb0,847_right.jpg,~/ml4img/f4dficimg/dif_orid5k_balanced/847_right.jpg,static/img/feee515f1a324f21bd622be930f4ffb0_847_right.jpg
3225,85ce93e3150b4413b0b0051b8af88d60,850_right.jpg,~/ml4img/f4dficimg/dif_orid5k_balanced/850_right.jpg,static/img/85ce93e3150b4413b0b0051b8af88d60_850_right.jpg
3226,432f24c64ca8453cb54672085b242dc3,852_right.jpg,~/ml4img/f4dficimg/dif_orid5k_balanced/852_right.jpg,static/img/432f24c64ca8453cb54672085b242dc3_852_right.jpg
3227,3bc0ce0476af46b1a93d7d3812ef84a8,853_left.jpg,~/ml4img/f4dficimg/dif_orid5k_balanced/853_left.jpg,static/img/3bc0ce0476af46b1a93d7d3812ef84a8_853_left.jpg
3228,a543a6640c044f23827082b61cb5a8f5,854_left.jpg,~/ml4img/f4dficimg/dif_orid5k_balanced/854_left.jpg,static/img/a543a6640c044f23827082b61cb5a8f5_854_left.jpg
3229,1c5d7a58cff944fdb8e2c9f3967af921,855_left.jpg,~/ml4img/f4dficimg/dif_orid5k_balanced/855_left.jpg,static/img/1c5d7a58cff944fdb8e2c9f3967af921_855_left.jpg
3230,d4838ec0648c481e93a2ae2abfeb8f51,855_right.jpg,~/ml4img/f4dficimg/dif_orid5k_balanced/855_right.jpg,static/img/d4838ec0648c481e93a2ae2abfeb8f51_855_right.jpg
3231,f7b8fb28b5734335b00019161d69bd78,858_left.jpg,~/ml4img/f4dficimg/dif_orid5k_balanced/858_left.jpg,static/img/f7b8fb28b5734335b00019161d69bd78_858_left.jpg
3232,649dd13441134089b2c77f6de5ad3c59,860_right.jpg,~/ml4img/f4dficimg/dif_orid5k_balanced/860_right.jpg,static/img/649dd13441134089b2c77f6de5ad3c59_860_right.jpg
3233,63a218db1b9f49f4a3ee2918a0de1229,861_left.jpg,~/ml4img/f4dficimg/dif_orid5k_balanced/861_left.jpg,static/img/63a218db1b9f49f4a3ee2918a0de1229_861_left.jpg
3234,ba0ac3b1fa8147138bd25ecaba9378fd,861_right.jpg,~/ml4img/f4dficimg/dif_orid5k_balanced/861_right.jpg,static/img/ba0ac3b1fa8147138bd25ecaba9378fd_861_right.jpg
3235,adacc22bb3c445d0935f827775ccd253,862_left.jpg,~/ml4img/f4dficimg/dif_orid5k_balanced/862_left.jpg,static/img/adacc22bb3c445d0935f827775ccd253_862_left.jpg
3236,131f13b8571e409da52f3930396bc533,864_right.jpg,~/ml4img/f4dficimg/dif_orid5k_balanced/864_right.jpg,static/img/131f13b8571e409da52f3930396bc533_864_right.jpg
3237,c452ed5afddc440994d9fe5e135393d7,865_left.jpg,~/ml4img/f4dficimg/dif_orid5k_balanced/865_left.jpg,static/img/c452ed5afddc440994d9fe5e135393d7_865_left.jpg
3238,c16346afd8c54c01bfa58b2e509aa734,866_left.jpg,~/ml4img/f4dficimg/dif_orid5k_balanced/866_left.jpg,static/img/c16346afd8c54c01bfa58b2e509aa734_866_left.jpg
3239,db89d28592d0425daa30a95611e32a1d,867_left.jpg,~/ml4img/f4dficimg/dif_orid5k_balanced/867_left.jpg,static/img/db89d28592d0425daa30a95611e32a1d_867_left.jpg
3240,8229c5d1254a4510815adc5270fb5ad4,868_left.jpg,~/ml4img/f4dficimg/dif_orid5k_balanced/868_left.jpg,static/img/8229c5d1254a4510815adc5270fb5ad4_868_left.jpg
3241,daf2523f094a436f851e1cf87eb160cc,869_left.jpg,~/ml4img/f4dficimg/dif_orid5k_balanced/869_left.jpg,static/img/daf2523f094a436f851e1cf87eb160cc_869_left.jpg
3242,fc34ed671e0140078baee25ce47d3811,871_right.jpg,~/ml4img/f4dficimg/dif_orid5k_balanced/871_right.jpg,static/img/fc34ed671e0140078baee25ce47d3811_871_right.jpg
3243,803abfec471b448e922f72fd02a02170,872_left.jpg,~/ml4img/f4dficimg/dif_orid5k_balanced/872_left.jpg,static/img/803abfec471b448e922f72fd02a02170_872_left.jpg
3244,28bc3d8925014259992136cdf26c32b3,872_right.jpg,~/ml4img/f4dficimg/dif_orid5k_balanced/872_right.jpg,static/img/28bc3d8925014259992136cdf26c32b3_872_right.jpg
3245,73ea28cd037a4fa7b0075c4dc24daf11,873_left.jpg,~/ml4img/f4dficimg/dif_orid5k_balanced/873_left.jpg,static/img/73ea28cd037a4fa7b0075c4dc24daf11_873_left.jpg
3246,b0a92c22657346e383319cccdcaa9afb,873_right.jpg,~/ml4img/f4dficimg/dif_orid5k_balanced/873_right.jpg,static/img/b0a92c22657346e383319cccdcaa9afb_873_right.jpg
3247,a3c1e3cee416434684f26f09bdcb586d,874_left.jpg,~/ml4img/f4dficimg/dif_orid5k_balanced/874_left.jpg,static/img/a3c1e3cee416434684f26f09bdcb586d_874_left.jpg
3248,da79ca965b5c4e1d8fc8c3c967e8bb36,876_left.jpg,~/ml4img/f4dficimg/dif_orid5k_balanced/876_left.jpg,static/img/da79ca965b5c4e1d8fc8c3c967e8bb36_876_left.jpg
3249,753125f0db684ccda80bce3ad22ce92c,876_right.jpg,~/ml4img/f4dficimg/dif_orid5k_balanced/876_right.jpg,static/img/753125f0db684ccda80bce3ad22ce92c_876_right.jpg
3250,e3f500478c3e4ab5a7ea9c3128ebc091,878_left.jpg,~/ml4img/f4dficimg/dif_orid5k_balanced/878_left.jpg,static/img/e3f500478c3e4ab5a7ea9c3128ebc091_878_left.jpg
3251,4105dcb74ecb4f49a73c25fb2d16007b,880_left.jpg,~/ml4img/f4dficimg/dif_orid5k_balanced/880_left.jpg,static/img/4105dcb74ecb4f49a73c25fb2d16007b_880_left.jpg
3252,6db8caa1ee824a518106441c3b086610,880_right.jpg,~/ml4img/f4dficimg/dif_orid5k_balanced/880_right.jpg,static/img/6db8caa1ee824a518106441c3b086610_880_right.jpg
3253,9353cf6fd5a8410bbdac5a1f52cf0c86,883_left.jpg,~/ml4img/f4dficimg/dif_orid5k_balanced/883_left.jpg,static/img/9353cf6fd5a8410bbdac5a1f52cf0c86_883_left.jpg
3254,dac85e2ab6b645168c6b12f91356a1ac,884_left.jpg,~/ml4img/f4dficimg/dif_orid5k_balanced/884_left.jpg,static/img/dac85e2ab6b645168c6b12f91356a1ac_884_left.jpg
3255,6bb597ad832a463880785c0361091768,885_left.jpg,~/ml4img/f4dficimg/dif_orid5k_balanced/885_left.jpg,static/img/6bb597ad832a463880785c0361091768_885_left.jpg
3256,5537004ada474e4dba39d37845b753a6,886_right.jpg,~/ml4img/f4dficimg/dif_orid5k_balanced/886_right.jpg,static/img/5537004ada474e4dba39d37845b753a6_886_right.jpg
3257,263fb76962024188a329d83e2cef25ad,888_right.jpg,~/ml4img/f4dficimg/dif_orid5k_balanced/888_right.jpg,static/img/263fb76962024188a329d83e2cef25ad_888_right.jpg
3258,438985559e1e4ae9bd13609fd0521b0f,889_left.jpg,~/ml4img/f4dficimg/dif_orid5k_balanced/889_left.jpg,static/img/438985559e1e4ae9bd13609fd0521b0f_889_left.jpg
3259,fb9898f19d7642e79edb1bfc4f5bbd10,890_left.jpg,~/ml4img/f4dficimg/dif_orid5k_balanced/890_left.jpg,static/img/fb9898f19d7642e79edb1bfc4f5bbd10_890_left.jpg
3260,3cd1e9359b524539a7ca6a75e02dc6d9,890_right.jpg,~/ml4img/f4dficimg/dif_orid5k_balanced/890_right.jpg,static/img/3cd1e9359b524539a7ca6a75e02dc6d9_890_right.jpg
3261,0c2337f0034c44d794868b2fc343bad3,892_left.jpg,~/ml4img/f4dficimg/dif_orid5k_balanced/892_left.jpg,static/img/0c2337f0034c44d794868b2fc343bad3_892_left.jpg
3262,737d0a23f812494b92d80d952171b35f,894_left.jpg,~/ml4img/f4dficimg/dif_orid5k_balanced/894_left.jpg,static/img/737d0a23f812494b92d80d952171b35f_894_left.jpg
3263,a32202a4d8434fe78987392455765d23,896_left.jpg,~/ml4img/f4dficimg/dif_orid5k_balanced/896_left.jpg,static/img/a32202a4d8434fe78987392455765d23_896_left.jpg
3264,8bdde2083437459ea77dcbfa235e9eef,897_right.jpg,~/ml4img/f4dficimg/dif_orid5k_balanced/897_right.jpg,static/img/8bdde2083437459ea77dcbfa235e9eef_897_right.jpg
3265,eace36dc35134a19966c8ce094b5c03a,898_left.jpg,~/ml4img/f4dficimg/dif_orid5k_balanced/898_left.jpg,static/img/eace36dc35134a19966c8ce094b5c03a_898_left.jpg
3266,da4cb4d3ef4c416d936e7e0f2ce6f3d6,899_right.jpg,~/ml4img/f4dficimg/dif_orid5k_balanced/899_right.jpg,static/img/da4cb4d3ef4c416d936e7e0f2ce6f3d6_899_right.jpg
3267,727dea46678e483aae929907196011b2,901_left.jpg,~/ml4img/f4dficimg/dif_orid5k_balanced/901_left.jpg,static/img/727dea46678e483aae929907196011b2_901_left.jpg
3268,ff1f703170484e0faac7cb9a8edfbcfe,902_left.jpg,~/ml4img/f4dficimg/dif_orid5k_balanced/902_left.jpg,static/img/ff1f703170484e0faac7cb9a8edfbcfe_902_left.jpg
3269,1d6e95e48fdc4506b94b336d2c1c34f4,904_right.jpg,~/ml4img/f4dficimg/dif_orid5k_balanced/904_right.jpg,static/img/1d6e95e48fdc4506b94b336d2c1c34f4_904_right.jpg
3270,61f84d8e1c324f36b5ae93e84c70ad46,905_right.jpg,~/ml4img/f4dficimg/dif_orid5k_balanced/905_right.jpg,static/img/61f84d8e1c324f36b5ae93e84c70ad46_905_right.jpg
3271,fa7ccee962864715ab5fcb55f784d218,907_left.jpg,~/ml4img/f4dficimg/dif_orid5k_balanced/907_left.jpg,static/img/fa7ccee962864715ab5fcb55f784d218_907_left.jpg
3272,5a040ecbca53416e990c2bce1309af78,908_right.jpg,~/ml4img/f4dficimg/dif_orid5k_balanced/908_right.jpg,static/img/5a040ecbca53416e990c2bce1309af78_908_right.jpg
3273,fb5fce299cab41ab92834589bf7bcd7a,909_right.jpg,~/ml4img/f4dficimg/dif_orid5k_balanced/909_right.jpg,static/img/fb5fce299cab41ab92834589bf7bcd7a_909_right.jpg
3274,7b29d536d3d54b349df92e1ad1d33c87,910_left.jpg,~/ml4img/f4dficimg/dif_orid5k_balanced/910_left.jpg,static/img/7b29d536d3d54b349df92e1ad1d33c87_910_left.jpg
3275,be0c7f99fab44f37af9c87a7f05dad50,911_left.jpg,~/ml4img/f4dficimg/dif_orid5k_balanced/911_left.jpg,static/img/be0c7f99fab44f37af9c87a7f05dad50_911_left.jpg
3276,60ba203487094a839c40fe2a9f7a6093,912_left.jpg,~/ml4img/f4dficimg/dif_orid5k_balanced/912_left.jpg,static/img/60ba203487094a839c40fe2a9f7a6093_912_left.jpg
3277,61278ed47afe4dc78c19d770ffb2a8fc,913_left.jpg,~/ml4img/f4dficimg/dif_orid5k_balanced/913_left.jpg,static/img/61278ed47afe4dc78c19d770ffb2a8fc_913_left.jpg
3278,c4d76594d240416e941de4c832a76ace,915_left.jpg,~/ml4img/f4dficimg/dif_orid5k_balanced/915_left.jpg,static/img/c4d76594d240416e941de4c832a76ace_915_left.jpg
3279,bd74fb56ca2c451bb20471e24df64963,917_left.jpg,~/ml4img/f4dficimg/dif_orid5k_balanced/917_left.jpg,static/img/bd74fb56ca2c451bb20471e24df64963_917_left.jpg
3280,068a0ecd1e9f4479b80869a8079ca1f7,918_right.jpg,~/ml4img/f4dficimg/dif_orid5k_balanced/918_right.jpg,static/img/068a0ecd1e9f4479b80869a8079ca1f7_918_right.jpg
3281,8de53c257b0d4e1ba208bb6a75d2a715,919_right.jpg,~/ml4img/f4dficimg/dif_orid5k_balanced/919_right.jpg,static/img/8de53c257b0d4e1ba208bb6a75d2a715_919_right.jpg
3282,b9ec6e4d3cc84091bd782c40cba768d3,921_left.jpg,~/ml4img/f4dficimg/dif_orid5k_balanced/921_left.jpg,static/img/b9ec6e4d3cc84091bd782c40cba768d3_921_left.jpg
3283,db7a71e658b1416685925503c900be18,922_left.jpg,~/ml4img/f4dficimg/dif_orid5k_balanced/922_left.jpg,static/img/db7a71e658b1416685925503c900be18_922_left.jpg
3284,cf919786da874c359120e97dc97e2e54,922_right.jpg,~/ml4img/f4dficimg/dif_orid5k_balanced/922_right.jpg,static/img/cf919786da874c359120e97dc97e2e54_922_right.jpg
3285,92b8f01889a7418d813e824d100647a2,924_right.jpg,~/ml4img/f4dficimg/dif_orid5k_balanced/924_right.jpg,static/img/92b8f01889a7418d813e824d100647a2_924_right.jpg
3286,35550ca8549b42efb60edfed4690405b,926_left.jpg,~/ml4img/f4dficimg/dif_orid5k_balanced/926_left.jpg,static/img/35550ca8549b42efb60edfed4690405b_926_left.jpg
3287,d06dc83982914052adada682c5794d4e,927_left.jpg,~/ml4img/f4dficimg/dif_orid5k_balanced/927_left.jpg,static/img/d06dc83982914052adada682c5794d4e_927_left.jpg
3288,570226429c234de79be95317607915f3,928_left.jpg,~/ml4img/f4dficimg/dif_orid5k_balanced/928_left.jpg,static/img/570226429c234de79be95317607915f3_928_left.jpg
3289,ac024cc35164409190a7d63820eaded8,929_left.jpg,~/ml4img/f4dficimg/dif_orid5k_balanced/929_left.jpg,static/img/ac024cc35164409190a7d63820eaded8_929_left.jpg
3290,df2d3d313fd04890814a40211aca15eb,930_right.jpg,~/ml4img/f4dficimg/dif_orid5k_balanced/930_right.jpg,static/img/df2d3d313fd04890814a40211aca15eb_930_right.jpg
3291,4a69c34372e84852af44eabb5202c050,931_right.jpg,~/ml4img/f4dficimg/dif_orid5k_balanced/931_right.jpg,static/img/4a69c34372e84852af44eabb5202c050_931_right.jpg
3292,e6522f9c70154eaba56640b58ac87799,932_left.jpg,~/ml4img/f4dficimg/dif_orid5k_balanced/932_left.jpg,static/img/e6522f9c70154eaba56640b58ac87799_932_left.jpg
3293,cb8662955e904c6e954ef72ac29ec171,932_right.jpg,~/ml4img/f4dficimg/dif_orid5k_balanced/932_right.jpg,static/img/cb8662955e904c6e954ef72ac29ec171_932_right.jpg
3294,c1e2989556ca46a291811c897ea7ae61,933_left.jpg,~/ml4img/f4dficimg/dif_orid5k_balanced/933_left.jpg,static/img/c1e2989556ca46a291811c897ea7ae61_933_left.jpg
3295,57483ef79a544606815e3c505e3ca565,933_right.jpg,~/ml4img/f4dficimg/dif_orid5k_balanced/933_right.jpg,static/img/57483ef79a544606815e3c505e3ca565_933_right.jpg
3296,d832132af82e44f080d0435f65016220,939_right.jpg,~/ml4img/f4dficimg/dif_orid5k_balanced/939_right.jpg,static/img/d832132af82e44f080d0435f65016220_939_right.jpg
3297,0156a8eeca6545e08bf3c414a271e057,941_left.jpg,~/ml4img/f4dficimg/dif_orid5k_balanced/941_left.jpg,static/img/0156a8eeca6545e08bf3c414a271e057_941_left.jpg
3298,619e0e1e557c4efd83190a7b18ba8269,942_right.jpg,~/ml4img/f4dficimg/dif_orid5k_balanced/942_right.jpg,static/img/619e0e1e557c4efd83190a7b18ba8269_942_right.jpg
3299,2478917a27e34a5cbbf1ae64e79c54b6,943_left.jpg,~/ml4img/f4dficimg/dif_orid5k_balanced/943_left.jpg,static/img/2478917a27e34a5cbbf1ae64e79c54b6_943_left.jpg
3300,3c21438d12fe4e08824f004cf027cf1e,944_left.jpg,~/ml4img/f4dficimg/dif_orid5k_balanced/944_left.jpg,static/img/3c21438d12fe4e08824f004cf027cf1e_944_left.jpg
3301,47111e860356404a9c4238ff83cd0b83,945_left.jpg,~/ml4img/f4dficimg/dif_orid5k_balanced/945_left.jpg,static/img/47111e860356404a9c4238ff83cd0b83_945_left.jpg
3302,d2df5b2fadf64d4480e2f15f8bc14cfb,945_right.jpg,~/ml4img/f4dficimg/dif_orid5k_balanced/945_right.jpg,static/img/d2df5b2fadf64d4480e2f15f8bc14cfb_945_right.jpg
3303,90723ea0971d428daca9623fc28a8f9f,947_right.jpg,~/ml4img/f4dficimg/dif_orid5k_balanced/947_right.jpg,static/img/90723ea0971d428daca9623fc28a8f9f_947_right.jpg
3304,bfc958151b4346679b44f143064b5e29,948_right.jpg,~/ml4img/f4dficimg/dif_orid5k_balanced/948_right.jpg,static/img/bfc958151b4346679b44f143064b5e29_948_right.jpg
3305,225f3ad058de4abb9d240b17fd84603d,949_right.jpg,~/ml4img/f4dficimg/dif_orid5k_balanced/949_right.jpg,static/img/225f3ad058de4abb9d240b17fd84603d_949_right.jpg
3306,21cc1aa42fdc4a69a4e130c5436f5afd,951_left.jpg,~/ml4img/f4dficimg/dif_orid5k_balanced/951_left.jpg,static/img/21cc1aa42fdc4a69a4e130c5436f5afd_951_left.jpg
3307,ca00c5290752479195d48a26dcdc1da3,954_left.jpg,~/ml4img/f4dficimg/dif_orid5k_balanced/954_left.jpg,static/img/ca00c5290752479195d48a26dcdc1da3_954_left.jpg
3308,e646501ab9394c2d9be1916777b5816c,955_right.jpg,~/ml4img/f4dficimg/dif_orid5k_balanced/955_right.jpg,static/img/e646501ab9394c2d9be1916777b5816c_955_right.jpg
3309,cd44cf078fa74027a2ba1527990896c6,956_left.jpg,~/ml4img/f4dficimg/dif_orid5k_balanced/956_left.jpg,static/img/cd44cf078fa74027a2ba1527990896c6_956_left.jpg
3310,2a69f2f2272d4c1e81f434db04c24e3e,957_right.jpg,~/ml4img/f4dficimg/dif_orid5k_balanced/957_right.jpg,static/img/2a69f2f2272d4c1e81f434db04c24e3e_957_right.jpg
3311,ab608bbd63ef4d11943b78bc87040d31,958_left.jpg,~/ml4img/f4dficimg/dif_orid5k_balanced/958_left.jpg,static/img/ab608bbd63ef4d11943b78bc87040d31_958_left.jpg
3312,4f307662ac714d9b95692e7e8baf23ff,959_left.jpg,~/ml4img/f4dficimg/dif_orid5k_balanced/959_left.jpg,static/img/4f307662ac714d9b95692e7e8baf23ff_959_left.jpg
3313,2cce72ddffa94e97a001c26af3b90632,960_right.jpg,~/ml4img/f4dficimg/dif_orid5k_balanced/960_right.jpg,static/img/2cce72ddffa94e97a001c26af3b90632_960_right.jpg
3314,2b5be2a830e5473483d9578d2972b339,961_right.jpg,~/ml4img/f4dficimg/dif_orid5k_balanced/961_right.jpg,static/img/2b5be2a830e5473483d9578d2972b339_961_right.jpg
3315,9bad8091b6f84edeba7f80fea6483ea7,962_left.jpg,~/ml4img/f4dficimg/dif_orid5k_balanced/962_left.jpg,static/img/9bad8091b6f84edeba7f80fea6483ea7_962_left.jpg
3316,1d502b6a1cd44c8f9b4990b027f6b470,962_right.jpg,~/ml4img/f4dficimg/dif_orid5k_balanced/962_right.jpg,static/img/1d502b6a1cd44c8f9b4990b027f6b470_962_right.jpg
3317,052b2143e57e4967a0c8c85b786da9d8,964_left.jpg,~/ml4img/f4dficimg/dif_orid5k_balanced/964_left.jpg,static/img/052b2143e57e4967a0c8c85b786da9d8_964_left.jpg
3318,da6a541d8ec842f2a6a93a4d6be95195,965_right.jpg,~/ml4img/f4dficimg/dif_orid5k_balanced/965_right.jpg,static/img/da6a541d8ec842f2a6a93a4d6be95195_965_right.jpg
3319,3a5822e77f3e4f6e98cfb457f89da1ea,968_right.jpg,~/ml4img/f4dficimg/dif_orid5k_balanced/968_right.jpg,static/img/3a5822e77f3e4f6e98cfb457f89da1ea_968_right.jpg
3320,d2234f2379544ba88fd7e523bbc1a3a8,970_right.jpg,~/ml4img/f4dficimg/dif_orid5k_balanced/970_right.jpg,static/img/d2234f2379544ba88fd7e523bbc1a3a8_970_right.jpg
3321,a233f76cbf754b788563d481322fe9d9,971_right.jpg,~/ml4img/f4dficimg/dif_orid5k_balanced/971_right.jpg,static/img/a233f76cbf754b788563d481322fe9d9_971_right.jpg
3322,fccf1626f7f942369c72a2b145427d41,972_right.jpg,~/ml4img/f4dficimg/dif_orid5k_balanced/972_right.jpg,static/img/fccf1626f7f942369c72a2b145427d41_972_right.jpg
3323,b4fb484f614e4578b4941bd8cc8747dd,973_left.jpg,~/ml4img/f4dficimg/dif_orid5k_balanced/973_left.jpg,static/img/b4fb484f614e4578b4941bd8cc8747dd_973_left.jpg
3324,b38afe3783104c0d8ba2e4e96b3601d7,976_left.jpg,~/ml4img/f4dficimg/dif_orid5k_balanced/976_left.jpg,static/img/b38afe3783104c0d8ba2e4e96b3601d7_976_left.jpg
3325,7a1d0654bdf44fcdbaad3ef810cf7888,978_right.jpg,~/ml4img/f4dficimg/dif_orid5k_balanced/978_right.jpg,static/img/7a1d0654bdf44fcdbaad3ef810cf7888_978_right.jpg
3326,bb65ec0655b543cdbb5de1725acd2ddf,979_right.jpg,~/ml4img/f4dficimg/dif_orid5k_balanced/979_right.jpg,static/img/bb65ec0655b543cdbb5de1725acd2ddf_979_right.jpg
3327,85fbda94f2834bc1ae219ff31cc46566,981_left.jpg,~/ml4img/f4dficimg/dif_orid5k_balanced/981_left.jpg,static/img/85fbda94f2834bc1ae219ff31cc46566_981_left.jpg
3328,226ae042346f4b51a59ac2a226288f40,981_right.jpg,~/ml4img/f4dficimg/dif_orid5k_balanced/981_right.jpg,static/img/226ae042346f4b51a59ac2a226288f40_981_right.jpg
3329,d8ec80569a8f474e93c66681dc3322af,982_left.jpg,~/ml4img/f4dficimg/dif_orid5k_balanced/982_left.jpg,static/img/d8ec80569a8f474e93c66681dc3322af_982_left.jpg
3330,251fe4a4c93644b28c3420d240b2468a,983_right.jpg,~/ml4img/f4dficimg/dif_orid5k_balanced/983_right.jpg,static/img/251fe4a4c93644b28c3420d240b2468a_983_right.jpg
3331,f01208f705eb40a6b775634da436ca3e,984_left.jpg,~/ml4img/f4dficimg/dif_orid5k_balanced/984_left.jpg,static/img/f01208f705eb40a6b775634da436ca3e_984_left.jpg
3332,d6a22e43f6994b45a84b03c476739351,986_left.jpg,~/ml4img/f4dficimg/dif_orid5k_balanced/986_left.jpg,static/img/d6a22e43f6994b45a84b03c476739351_986_left.jpg
3333,f81739157e064cffb5420ada4067f0b4,987_right.jpg,~/ml4img/f4dficimg/dif_orid5k_balanced/987_right.jpg,static/img/f81739157e064cffb5420ada4067f0b4_987_right.jpg
3334,1c39b5cabd1342f0b092396484bc8b6c,991_right.jpg,~/ml4img/f4dficimg/dif_orid5k_balanced/991_right.jpg,static/img/1c39b5cabd1342f0b092396484bc8b6c_991_right.jpg
3335,4505ac509fb849af8da4b8cdb1445bb1,994_left.jpg,~/ml4img/f4dficimg/dif_orid5k_balanced/994_left.jpg,static/img/4505ac509fb849af8da4b8cdb1445bb1_994_left.jpg
3336,37b7a59cdca449068d7a35f1d4c226a9,996_left.jpg,~/ml4img/f4dficimg/dif_orid5k_balanced/996_left.jpg,static/img/37b7a59cdca449068d7a35f1d4c226a9_996_left.jpg
3337,246addc21ebf40849d0c1d3bd29af09f,997_left.jpg,~/ml4img/f4dficimg/dif_orid5k_balanced/997_left.jpg,static/img/246addc21ebf40849d0c1d3bd29af09f_997_left.jpg
3338,2fe50dc4b4fc4d488bbb834fad68ac9c,998_left.jpg,~/ml4img/f4dficimg/dif_orid5k_balanced/998_left.jpg,static/img/2fe50dc4b4fc4d488bbb834fad68ac9c_998_left.jpg
3339,7d0d35ef3f3b428eaef132af4802d41b,999_right.jpg,~/ml4img/f4dficimg/dif_orid5k_balanced/999_right.jpg,static/img/7d0d35ef3f3b428eaef132af4802d41b_999_right.jpg
3340,67857f5cf3834d7cba38556e548adf16,1006_right.jpg,~/ml4img/f4dficimg/dif_orid5k_balanced/1006_right.jpg,static/img/67857f5cf3834d7cba38556e548adf16_1006_right.jpg
3341,332184d4db2e43478021ef62f52ea8c9,1008_right.jpg,~/ml4img/f4dficimg/dif_orid5k_balanced/1008_right.jpg,static/img/332184d4db2e43478021ef62f52ea8c9_1008_right.jpg
3342,264b48b72f6a426083b5ddf53befec61,1010_right.jpg,~/ml4img/f4dficimg/dif_orid5k_balanced/1010_right.jpg,static/img/264b48b72f6a426083b5ddf53befec61_1010_right.jpg
3343,41f2b314793f4f50b210024637c22822,1012_right.jpg,~/ml4img/f4dficimg/dif_orid5k_balanced/1012_right.jpg,static/img/41f2b314793f4f50b210024637c22822_1012_right.jpg
3344,5f39d33f94ce482e82a16d8c0bed4332,1013_left.jpg,~/ml4img/f4dficimg/dif_orid5k_balanced/1013_left.jpg,static/img/5f39d33f94ce482e82a16d8c0bed4332_1013_left.jpg
3345,648c23b202ff4501a5dbcb85b80cd114,1016_right.jpg,~/ml4img/f4dficimg/dif_orid5k_balanced/1016_right.jpg,static/img/648c23b202ff4501a5dbcb85b80cd114_1016_right.jpg
3346,e074befbea1149dc8849dee08f41240d,1018_right.jpg,~/ml4img/f4dficimg/dif_orid5k_balanced/1018_right.jpg,static/img/e074befbea1149dc8849dee08f41240d_1018_right.jpg
3347,6510c2a9ef2e401cb0c2abdbb4de40c1,1019_left.jpg,~/ml4img/f4dficimg/dif_orid5k_balanced/1019_left.jpg,static/img/6510c2a9ef2e401cb0c2abdbb4de40c1_1019_left.jpg
3348,012b5b1c1e5b4e2984a70ac0f32f337e,1020_left.jpg,~/ml4img/f4dficimg/dif_orid5k_balanced/1020_left.jpg,static/img/012b5b1c1e5b4e2984a70ac0f32f337e_1020_left.jpg
3349,4d27da3d14494949bc6986b71cb4882e,1021_left.jpg,~/ml4img/f4dficimg/dif_orid5k_balanced/1021_left.jpg,static/img/4d27da3d14494949bc6986b71cb4882e_1021_left.jpg
3350,dc0b4fb0e86b4724a1a50a87c4eb42fc,1022_right.jpg,~/ml4img/f4dficimg/dif_orid5k_balanced/1022_right.jpg,static/img/dc0b4fb0e86b4724a1a50a87c4eb42fc_1022_right.jpg
3351,e3b5fb7424d74948842c0b653e5b0c0c,1023_right.jpg,~/ml4img/f4dficimg/dif_orid5k_balanced/1023_right.jpg,static/img/e3b5fb7424d74948842c0b653e5b0c0c_1023_right.jpg
3352,b1c7a65aeb064945a9dee5cc77e16378,1024_right.jpg,~/ml4img/f4dficimg/dif_orid5k_balanced/1024_right.jpg,static/img/b1c7a65aeb064945a9dee5cc77e16378_1024_right.jpg
3353,3d48abc20be14ccd8d7d66f8d5842f43,1031_left.jpg,~/ml4img/f4dficimg/dif_orid5k_balanced/1031_left.jpg,static/img/3d48abc20be14ccd8d7d66f8d5842f43_1031_left.jpg
3354,921e7b01829b42dcba5a78874efe5952,1032_left.jpg,~/ml4img/f4dficimg/dif_orid5k_balanced/1032_left.jpg,static/img/921e7b01829b42dcba5a78874efe5952_1032_left.jpg
3355,ee4c3aa3183f4987b30a5955ae2637a9,1034_left.jpg,~/ml4img/f4dficimg/dif_orid5k_balanced/1034_left.jpg,static/img/ee4c3aa3183f4987b30a5955ae2637a9_1034_left.jpg
3356,993c7da27fa44f6c89ac90cb6f2ba5bc,1034_right.jpg,~/ml4img/f4dficimg/dif_orid5k_balanced/1034_right.jpg,static/img/993c7da27fa44f6c89ac90cb6f2ba5bc_1034_right.jpg
3357,f1a266b91ef24050a3b53c2f3aca82b4,1035_right.jpg,~/ml4img/f4dficimg/dif_orid5k_balanced/1035_right.jpg,static/img/f1a266b91ef24050a3b53c2f3aca82b4_1035_right.jpg
3358,d86fba9f2622439ea822e0448bffbb25,1038_right.jpg,~/ml4img/f4dficimg/dif_orid5k_balanced/1038_right.jpg,static/img/d86fba9f2622439ea822e0448bffbb25_1038_right.jpg
3359,48029c4befbc49a58f47b98a7df9b2fd,1039_left.jpg,~/ml4img/f4dficimg/dif_orid5k_balanced/1039_left.jpg,static/img/48029c4befbc49a58f47b98a7df9b2fd_1039_left.jpg
3360,694963e3e11e4bf8870eade2c427a111,1041_left.jpg,~/ml4img/f4dficimg/dif_orid5k_balanced/1041_left.jpg,static/img/694963e3e11e4bf8870eade2c427a111_1041_left.jpg
3361,77a25bc59abb4e08b47ea2041240baf1,1043_right.jpg,~/ml4img/f4dficimg/dif_orid5k_balanced/1043_right.jpg,static/img/77a25bc59abb4e08b47ea2041240baf1_1043_right.jpg
3362,411c57e2e79e4df6b19cf9fe413c8768,1045_right.jpg,~/ml4img/f4dficimg/dif_orid5k_balanced/1045_right.jpg,static/img/411c57e2e79e4df6b19cf9fe413c8768_1045_right.jpg
3363,78b2817238d9429e9f38790672c1382f,1046_right.jpg,~/ml4img/f4dficimg/dif_orid5k_balanced/1046_right.jpg,static/img/78b2817238d9429e9f38790672c1382f_1046_right.jpg
3364,8a045e31040243e09246c243d402a62e,1050_left.jpg,~/ml4img/f4dficimg/dif_orid5k_balanced/1050_left.jpg,static/img/8a045e31040243e09246c243d402a62e_1050_left.jpg
3365,b5ee78dcb3bd45968352972e8ebd7bb7,1052_right.jpg,~/ml4img/f4dficimg/dif_orid5k_balanced/1052_right.jpg,static/img/b5ee78dcb3bd45968352972e8ebd7bb7_1052_right.jpg
3366,349f23dc6e6a4024b1ccf23ec11db040,1053_left.jpg,~/ml4img/f4dficimg/dif_orid5k_balanced/1053_left.jpg,static/img/349f23dc6e6a4024b1ccf23ec11db040_1053_left.jpg
3367,d4f33971791245c0b36e1c7768c7ff66,1054_left.jpg,~/ml4img/f4dficimg/dif_orid5k_balanced/1054_left.jpg,static/img/d4f33971791245c0b36e1c7768c7ff66_1054_left.jpg
3368,62fbc1287f3c4607970b9ffe6b797a93,1056_right.jpg,~/ml4img/f4dficimg/dif_orid5k_balanced/1056_right.jpg,static/img/62fbc1287f3c4607970b9ffe6b797a93_1056_right.jpg
3369,354445f905b946f887aaa8847e526299,1058_right.jpg,~/ml4img/f4dficimg/dif_orid5k_balanced/1058_right.jpg,static/img/354445f905b946f887aaa8847e526299_1058_right.jpg
3370,3c65055a50d44055a794b790fc55bb27,1059_right.jpg,~/ml4img/f4dficimg/dif_orid5k_balanced/1059_right.jpg,static/img/3c65055a50d44055a794b790fc55bb27_1059_right.jpg
3371,a31a41d94b2648e4aaddfb248060065c,1064_left.jpg,~/ml4img/f4dficimg/dif_orid5k_balanced/1064_left.jpg,static/img/a31a41d94b2648e4aaddfb248060065c_1064_left.jpg
3372,a89c29220b68445281b75b2c08ab44a4,1068_left.jpg,~/ml4img/f4dficimg/dif_orid5k_balanced/1068_left.jpg,static/img/a89c29220b68445281b75b2c08ab44a4_1068_left.jpg
3373,5c14bb6392444103a03c3279d0f59e2c,1068_right.jpg,~/ml4img/f4dficimg/dif_orid5k_balanced/1068_right.jpg,static/img/5c14bb6392444103a03c3279d0f59e2c_1068_right.jpg
3374,4dc77ad00abb4a91923b6a8a51726be2,1072_right.jpg,~/ml4img/f4dficimg/dif_orid5k_balanced/1072_right.jpg,static/img/4dc77ad00abb4a91923b6a8a51726be2_1072_right.jpg
3375,e822d99e196f4a6597108a3a88d69b21,1074_left.jpg,~/ml4img/f4dficimg/dif_orid5k_balanced/1074_left.jpg,static/img/e822d99e196f4a6597108a3a88d69b21_1074_left.jpg
3376,67a4a3b3920944f99757c90f684d4ef7,1075_right.jpg,~/ml4img/f4dficimg/dif_orid5k_balanced/1075_right.jpg,static/img/67a4a3b3920944f99757c90f684d4ef7_1075_right.jpg
3377,1260f312a49540f58cfb9df3efc95e3a,1077_right.jpg,~/ml4img/f4dficimg/dif_orid5k_balanced/1077_right.jpg,static/img/1260f312a49540f58cfb9df3efc95e3a_1077_right.jpg
3378,b9de3799ad6c432f9b2b0969f51cd3bf,1079_left.jpg,~/ml4img/f4dficimg/dif_orid5k_balanced/1079_left.jpg,static/img/b9de3799ad6c432f9b2b0969f51cd3bf_1079_left.jpg
3379,08db803da6014836a75653750b1e23b0,1080_right.jpg,~/ml4img/f4dficimg/dif_orid5k_balanced/1080_right.jpg,static/img/08db803da6014836a75653750b1e23b0_1080_right.jpg
3380,2963c262e81c45cb929956cb5c35319a,1081_left.jpg,~/ml4img/f4dficimg/dif_orid5k_balanced/1081_left.jpg,static/img/2963c262e81c45cb929956cb5c35319a_1081_left.jpg
3381,5f81d3390be8421493e8ffb7813de15f,1082_left.jpg,~/ml4img/f4dficimg/dif_orid5k_balanced/1082_left.jpg,static/img/5f81d3390be8421493e8ffb7813de15f_1082_left.jpg
3382,e758d5e28d364eaf99ea49729ac20c8c,1083_left.jpg,~/ml4img/f4dficimg/dif_orid5k_balanced/1083_left.jpg,static/img/e758d5e28d364eaf99ea49729ac20c8c_1083_left.jpg
3383,00d131f2c89e49868ce171b990f24f05,1084_right.jpg,~/ml4img/f4dficimg/dif_orid5k_balanced/1084_right.jpg,static/img/00d131f2c89e49868ce171b990f24f05_1084_right.jpg
3384,2521b74794cb47afac099052a5f348d0,1085_left.jpg,~/ml4img/f4dficimg/dif_orid5k_balanced/1085_left.jpg,static/img/2521b74794cb47afac099052a5f348d0_1085_left.jpg
3385,15b9ae2f331d486d99eff058278b3fbc,1085_right.jpg,~/ml4img/f4dficimg/dif_orid5k_balanced/1085_right.jpg,static/img/15b9ae2f331d486d99eff058278b3fbc_1085_right.jpg
3386,cc86f694dae647f09484b254c1f91cdd,1086_left.jpg,~/ml4img/f4dficimg/dif_orid5k_balanced/1086_left.jpg,static/img/cc86f694dae647f09484b254c1f91cdd_1086_left.jpg
3387,e3972a4e1ac943088eb047405dcce3c9,1089_left.jpg,~/ml4img/f4dficimg/dif_orid5k_balanced/1089_left.jpg,static/img/e3972a4e1ac943088eb047405dcce3c9_1089_left.jpg
3388,6498e70e0c0a4417a635a0443ff52116,1090_left.jpg,~/ml4img/f4dficimg/dif_orid5k_balanced/1090_left.jpg,static/img/6498e70e0c0a4417a635a0443ff52116_1090_left.jpg
3389,751a1fed44c74579834351358da92194,1092_right.jpg,~/ml4img/f4dficimg/dif_orid5k_balanced/1092_right.jpg,static/img/751a1fed44c74579834351358da92194_1092_right.jpg
3390,edaaff863bad4e58a89e8a474dbcf912,1093_left.jpg,~/ml4img/f4dficimg/dif_orid5k_balanced/1093_left.jpg,static/img/edaaff863bad4e58a89e8a474dbcf912_1093_left.jpg
3391,b05ad47eea5b48a2891ff9e7a8ac124e,1096_left.jpg,~/ml4img/f4dficimg/dif_orid5k_balanced/1096_left.jpg,static/img/b05ad47eea5b48a2891ff9e7a8ac124e_1096_left.jpg
3392,e87e32de0caa49a49c3dc5562c460ee8,1097_left.jpg,~/ml4img/f4dficimg/dif_orid5k_balanced/1097_left.jpg,static/img/e87e32de0caa49a49c3dc5562c460ee8_1097_left.jpg
3393,9f885425388340e681e77a65696971b0,1098_left.jpg,~/ml4img/f4dficimg/dif_orid5k_balanced/1098_left.jpg,static/img/9f885425388340e681e77a65696971b0_1098_left.jpg
3394,acaca6b430ac4ba29498d0e6b1dd65cc,1099_left.jpg,~/ml4img/f4dficimg/dif_orid5k_balanced/1099_left.jpg,static/img/acaca6b430ac4ba29498d0e6b1dd65cc_1099_left.jpg
3395,e3dfe9d73d3845e7ab7ce21e05b99fc6,1102_right.jpg,~/ml4img/f4dficimg/dif_orid5k_balanced/1102_right.jpg,static/img/e3dfe9d73d3845e7ab7ce21e05b99fc6_1102_right.jpg
3396,130dccac18d84d91b38b8e0b7fe1d7e0,1103_left.jpg,~/ml4img/f4dficimg/dif_orid5k_balanced/1103_left.jpg,static/img/130dccac18d84d91b38b8e0b7fe1d7e0_1103_left.jpg
3397,37cf4defe3344786a8df6ae432225f38,1104_right.jpg,~/ml4img/f4dficimg/dif_orid5k_balanced/1104_right.jpg,static/img/37cf4defe3344786a8df6ae432225f38_1104_right.jpg
3398,7bff744a84ab4bba9df06c42176976d1,1106_left.jpg,~/ml4img/f4dficimg/dif_orid5k_balanced/1106_left.jpg,static/img/7bff744a84ab4bba9df06c42176976d1_1106_left.jpg
3399,fc54f05e23914a78b734e0567dd99e5d,1109_left.jpg,~/ml4img/f4dficimg/dif_orid5k_balanced/1109_left.jpg,static/img/fc54f05e23914a78b734e0567dd99e5d_1109_left.jpg
3400,8d8354a860134409b0c8380f437f6497,1113_left.jpg,~/ml4img/f4dficimg/dif_orid5k_balanced/1113_left.jpg,static/img/8d8354a860134409b0c8380f437f6497_1113_left.jpg
3401,3ebc99b8f16746c591bba1ffd55ed790,1114_left.jpg,~/ml4img/f4dficimg/dif_orid5k_balanced/1114_left.jpg,static/img/3ebc99b8f16746c591bba1ffd55ed790_1114_left.jpg
3402,ec83a3a3aaac449fbb289139d009da26,1115_left.jpg,~/ml4img/f4dficimg/dif_orid5k_balanced/1115_left.jpg,static/img/ec83a3a3aaac449fbb289139d009da26_1115_left.jpg
3403,0818f4d974cd4c20a26678372211bd83,1115_right.jpg,~/ml4img/f4dficimg/dif_orid5k_balanced/1115_right.jpg,static/img/0818f4d974cd4c20a26678372211bd83_1115_right.jpg
3404,dc0bcc239c514dcd9b26593ef77b7305,1116_right.jpg,~/ml4img/f4dficimg/dif_orid5k_balanced/1116_right.jpg,static/img/dc0bcc239c514dcd9b26593ef77b7305_1116_right.jpg
3405,0d52b4374e4641f0850919dda62d8cf2,1117_left.jpg,~/ml4img/f4dficimg/dif_orid5k_balanced/1117_left.jpg,static/img/0d52b4374e4641f0850919dda62d8cf2_1117_left.jpg
3406,96820ed2c49e4be18a53bd93a8ded406,1117_right.jpg,~/ml4img/f4dficimg/dif_orid5k_balanced/1117_right.jpg,static/img/96820ed2c49e4be18a53bd93a8ded406_1117_right.jpg
3407,752cfa9fa76745f398c2e811c8020b0f,1119_left.jpg,~/ml4img/f4dficimg/dif_orid5k_balanced/1119_left.jpg,static/img/752cfa9fa76745f398c2e811c8020b0f_1119_left.jpg
3408,1edfb9fbc34d439287de096fafbe14c8,1120_left.jpg,~/ml4img/f4dficimg/dif_orid5k_balanced/1120_left.jpg,static/img/1edfb9fbc34d439287de096fafbe14c8_1120_left.jpg
3409,b280c9cfb7cd4edcaa6b8b676abf8afd,1121_right.jpg,~/ml4img/f4dficimg/dif_orid5k_balanced/1121_right.jpg,static/img/b280c9cfb7cd4edcaa6b8b676abf8afd_1121_right.jpg
3410,ee2c810d0796418d8e9ec754385dd4ee,1122_right.jpg,~/ml4img/f4dficimg/dif_orid5k_balanced/1122_right.jpg,static/img/ee2c810d0796418d8e9ec754385dd4ee_1122_right.jpg
3411,c73f299c776e42e28b7fa4c486ca2638,1125_left.jpg,~/ml4img/f4dficimg/dif_orid5k_balanced/1125_left.jpg,static/img/c73f299c776e42e28b7fa4c486ca2638_1125_left.jpg
3412,477fbfbd1bf940bebc1cb3ba40e38363,1126_left.jpg,~/ml4img/f4dficimg/dif_orid5k_balanced/1126_left.jpg,static/img/477fbfbd1bf940bebc1cb3ba40e38363_1126_left.jpg
3413,93341ddbdc234ee09bd2ca329cac95d4,1129_left.jpg,~/ml4img/f4dficimg/dif_orid5k_balanced/1129_left.jpg,static/img/93341ddbdc234ee09bd2ca329cac95d4_1129_left.jpg
3414,726f1e7fe93648ecab7fa1d425ccd94d,1129_right.jpg,~/ml4img/f4dficimg/dif_orid5k_balanced/1129_right.jpg,static/img/726f1e7fe93648ecab7fa1d425ccd94d_1129_right.jpg
3415,56718ec591944c3387e5b3933620ec9e,1132_right.jpg,~/ml4img/f4dficimg/dif_orid5k_balanced/1132_right.jpg,static/img/56718ec591944c3387e5b3933620ec9e_1132_right.jpg
3416,2c953871c6c341b7863d7b5db3269ad2,1133_left.jpg,~/ml4img/f4dficimg/dif_orid5k_balanced/1133_left.jpg,static/img/2c953871c6c341b7863d7b5db3269ad2_1133_left.jpg
3417,2054a2a310a14aa88ef8a632a2548fb6,1133_right.jpg,~/ml4img/f4dficimg/dif_orid5k_balanced/1133_right.jpg,static/img/2054a2a310a14aa88ef8a632a2548fb6_1133_right.jpg
3418,88e046198bf34b8cbd1af98cdd5ab980,1138_right.jpg,~/ml4img/f4dficimg/dif_orid5k_balanced/1138_right.jpg,static/img/88e046198bf34b8cbd1af98cdd5ab980_1138_right.jpg
3419,dffa21cdb8444497a1db78f3fe350708,1145_right.jpg,~/ml4img/f4dficimg/dif_orid5k_balanced/1145_right.jpg,static/img/dffa21cdb8444497a1db78f3fe350708_1145_right.jpg
3420,12e3e789d6064a1e85315fb39c80b900,1146_left.jpg,~/ml4img/f4dficimg/dif_orid5k_balanced/1146_left.jpg,static/img/12e3e789d6064a1e85315fb39c80b900_1146_left.jpg
3421,50e117149567442eafcde7109505fdc6,1147_left.jpg,~/ml4img/f4dficimg/dif_orid5k_balanced/1147_left.jpg,static/img/50e117149567442eafcde7109505fdc6_1147_left.jpg
3422,fe5ac839f2554ca283522cddca7ccb35,1150_right.jpg,~/ml4img/f4dficimg/dif_orid5k_balanced/1150_right.jpg,static/img/fe5ac839f2554ca283522cddca7ccb35_1150_right.jpg
3423,4589757cf852408ea68d127c6171de9f,1151_right.jpg,~/ml4img/f4dficimg/dif_orid5k_balanced/1151_right.jpg,static/img/4589757cf852408ea68d127c6171de9f_1151_right.jpg
3424,953e032cc4ea4f30890a30fb917c118a,1152_right.jpg,~/ml4img/f4dficimg/dif_orid5k_balanced/1152_right.jpg,static/img/953e032cc4ea4f30890a30fb917c118a_1152_right.jpg
3425,d49277cbe9314d3eb8f8fbd1fafaeee4,1153_left.jpg,~/ml4img/f4dficimg/dif_orid5k_balanced/1153_left.jpg,static/img/d49277cbe9314d3eb8f8fbd1fafaeee4_1153_left.jpg
3426,43768f893bd441f8a6795b06c77ff88f,1153_right.jpg,~/ml4img/f4dficimg/dif_orid5k_balanced/1153_right.jpg,static/img/43768f893bd441f8a6795b06c77ff88f_1153_right.jpg
3427,3d0f7ea410c348c3b84eb4d639ebb629,1156_left.jpg,~/ml4img/f4dficimg/dif_orid5k_balanced/1156_left.jpg,static/img/3d0f7ea410c348c3b84eb4d639ebb629_1156_left.jpg
3428,5bee7cd6cbe547b2b234d490dd943ad7,1157_right.jpg,~/ml4img/f4dficimg/dif_orid5k_balanced/1157_right.jpg,static/img/5bee7cd6cbe547b2b234d490dd943ad7_1157_right.jpg
3429,8d5bbe37752142a0900afe97c5f5c825,1160_left.jpg,~/ml4img/f4dficimg/dif_orid5k_balanced/1160_left.jpg,static/img/8d5bbe37752142a0900afe97c5f5c825_1160_left.jpg
3430,ecfd1a6eb0784ae6bc46708701d65c4b,1162_left.jpg,~/ml4img/f4dficimg/dif_orid5k_balanced/1162_left.jpg,static/img/ecfd1a6eb0784ae6bc46708701d65c4b_1162_left.jpg
3431,ad2fb268d0f9427db20042f25e75031d,1164_right.jpg,~/ml4img/f4dficimg/dif_orid5k_balanced/1164_right.jpg,static/img/ad2fb268d0f9427db20042f25e75031d_1164_right.jpg
3432,934983027d9f4ba6898ff9748e07f8b9,1166_left.jpg,~/ml4img/f4dficimg/dif_orid5k_balanced/1166_left.jpg,static/img/934983027d9f4ba6898ff9748e07f8b9_1166_left.jpg
3433,7af9df99df8c47c3acb69b95a4aee62b,1166_right.jpg,~/ml4img/f4dficimg/dif_orid5k_balanced/1166_right.jpg,static/img/7af9df99df8c47c3acb69b95a4aee62b_1166_right.jpg
3434,39fd47b7125c44cc931003eb6344c4a7,1167_right.jpg,~/ml4img/f4dficimg/dif_orid5k_balanced/1167_right.jpg,static/img/39fd47b7125c44cc931003eb6344c4a7_1167_right.jpg
3435,cf6a7239e6e64d5295e7cf6dd68a0cb4,1168_right.jpg,~/ml4img/f4dficimg/dif_orid5k_balanced/1168_right.jpg,static/img/cf6a7239e6e64d5295e7cf6dd68a0cb4_1168_right.jpg
3436,252cf5c6ba2c407c8427fb7b649776f9,1169_left.jpg,~/ml4img/f4dficimg/dif_orid5k_balanced/1169_left.jpg,static/img/252cf5c6ba2c407c8427fb7b649776f9_1169_left.jpg
3437,93197731d9ef4b6d82ecc7f9f06679f6,1170_left.jpg,~/ml4img/f4dficimg/dif_orid5k_balanced/1170_left.jpg,static/img/93197731d9ef4b6d82ecc7f9f06679f6_1170_left.jpg
3438,aae0b246be1e40f7a36ee52ba5ddbd4d,1170_right.jpg,~/ml4img/f4dficimg/dif_orid5k_balanced/1170_right.jpg,static/img/aae0b246be1e40f7a36ee52ba5ddbd4d_1170_right.jpg
3439,f882461c07c247fba89a28645f29ec6a,1173_right.jpg,~/ml4img/f4dficimg/dif_orid5k_balanced/1173_right.jpg,static/img/f882461c07c247fba89a28645f29ec6a_1173_right.jpg
3440,674be1902c6f44edbeb62b5a52481580,1176_left.jpg,~/ml4img/f4dficimg/dif_orid5k_balanced/1176_left.jpg,static/img/674be1902c6f44edbeb62b5a52481580_1176_left.jpg
3441,c0d62730f6df47cf84c999a858ce33bf,1196_left.jpg,~/ml4img/f4dficimg/dif_orid5k_balanced/1196_left.jpg,static/img/c0d62730f6df47cf84c999a858ce33bf_1196_left.jpg
3442,a49451e2d48e42f7a85734c3bb6650c0,1198_left.jpg,~/ml4img/f4dficimg/dif_orid5k_balanced/1198_left.jpg,static/img/a49451e2d48e42f7a85734c3bb6650c0_1198_left.jpg
3443,33dd0dd2c7854d3cbfa5ca57384c4488,1200_left.jpg,~/ml4img/f4dficimg/dif_orid5k_balanced/1200_left.jpg,static/img/33dd0dd2c7854d3cbfa5ca57384c4488_1200_left.jpg
3444,994565d2f5694cc2a506eb316380a492,1206_left.jpg,~/ml4img/f4dficimg/dif_orid5k_balanced/1206_left.jpg,static/img/994565d2f5694cc2a506eb316380a492_1206_left.jpg
3445,6f9482d17e5d41b483165c550d1791a6,1206_right.jpg,~/ml4img/f4dficimg/dif_orid5k_balanced/1206_right.jpg,static/img/6f9482d17e5d41b483165c550d1791a6_1206_right.jpg
3446,c5bdceae2a2b47919eabf303de9bb2ba,1209_left.jpg,~/ml4img/f4dficimg/dif_orid5k_balanced/1209_left.jpg,static/img/c5bdceae2a2b47919eabf303de9bb2ba_1209_left.jpg
3447,8c27b06b153c4bf989b13a59d37eaaa2,1209_right.jpg,~/ml4img/f4dficimg/dif_orid5k_balanced/1209_right.jpg,static/img/8c27b06b153c4bf989b13a59d37eaaa2_1209_right.jpg
3448,1101bc8bd2434bb5b36155ceb6ea2568,1211_left.jpg,~/ml4img/f4dficimg/dif_orid5k_balanced/1211_left.jpg,static/img/1101bc8bd2434bb5b36155ceb6ea2568_1211_left.jpg
3449,3f5dd42c1d36414a84ea63131edb7e9c,1212_right.jpg,~/ml4img/f4dficimg/dif_orid5k_balanced/1212_right.jpg,static/img/3f5dd42c1d36414a84ea63131edb7e9c_1212_right.jpg
3450,461375292bec42089ab882e6b6e7d076,1213_right.jpg,~/ml4img/f4dficimg/dif_orid5k_balanced/1213_right.jpg,static/img/461375292bec42089ab882e6b6e7d076_1213_right.jpg
3451,c9fabfc68eb34c578dec04eb82aa5f1e,1214_right.jpg,~/ml4img/f4dficimg/dif_orid5k_balanced/1214_right.jpg,static/img/c9fabfc68eb34c578dec04eb82aa5f1e_1214_right.jpg
3452,1dba470d1d7d480885eb59f8a7293817,1215_right.jpg,~/ml4img/f4dficimg/dif_orid5k_balanced/1215_right.jpg,static/img/1dba470d1d7d480885eb59f8a7293817_1215_right.jpg
3453,7848a875161b42d5abc8d72bbeb2410c,1216_right.jpg,~/ml4img/f4dficimg/dif_orid5k_balanced/1216_right.jpg,static/img/7848a875161b42d5abc8d72bbeb2410c_1216_right.jpg
3454,e0cc0b13a8704e3e9abcf18f1f968880,1217_left.jpg,~/ml4img/f4dficimg/dif_orid5k_balanced/1217_left.jpg,static/img/e0cc0b13a8704e3e9abcf18f1f968880_1217_left.jpg
3455,88cade49c6a14c66aad616d1de371546,1218_left.jpg,~/ml4img/f4dficimg/dif_orid5k_balanced/1218_left.jpg,static/img/88cade49c6a14c66aad616d1de371546_1218_left.jpg
3456,b169fe5c2c60445a9633b9ad68ac87fc,1218_right.jpg,~/ml4img/f4dficimg/dif_orid5k_balanced/1218_right.jpg,static/img/b169fe5c2c60445a9633b9ad68ac87fc_1218_right.jpg
3457,df56f1b903f549cebde5c11920449ffe,1219_left.jpg,~/ml4img/f4dficimg/dif_orid5k_balanced/1219_left.jpg,static/img/df56f1b903f549cebde5c11920449ffe_1219_left.jpg
3458,ad9ea2efaba046eb95d10a4b18db6813,1220_right.jpg,~/ml4img/f4dficimg/dif_orid5k_balanced/1220_right.jpg,static/img/ad9ea2efaba046eb95d10a4b18db6813_1220_right.jpg
3459,f7301a1f35e142d0ae6c0cbefc5786a1,1221_right.jpg,~/ml4img/f4dficimg/dif_orid5k_balanced/1221_right.jpg,static/img/f7301a1f35e142d0ae6c0cbefc5786a1_1221_right.jpg
3460,2d34e3bb4a614e1aacb81572180903c1,1225_left.jpg,~/ml4img/f4dficimg/dif_orid5k_balanced/1225_left.jpg,static/img/2d34e3bb4a614e1aacb81572180903c1_1225_left.jpg
3461,5c02f564be7d4fc1ac1e626e0eac003f,1226_right.jpg,~/ml4img/f4dficimg/dif_orid5k_balanced/1226_right.jpg,static/img/5c02f564be7d4fc1ac1e626e0eac003f_1226_right.jpg
3462,c8539f1bf494439b829415547ef3d8de,1227_left.jpg,~/ml4img/f4dficimg/dif_orid5k_balanced/1227_left.jpg,static/img/c8539f1bf494439b829415547ef3d8de_1227_left.jpg
3463,fb46cea922394a618c440af3c6ede416,1229_right.jpg,~/ml4img/f4dficimg/dif_orid5k_balanced/1229_right.jpg,static/img/fb46cea922394a618c440af3c6ede416_1229_right.jpg
3464,5e19ce82da924d11a31fcc779ca1e293,1230_right.jpg,~/ml4img/f4dficimg/dif_orid5k_balanced/1230_right.jpg,static/img/5e19ce82da924d11a31fcc779ca1e293_1230_right.jpg
3465,6de2859b986e40fd804f28b7da37896d,1231_left.jpg,~/ml4img/f4dficimg/dif_orid5k_balanced/1231_left.jpg,static/img/6de2859b986e40fd804f28b7da37896d_1231_left.jpg
3466,f6dfa7f9a64045bf89c176d879c0e8ad,1231_right.jpg,~/ml4img/f4dficimg/dif_orid5k_balanced/1231_right.jpg,static/img/f6dfa7f9a64045bf89c176d879c0e8ad_1231_right.jpg
3467,0740186093cd4d4ea15a2f780a3d1dcc,1232_left.jpg,~/ml4img/f4dficimg/dif_orid5k_balanced/1232_left.jpg,static/img/0740186093cd4d4ea15a2f780a3d1dcc_1232_left.jpg
3468,21e7d7eb28e9450cb59e53e337b21f55,1234_right.jpg,~/ml4img/f4dficimg/dif_orid5k_balanced/1234_right.jpg,static/img/21e7d7eb28e9450cb59e53e337b21f55_1234_right.jpg
3469,70d7838c34d74c9db7daf7989482cde6,1237_right.jpg,~/ml4img/f4dficimg/dif_orid5k_balanced/1237_right.jpg,static/img/70d7838c34d74c9db7daf7989482cde6_1237_right.jpg
3470,0e4c2b7fdfb94b7fa67245a4dd0198df,1238_right.jpg,~/ml4img/f4dficimg/dif_orid5k_balanced/1238_right.jpg,static/img/0e4c2b7fdfb94b7fa67245a4dd0198df_1238_right.jpg
3471,4b96d04e673b47eabd198370a2718508,1239_left.jpg,~/ml4img/f4dficimg/dif_orid5k_balanced/1239_left.jpg,static/img/4b96d04e673b47eabd198370a2718508_1239_left.jpg
3472,a70cdd488ddb4fcfa207f85d842efa9f,1245_left.jpg,~/ml4img/f4dficimg/dif_orid5k_balanced/1245_left.jpg,static/img/a70cdd488ddb4fcfa207f85d842efa9f_1245_left.jpg
3473,68feb5bf0a9f407fae7fa121a49d2767,1246_left.jpg,~/ml4img/f4dficimg/dif_orid5k_balanced/1246_left.jpg,static/img/68feb5bf0a9f407fae7fa121a49d2767_1246_left.jpg
3474,388d467011f34d17b5f4b50428ba543e,1247_left.jpg,~/ml4img/f4dficimg/dif_orid5k_balanced/1247_left.jpg,static/img/388d467011f34d17b5f4b50428ba543e_1247_left.jpg
3475,91a21ddb277740b69d76abaad1e6e91d,1247_right.jpg,~/ml4img/f4dficimg/dif_orid5k_balanced/1247_right.jpg,static/img/91a21ddb277740b69d76abaad1e6e91d_1247_right.jpg
3476,c48e0eb9bbab4a25ae40dd4c0098d465,1250_left.jpg,~/ml4img/f4dficimg/dif_orid5k_balanced/1250_left.jpg,static/img/c48e0eb9bbab4a25ae40dd4c0098d465_1250_left.jpg
3477,90a940b41d5a40d3aecc6cc37811b6d4,1251_left.jpg,~/ml4img/f4dficimg/dif_orid5k_balanced/1251_left.jpg,static/img/90a940b41d5a40d3aecc6cc37811b6d4_1251_left.jpg
3478,c4bf08c040e544a3a0f3a7f07ab20c61,1253_left.jpg,~/ml4img/f4dficimg/dif_orid5k_balanced/1253_left.jpg,static/img/c4bf08c040e544a3a0f3a7f07ab20c61_1253_left.jpg
3479,e1700adafae14e86b0939552e5bf1049,1253_right.jpg,~/ml4img/f4dficimg/dif_orid5k_balanced/1253_right.jpg,static/img/e1700adafae14e86b0939552e5bf1049_1253_right.jpg
3480,ad70d59a20c449fcae0b0824c01bcc87,1254_right.jpg,~/ml4img/f4dficimg/dif_orid5k_balanced/1254_right.jpg,static/img/ad70d59a20c449fcae0b0824c01bcc87_1254_right.jpg
3481,bdb7cdd430cd4ad7bf54792c4eda71ac,1256_left.jpg,~/ml4img/f4dficimg/dif_orid5k_balanced/1256_left.jpg,static/img/bdb7cdd430cd4ad7bf54792c4eda71ac_1256_left.jpg
3482,74b4ef48fd2142f6bc97b1f121252871,1259_left.jpg,~/ml4img/f4dficimg/dif_orid5k_balanced/1259_left.jpg,static/img/74b4ef48fd2142f6bc97b1f121252871_1259_left.jpg
3483,e732c529488e4d42adab644e74afda87,1261_right.jpg,~/ml4img/f4dficimg/dif_orid5k_balanced/1261_right.jpg,static/img/e732c529488e4d42adab644e74afda87_1261_right.jpg
3484,be96c229e458444baab3abb421e9bb81,1262_left.jpg,~/ml4img/f4dficimg/dif_orid5k_balanced/1262_left.jpg,static/img/be96c229e458444baab3abb421e9bb81_1262_left.jpg
3485,9fd89f628b304ff1a78f61809cdba689,1263_right.jpg,~/ml4img/f4dficimg/dif_orid5k_balanced/1263_right.jpg,static/img/9fd89f628b304ff1a78f61809cdba689_1263_right.jpg
3486,7353b6c862f54398a9dc505bab70ccd8,1266_left.jpg,~/ml4img/f4dficimg/dif_orid5k_balanced/1266_left.jpg,static/img/7353b6c862f54398a9dc505bab70ccd8_1266_left.jpg
3487,2e174ae64fe44426852d3db38800a79a,1269_right.jpg,~/ml4img/f4dficimg/dif_orid5k_balanced/1269_right.jpg,static/img/2e174ae64fe44426852d3db38800a79a_1269_right.jpg
3488,41e234be04804f25854643f637d4c990,1271_right.jpg,~/ml4img/f4dficimg/dif_orid5k_balanced/1271_right.jpg,static/img/41e234be04804f25854643f637d4c990_1271_right.jpg
3489,db66b6e33d654f3a9bc9aea7f4ea0ac6,1276_left.jpg,~/ml4img/f4dficimg/dif_orid5k_balanced/1276_left.jpg,static/img/db66b6e33d654f3a9bc9aea7f4ea0ac6_1276_left.jpg
3490,a2457044ddf44f838df7ede04975bc46,1277_left.jpg,~/ml4img/f4dficimg/dif_orid5k_balanced/1277_left.jpg,static/img/a2457044ddf44f838df7ede04975bc46_1277_left.jpg
3491,354f553a63be4831a3fb3fb5df87a91a,1279_right.jpg,~/ml4img/f4dficimg/dif_orid5k_balanced/1279_right.jpg,static/img/354f553a63be4831a3fb3fb5df87a91a_1279_right.jpg
3492,2bd9a5c8d1d3418ab35114e08f75b97d,1280_left.jpg,~/ml4img/f4dficimg/dif_orid5k_balanced/1280_left.jpg,static/img/2bd9a5c8d1d3418ab35114e08f75b97d_1280_left.jpg
3493,b8272eef8f4544ce95e748cda343f700,1281_left.jpg,~/ml4img/f4dficimg/dif_orid5k_balanced/1281_left.jpg,static/img/b8272eef8f4544ce95e748cda343f700_1281_left.jpg
3494,ceccdfc64d21440db134c96fb1946d52,1282_left.jpg,~/ml4img/f4dficimg/dif_orid5k_balanced/1282_left.jpg,static/img/ceccdfc64d21440db134c96fb1946d52_1282_left.jpg
3495,c74237bef03c498b861551441725a6b0,1284_right.jpg,~/ml4img/f4dficimg/dif_orid5k_balanced/1284_right.jpg,static/img/c74237bef03c498b861551441725a6b0_1284_right.jpg
3496,de17d21d617441c782689b4db6c56562,1285_left.jpg,~/ml4img/f4dficimg/dif_orid5k_balanced/1285_left.jpg,static/img/de17d21d617441c782689b4db6c56562_1285_left.jpg
3497,c752268975fd4c178e933078ed0c02ef,1286_right.jpg,~/ml4img/f4dficimg/dif_orid5k_balanced/1286_right.jpg,static/img/c752268975fd4c178e933078ed0c02ef_1286_right.jpg
3498,c32ef9ddf28d48a5bb1e22d053160a61,1287_right.jpg,~/ml4img/f4dficimg/dif_orid5k_balanced/1287_right.jpg,static/img/c32ef9ddf28d48a5bb1e22d053160a61_1287_right.jpg
3499,7f3e0a14e70a45c3987d02a16e3f1da8,1288_right.jpg,~/ml4img/f4dficimg/dif_orid5k_balanced/1288_right.jpg,static/img/7f3e0a14e70a45c3987d02a16e3f1da8_1288_right.jpg
3500,d06a76b0373542989408bc75d492ad93,1289_right.jpg,~/ml4img/f4dficimg/dif_orid5k_balanced/1289_right.jpg,static/img/d06a76b0373542989408bc75d492ad93_1289_right.jpg
3501,2868efc6a12e46fc9a92c9d2b5d9d44b,1290_left.jpg,~/ml4img/f4dficimg/dif_orid5k_balanced/1290_left.jpg,static/img/2868efc6a12e46fc9a92c9d2b5d9d44b_1290_left.jpg
3502,f1b8e84ad41746c3ac10b88cd608576a,1291_left.jpg,~/ml4img/f4dficimg/dif_orid5k_balanced/1291_left.jpg,static/img/f1b8e84ad41746c3ac10b88cd608576a_1291_left.jpg
3503,f3da48d16174417fa11a5126c90dbfec,1294_right.jpg,~/ml4img/f4dficimg/dif_orid5k_balanced/1294_right.jpg,static/img/f3da48d16174417fa11a5126c90dbfec_1294_right.jpg
3504,c5b03d6617ae43559bb974f2fbb6c816,1296_left.jpg,~/ml4img/f4dficimg/dif_orid5k_balanced/1296_left.jpg,static/img/c5b03d6617ae43559bb974f2fbb6c816_1296_left.jpg
3505,35b6a44a2aa047f68328ace9209b3e26,1297_right.jpg,~/ml4img/f4dficimg/dif_orid5k_balanced/1297_right.jpg,static/img/35b6a44a2aa047f68328ace9209b3e26_1297_right.jpg
3506,f6bbff8bd3b948e687bb5dcdb607a6bb,1299_left.jpg,~/ml4img/f4dficimg/dif_orid5k_balanced/1299_left.jpg,static/img/f6bbff8bd3b948e687bb5dcdb607a6bb_1299_left.jpg
3507,210087ff25834fb395303deb091f120a,1301_left.jpg,~/ml4img/f4dficimg/dif_orid5k_balanced/1301_left.jpg,static/img/210087ff25834fb395303deb091f120a_1301_left.jpg
3508,fccc8459a1624c438ea1002b2e86d21e,1302_right.jpg,~/ml4img/f4dficimg/dif_orid5k_balanced/1302_right.jpg,static/img/fccc8459a1624c438ea1002b2e86d21e_1302_right.jpg
3509,b81c60fbb2c54f4baf242856623f06a1,1303_left.jpg,~/ml4img/f4dficimg/dif_orid5k_balanced/1303_left.jpg,static/img/b81c60fbb2c54f4baf242856623f06a1_1303_left.jpg
3510,ae2ab799933b4e51be19053e674f7446,1304_right.jpg,~/ml4img/f4dficimg/dif_orid5k_balanced/1304_right.jpg,static/img/ae2ab799933b4e51be19053e674f7446_1304_right.jpg
3511,885459a488674bb1b374adda61e01e89,1306_right.jpg,~/ml4img/f4dficimg/dif_orid5k_balanced/1306_right.jpg,static/img/885459a488674bb1b374adda61e01e89_1306_right.jpg
3512,9709b33ca9a94acf8f67ce33204c379a,1308_right.jpg,~/ml4img/f4dficimg/dif_orid5k_balanced/1308_right.jpg,static/img/9709b33ca9a94acf8f67ce33204c379a_1308_right.jpg
3513,fb0c96bd203848f3b7a48589fd8160b2,1309_right.jpg,~/ml4img/f4dficimg/dif_orid5k_balanced/1309_right.jpg,static/img/fb0c96bd203848f3b7a48589fd8160b2_1309_right.jpg
3514,d98dc5a1675d4f75a3994c7e44fc87a9,1314_right.jpg,~/ml4img/f4dficimg/dif_orid5k_balanced/1314_right.jpg,static/img/d98dc5a1675d4f75a3994c7e44fc87a9_1314_right.jpg
3515,f2a2409b31fc4c99b350b6bb1fd61824,1318_left.jpg,~/ml4img/f4dficimg/dif_orid5k_balanced/1318_left.jpg,static/img/f2a2409b31fc4c99b350b6bb1fd61824_1318_left.jpg
3516,bfae9da604604e72bc7ceb1fccef1501,1325_right.jpg,~/ml4img/f4dficimg/dif_orid5k_balanced/1325_right.jpg,static/img/bfae9da604604e72bc7ceb1fccef1501_1325_right.jpg
3517,789acaaca62c4029ac12fa5325ca32e7,1327_right.jpg,~/ml4img/f4dficimg/dif_orid5k_balanced/1327_right.jpg,static/img/789acaaca62c4029ac12fa5325ca32e7_1327_right.jpg
3518,93cc02374f5d4b48be549dbc65492b71,1330_left.jpg,~/ml4img/f4dficimg/dif_orid5k_balanced/1330_left.jpg,static/img/93cc02374f5d4b48be549dbc65492b71_1330_left.jpg
3519,19b8c7f6716b4017ae47b984b9ff16f5,1330_right.jpg,~/ml4img/f4dficimg/dif_orid5k_balanced/1330_right.jpg,static/img/19b8c7f6716b4017ae47b984b9ff16f5_1330_right.jpg
3520,a5f383454b394f4d999d49bc364b8bdf,1344_left.jpg,~/ml4img/f4dficimg/dif_orid5k_balanced/1344_left.jpg,static/img/a5f383454b394f4d999d49bc364b8bdf_1344_left.jpg
3521,e349f19856c04378a79760a6f595478f,1344_right.jpg,~/ml4img/f4dficimg/dif_orid5k_balanced/1344_right.jpg,static/img/e349f19856c04378a79760a6f595478f_1344_right.jpg
3522,991b27ebb93a400e871a9c3fc850f198,1349_left.jpg,~/ml4img/f4dficimg/dif_orid5k_balanced/1349_left.jpg,static/img/991b27ebb93a400e871a9c3fc850f198_1349_left.jpg
3523,81c184247a17421e8f0fc86f24d0e3be,1349_right.jpg,~/ml4img/f4dficimg/dif_orid5k_balanced/1349_right.jpg,static/img/81c184247a17421e8f0fc86f24d0e3be_1349_right.jpg
3524,9cee557b983c4bac82d8425df8a5c955,1351_left.jpg,~/ml4img/f4dficimg/dif_orid5k_balanced/1351_left.jpg,static/img/9cee557b983c4bac82d8425df8a5c955_1351_left.jpg
3525,244ea8e53cf94f1986e962aadabeb966,1352_left.jpg,~/ml4img/f4dficimg/dif_orid5k_balanced/1352_left.jpg,static/img/244ea8e53cf94f1986e962aadabeb966_1352_left.jpg
3526,01428e01116d4647b7c665e4a26ae5cd,1352_right.jpg,~/ml4img/f4dficimg/dif_orid5k_balanced/1352_right.jpg,static/img/01428e01116d4647b7c665e4a26ae5cd_1352_right.jpg
3527,296f0fc552254eb092d9d2c5c8d368ee,1353_left.jpg,~/ml4img/f4dficimg/dif_orid5k_balanced/1353_left.jpg,static/img/296f0fc552254eb092d9d2c5c8d368ee_1353_left.jpg
3528,306a8f1c73044e8e8005e62e1dddec27,1362_left.jpg,~/ml4img/f4dficimg/dif_orid5k_balanced/1362_left.jpg,static/img/306a8f1c73044e8e8005e62e1dddec27_1362_left.jpg
3529,f3fb1520c14f4174ace3e2cdcbef2eb3,1362_right.jpg,~/ml4img/f4dficimg/dif_orid5k_balanced/1362_right.jpg,static/img/f3fb1520c14f4174ace3e2cdcbef2eb3_1362_right.jpg
3530,51689c99fae045869e3fb8f0f18e9caa,1364_left.jpg,~/ml4img/f4dficimg/dif_orid5k_balanced/1364_left.jpg,static/img/51689c99fae045869e3fb8f0f18e9caa_1364_left.jpg
3531,b5d421a6ecc74f95a8e8939033fe3367,1365_left.jpg,~/ml4img/f4dficimg/dif_orid5k_balanced/1365_left.jpg,static/img/b5d421a6ecc74f95a8e8939033fe3367_1365_left.jpg
3532,31879178df2b4165ae96923a54a00656,1369_left.jpg,~/ml4img/f4dficimg/dif_orid5k_balanced/1369_left.jpg,static/img/31879178df2b4165ae96923a54a00656_1369_left.jpg
3533,3d310c7c62fe43d793826d95a7804647,1371_left.jpg,~/ml4img/f4dficimg/dif_orid5k_balanced/1371_left.jpg,static/img/3d310c7c62fe43d793826d95a7804647_1371_left.jpg
3534,169886c8b58f4dd18dc538c96470281f,1371_right.jpg,~/ml4img/f4dficimg/dif_orid5k_balanced/1371_right.jpg,static/img/169886c8b58f4dd18dc538c96470281f_1371_right.jpg
3535,00c3f940dcef4db295e91e39d3dc18de,1374_left.jpg,~/ml4img/f4dficimg/dif_orid5k_balanced/1374_left.jpg,static/img/00c3f940dcef4db295e91e39d3dc18de_1374_left.jpg
3536,a8021f6940b141c9a9249e07241e329a,1377_left.jpg,~/ml4img/f4dficimg/dif_orid5k_balanced/1377_left.jpg,static/img/a8021f6940b141c9a9249e07241e329a_1377_left.jpg
3537,d0376165e6304b02b5ab21f66705882d,1383_right.jpg,~/ml4img/f4dficimg/dif_orid5k_balanced/1383_right.jpg,static/img/d0376165e6304b02b5ab21f66705882d_1383_right.jpg
3538,5a696796064144f195e4cfe26000ac0b,1386_left.jpg,~/ml4img/f4dficimg/dif_orid5k_balanced/1386_left.jpg,static/img/5a696796064144f195e4cfe26000ac0b_1386_left.jpg
3539,012152fb71c241d19e663fc29155f85f,1388_right.jpg,~/ml4img/f4dficimg/dif_orid5k_balanced/1388_right.jpg,static/img/012152fb71c241d19e663fc29155f85f_1388_right.jpg
3540,16f486d23c764c5dbc330c322e252f60,1392_right.jpg,~/ml4img/f4dficimg/dif_orid5k_balanced/1392_right.jpg,static/img/16f486d23c764c5dbc330c322e252f60_1392_right.jpg
3541,8aecb8e7bbb74e4e860dd2e54b0a2cb3,1393_left.jpg,~/ml4img/f4dficimg/dif_orid5k_balanced/1393_left.jpg,static/img/8aecb8e7bbb74e4e860dd2e54b0a2cb3_1393_left.jpg
3542,067da7a9871f42dfaa0a327e9cc0a5b6,1393_right.jpg,~/ml4img/f4dficimg/dif_orid5k_balanced/1393_right.jpg,static/img/067da7a9871f42dfaa0a327e9cc0a5b6_1393_right.jpg
3543,30f97539388e465892d5ed732a94506c,1396_left.jpg,~/ml4img/f4dficimg/dif_orid5k_balanced/1396_left.jpg,static/img/30f97539388e465892d5ed732a94506c_1396_left.jpg
3544,351ef5365d774fcaa5ed6e2dee484a06,1404_right.jpg,~/ml4img/f4dficimg/dif_orid5k_balanced/1404_right.jpg,static/img/351ef5365d774fcaa5ed6e2dee484a06_1404_right.jpg
3545,585d7e9edb2343f0b40d0216344e1132,1405_right.jpg,~/ml4img/f4dficimg/dif_orid5k_balanced/1405_right.jpg,static/img/585d7e9edb2343f0b40d0216344e1132_1405_right.jpg
3546,af357562abf140068b6db30723ea31c4,1406_left.jpg,~/ml4img/f4dficimg/dif_orid5k_balanced/1406_left.jpg,static/img/af357562abf140068b6db30723ea31c4_1406_left.jpg
3547,f4156badfd6a4ced94b529787ee5578f,1409_right.jpg,~/ml4img/f4dficimg/dif_orid5k_balanced/1409_right.jpg,static/img/f4156badfd6a4ced94b529787ee5578f_1409_right.jpg
3548,199672f6f62b47f2b6fba5e2fcc858d1,1410_left.jpg,~/ml4img/f4dficimg/dif_orid5k_balanced/1410_left.jpg,static/img/199672f6f62b47f2b6fba5e2fcc858d1_1410_left.jpg
3549,9b2133878b6c4899b9e5bcedf5510632,1411_left.jpg,~/ml4img/f4dficimg/dif_orid5k_balanced/1411_left.jpg,static/img/9b2133878b6c4899b9e5bcedf5510632_1411_left.jpg
3550,5a56d1037fc740719d349650ee24122c,1413_right.jpg,~/ml4img/f4dficimg/dif_orid5k_balanced/1413_right.jpg,static/img/5a56d1037fc740719d349650ee24122c_1413_right.jpg
3551,ca2219f268744323a4009ec6c232969e,1414_left.jpg,~/ml4img/f4dficimg/dif_orid5k_balanced/1414_left.jpg,static/img/ca2219f268744323a4009ec6c232969e_1414_left.jpg
3552,df6daee3d05d43baa19c201d890577c5,1414_right.jpg,~/ml4img/f4dficimg/dif_orid5k_balanced/1414_right.jpg,static/img/df6daee3d05d43baa19c201d890577c5_1414_right.jpg
3553,323e0c942f9c46db8d55e560435f49a4,1415_left.jpg,~/ml4img/f4dficimg/dif_orid5k_balanced/1415_left.jpg,static/img/323e0c942f9c46db8d55e560435f49a4_1415_left.jpg
3554,513ba61f76d84d6c8122fb47c63aaec7,1415_right.jpg,~/ml4img/f4dficimg/dif_orid5k_balanced/1415_right.jpg,static/img/513ba61f76d84d6c8122fb47c63aaec7_1415_right.jpg
3555,2674846d8cc043f9a28f69ffd3d2ed35,1416_right.jpg,~/ml4img/f4dficimg/dif_orid5k_balanced/1416_right.jpg,static/img/2674846d8cc043f9a28f69ffd3d2ed35_1416_right.jpg
3556,dc0d609625944cddb7e43c49bef63651,1417_left.jpg,~/ml4img/f4dficimg/dif_orid5k_balanced/1417_left.jpg,static/img/dc0d609625944cddb7e43c49bef63651_1417_left.jpg
3557,6d48eca561144be58240cdd51efb1fbc,1417_right.jpg,~/ml4img/f4dficimg/dif_orid5k_balanced/1417_right.jpg,static/img/6d48eca561144be58240cdd51efb1fbc_1417_right.jpg
3558,9c5d569917644a449c6da4ab0fa35a5c,1418_left.jpg,~/ml4img/f4dficimg/dif_orid5k_balanced/1418_left.jpg,static/img/9c5d569917644a449c6da4ab0fa35a5c_1418_left.jpg
3559,f49ab624b20b4d4399836ffbdfaf5a0c,1420_left.jpg,~/ml4img/f4dficimg/dif_orid5k_balanced/1420_left.jpg,static/img/f49ab624b20b4d4399836ffbdfaf5a0c_1420_left.jpg
3560,4d6bcca9bf814ab59c5f8866d32cff72,1421_left.jpg,~/ml4img/f4dficimg/dif_orid5k_balanced/1421_left.jpg,static/img/4d6bcca9bf814ab59c5f8866d32cff72_1421_left.jpg
3561,f1f46d1dadde41739133b9a3792bbec9,1421_right.jpg,~/ml4img/f4dficimg/dif_orid5k_balanced/1421_right.jpg,static/img/f1f46d1dadde41739133b9a3792bbec9_1421_right.jpg
3562,6ba83cfa03424f059d70796240a27633,1423_right.jpg,~/ml4img/f4dficimg/dif_orid5k_balanced/1423_right.jpg,static/img/6ba83cfa03424f059d70796240a27633_1423_right.jpg
3563,a6ba4a29683746688c96d65b3340cc01,1424_right.jpg,~/ml4img/f4dficimg/dif_orid5k_balanced/1424_right.jpg,static/img/a6ba4a29683746688c96d65b3340cc01_1424_right.jpg
3564,161e34c792e447b39ce3ee07b350d12a,1425_left.jpg,~/ml4img/f4dficimg/dif_orid5k_balanced/1425_left.jpg,static/img/161e34c792e447b39ce3ee07b350d12a_1425_left.jpg
3565,7e3b41339d004332b27e6b91e57d859c,1425_right.jpg,~/ml4img/f4dficimg/dif_orid5k_balanced/1425_right.jpg,static/img/7e3b41339d004332b27e6b91e57d859c_1425_right.jpg
3566,70d587e18d42476b970486246650ab3b,1426_right.jpg,~/ml4img/f4dficimg/dif_orid5k_balanced/1426_right.jpg,static/img/70d587e18d42476b970486246650ab3b_1426_right.jpg
3567,c93e1389e45e463b9152142793bd53c8,1427_left.jpg,~/ml4img/f4dficimg/dif_orid5k_balanced/1427_left.jpg,static/img/c93e1389e45e463b9152142793bd53c8_1427_left.jpg
3568,1327157188d14f21b1df9b7499559c6e,1427_right.jpg,~/ml4img/f4dficimg/dif_orid5k_balanced/1427_right.jpg,static/img/1327157188d14f21b1df9b7499559c6e_1427_right.jpg
3569,6c1c6784ef8d48929fb3cedbc029d129,1428_left.jpg,~/ml4img/f4dficimg/dif_orid5k_balanced/1428_left.jpg,static/img/6c1c6784ef8d48929fb3cedbc029d129_1428_left.jpg
3570,d5b77edca9c244cbb0356af5d38ed29b,1428_right.jpg,~/ml4img/f4dficimg/dif_orid5k_balanced/1428_right.jpg,static/img/d5b77edca9c244cbb0356af5d38ed29b_1428_right.jpg
3571,3c0e92a9994f4461bf724650e1d11c49,1429_right.jpg,~/ml4img/f4dficimg/dif_orid5k_balanced/1429_right.jpg,static/img/3c0e92a9994f4461bf724650e1d11c49_1429_right.jpg
3572,eaf783644149455ead59d229d7b3551d,1431_left.jpg,~/ml4img/f4dficimg/dif_orid5k_balanced/1431_left.jpg,static/img/eaf783644149455ead59d229d7b3551d_1431_left.jpg
3573,0013ce055c874fbf9419b99b7539001f,1433_left.jpg,~/ml4img/f4dficimg/dif_orid5k_balanced/1433_left.jpg,static/img/0013ce055c874fbf9419b99b7539001f_1433_left.jpg
3574,e97774ca0d504d3793d9469873f15700,1433_right.jpg,~/ml4img/f4dficimg/dif_orid5k_balanced/1433_right.jpg,static/img/e97774ca0d504d3793d9469873f15700_1433_right.jpg
3575,c4dbf6839f234364b6efcedd7f13df52,1434_left.jpg,~/ml4img/f4dficimg/dif_orid5k_balanced/1434_left.jpg,static/img/c4dbf6839f234364b6efcedd7f13df52_1434_left.jpg
3576,351d6031d6874af2afbcb553cb19d332,1434_right.jpg,~/ml4img/f4dficimg/dif_orid5k_balanced/1434_right.jpg,static/img/351d6031d6874af2afbcb553cb19d332_1434_right.jpg
3577,81b7eedf1d334f449234585113eafc63,1435_left.jpg,~/ml4img/f4dficimg/dif_orid5k_balanced/1435_left.jpg,static/img/81b7eedf1d334f449234585113eafc63_1435_left.jpg
3578,0998fb7e3e834b34a6be7ca7bf3f2936,1439_right.jpg,~/ml4img/f4dficimg/dif_orid5k_balanced/1439_right.jpg,static/img/0998fb7e3e834b34a6be7ca7bf3f2936_1439_right.jpg
3579,5f3a550912a642cfa482444ae0085b51,1440_left.jpg,~/ml4img/f4dficimg/dif_orid5k_balanced/1440_left.jpg,static/img/5f3a550912a642cfa482444ae0085b51_1440_left.jpg
3580,ac39869bdd964c19be4f5dc68a72400f,1440_right.jpg,~/ml4img/f4dficimg/dif_orid5k_balanced/1440_right.jpg,static/img/ac39869bdd964c19be4f5dc68a72400f_1440_right.jpg
3581,4d3a70a1d5774950bca7320182ed8a95,1443_left.jpg,~/ml4img/f4dficimg/dif_orid5k_balanced/1443_left.jpg,static/img/4d3a70a1d5774950bca7320182ed8a95_1443_left.jpg
3582,cde60bab59fa46738c321cd71748b31b,1444_right.jpg,~/ml4img/f4dficimg/dif_orid5k_balanced/1444_right.jpg,static/img/cde60bab59fa46738c321cd71748b31b_1444_right.jpg
3583,85b3187e05cb468c866a8ddf4f077ceb,1447_right.jpg,~/ml4img/f4dficimg/dif_orid5k_balanced/1447_right.jpg,static/img/85b3187e05cb468c866a8ddf4f077ceb_1447_right.jpg
3584,1705e9ab70ff4b449c726757b86dce57,1453_left.jpg,~/ml4img/f4dficimg/dif_orid5k_balanced/1453_left.jpg,static/img/1705e9ab70ff4b449c726757b86dce57_1453_left.jpg
3585,ba0bbc5dd75444579b029a8115b583db,1453_right.jpg,~/ml4img/f4dficimg/dif_orid5k_balanced/1453_right.jpg,static/img/ba0bbc5dd75444579b029a8115b583db_1453_right.jpg
3586,e6d791cdcf7c494590265d69f34bf7d6,1454_right.jpg,~/ml4img/f4dficimg/dif_orid5k_balanced/1454_right.jpg,static/img/e6d791cdcf7c494590265d69f34bf7d6_1454_right.jpg
3587,bf948192630b4fe7863f78728ecf3297,1456_left.jpg,~/ml4img/f4dficimg/dif_orid5k_balanced/1456_left.jpg,static/img/bf948192630b4fe7863f78728ecf3297_1456_left.jpg
3588,c31f04e511824613b989a4e6cbf03e62,1458_right.jpg,~/ml4img/f4dficimg/dif_orid5k_balanced/1458_right.jpg,static/img/c31f04e511824613b989a4e6cbf03e62_1458_right.jpg
3589,ef02763946be4137af7ecf05b8398d5e,1460_left.jpg,~/ml4img/f4dficimg/dif_orid5k_balanced/1460_left.jpg,static/img/ef02763946be4137af7ecf05b8398d5e_1460_left.jpg
3590,fb55102c1eb3491e95f79b9860e75c30,1462_left.jpg,~/ml4img/f4dficimg/dif_orid5k_balanced/1462_left.jpg,static/img/fb55102c1eb3491e95f79b9860e75c30_1462_left.jpg
3591,3f3faba7c24449b1b7753147c22a0066,1468_left.jpg,~/ml4img/f4dficimg/dif_orid5k_balanced/1468_left.jpg,static/img/3f3faba7c24449b1b7753147c22a0066_1468_left.jpg
3592,55fccdf606e144c08a41d70841e16412,1469_left.jpg,~/ml4img/f4dficimg/dif_orid5k_balanced/1469_left.jpg,static/img/55fccdf606e144c08a41d70841e16412_1469_left.jpg
3593,e884dd5af4f249e7825b72b72f2f8fa2,1470_right.jpg,~/ml4img/f4dficimg/dif_orid5k_balanced/1470_right.jpg,static/img/e884dd5af4f249e7825b72b72f2f8fa2_1470_right.jpg
3594,11eb73e67b0a4296ac8834d44c8d5aac,1471_left.jpg,~/ml4img/f4dficimg/dif_orid5k_balanced/1471_left.jpg,static/img/11eb73e67b0a4296ac8834d44c8d5aac_1471_left.jpg
3595,4955bb219b094eb8a709ad32da232bd4,1473_left.jpg,~/ml4img/f4dficimg/dif_orid5k_balanced/1473_left.jpg,static/img/4955bb219b094eb8a709ad32da232bd4_1473_left.jpg
3596,43139e696a0348f9bb369688d1aaf353,1475_right.jpg,~/ml4img/f4dficimg/dif_orid5k_balanced/1475_right.jpg,static/img/43139e696a0348f9bb369688d1aaf353_1475_right.jpg
3597,74662c727ee04e338f121f5ee98c2054,1477_left.jpg,~/ml4img/f4dficimg/dif_orid5k_balanced/1477_left.jpg,static/img/74662c727ee04e338f121f5ee98c2054_1477_left.jpg
3598,19ab9f218478405598297755ac7aac0e,1477_right.jpg,~/ml4img/f4dficimg/dif_orid5k_balanced/1477_right.jpg,static/img/19ab9f218478405598297755ac7aac0e_1477_right.jpg
3599,56924dd1b21a413e97a52a3aec372c99,1478_right.jpg,~/ml4img/f4dficimg/dif_orid5k_balanced/1478_right.jpg,static/img/56924dd1b21a413e97a52a3aec372c99_1478_right.jpg
3600,f891993ef3114e7a8c7e322066e948ef,1479_right.jpg,~/ml4img/f4dficimg/dif_orid5k_balanced/1479_right.jpg,static/img/f891993ef3114e7a8c7e322066e948ef_1479_right.jpg
3601,53b88b1670084a3d995116ad447a6da6,1480_right.jpg,~/ml4img/f4dficimg/dif_orid5k_balanced/1480_right.jpg,static/img/53b88b1670084a3d995116ad447a6da6_1480_right.jpg
3602,847afaad86f44a92a111eaf59581ae84,1483_left.jpg,~/ml4img/f4dficimg/dif_orid5k_balanced/1483_left.jpg,static/img/847afaad86f44a92a111eaf59581ae84_1483_left.jpg
3603,6d39e673c59f457c9510c0c9f73b93a8,1483_right.jpg,~/ml4img/f4dficimg/dif_orid5k_balanced/1483_right.jpg,static/img/6d39e673c59f457c9510c0c9f73b93a8_1483_right.jpg
3604,fb0303874d444a1bb4b5458087165039,1485_left.jpg,~/ml4img/f4dficimg/dif_orid5k_balanced/1485_left.jpg,static/img/fb0303874d444a1bb4b5458087165039_1485_left.jpg
3605,5a06a344de534d6f8ad43b5287d971da,1485_right.jpg,~/ml4img/f4dficimg/dif_orid5k_balanced/1485_right.jpg,static/img/5a06a344de534d6f8ad43b5287d971da_1485_right.jpg
3606,3c3004283a514d69b012e0afd7a3af08,1488_right.jpg,~/ml4img/f4dficimg/dif_orid5k_balanced/1488_right.jpg,static/img/3c3004283a514d69b012e0afd7a3af08_1488_right.jpg
3607,49d91dba054a42ba995e9b904606e942,1489_right.jpg,~/ml4img/f4dficimg/dif_orid5k_balanced/1489_right.jpg,static/img/49d91dba054a42ba995e9b904606e942_1489_right.jpg
3608,485787e0695e40f18a35e9b5654fd68f,1491_right.jpg,~/ml4img/f4dficimg/dif_orid5k_balanced/1491_right.jpg,static/img/485787e0695e40f18a35e9b5654fd68f_1491_right.jpg
3609,d7f59d75ee5e49618e504cda34995266,1492_right.jpg,~/ml4img/f4dficimg/dif_orid5k_balanced/1492_right.jpg,static/img/d7f59d75ee5e49618e504cda34995266_1492_right.jpg
3610,f4c566d6a55e4861b460ae448f353480,1496_right.jpg,~/ml4img/f4dficimg/dif_orid5k_balanced/1496_right.jpg,static/img/f4c566d6a55e4861b460ae448f353480_1496_right.jpg
3611,265b4c48f8da4d4194cdf5bd1d2b23ad,1497_left.jpg,~/ml4img/f4dficimg/dif_orid5k_balanced/1497_left.jpg,static/img/265b4c48f8da4d4194cdf5bd1d2b23ad_1497_left.jpg
3612,4ffba91eef5347d0861a06c6bf3d4cb8,1497_right.jpg,~/ml4img/f4dficimg/dif_orid5k_balanced/1497_right.jpg,static/img/4ffba91eef5347d0861a06c6bf3d4cb8_1497_right.jpg
3613,8f4eba82827d4a7ea5d3f5178082f990,1498_right.jpg,~/ml4img/f4dficimg/dif_orid5k_balanced/1498_right.jpg,static/img/8f4eba82827d4a7ea5d3f5178082f990_1498_right.jpg
3614,78672efbc6ab41329654977e7a5a9e97,1503_right.jpg,~/ml4img/f4dficimg/dif_orid5k_balanced/1503_right.jpg,static/img/78672efbc6ab41329654977e7a5a9e97_1503_right.jpg
3615,9912636b23ad4e1b87c6f51898a1731b,1507_right.jpg,~/ml4img/f4dficimg/dif_orid5k_balanced/1507_right.jpg,static/img/9912636b23ad4e1b87c6f51898a1731b_1507_right.jpg
3616,57d3391e022b439f9eed84e669638611,1510_left.jpg,~/ml4img/f4dficimg/dif_orid5k_balanced/1510_left.jpg,static/img/57d3391e022b439f9eed84e669638611_1510_left.jpg
3617,bf8e97bd38e3427a83b28e17df483bbc,1513_left.jpg,~/ml4img/f4dficimg/dif_orid5k_balanced/1513_left.jpg,static/img/bf8e97bd38e3427a83b28e17df483bbc_1513_left.jpg
3618,efdccd2609ed43ee8035f86253df876a,1513_right.jpg,~/ml4img/f4dficimg/dif_orid5k_balanced/1513_right.jpg,static/img/efdccd2609ed43ee8035f86253df876a_1513_right.jpg
3619,e3218417ba0a4b6dbc805c780820d7c5,1514_left.jpg,~/ml4img/f4dficimg/dif_orid5k_balanced/1514_left.jpg,static/img/e3218417ba0a4b6dbc805c780820d7c5_1514_left.jpg
3620,5e67333e2d834315a0088a31d1077c0c,1515_right.jpg,~/ml4img/f4dficimg/dif_orid5k_balanced/1515_right.jpg,static/img/5e67333e2d834315a0088a31d1077c0c_1515_right.jpg
3621,50a2d227bb764fdb8ccb5fa20c2ee8fa,1516_left.jpg,~/ml4img/f4dficimg/dif_orid5k_balanced/1516_left.jpg,static/img/50a2d227bb764fdb8ccb5fa20c2ee8fa_1516_left.jpg
3622,d3bae19f3bd94422be02257d118833f2,1519_right.jpg,~/ml4img/f4dficimg/dif_orid5k_balanced/1519_right.jpg,static/img/d3bae19f3bd94422be02257d118833f2_1519_right.jpg
3623,41c2157e1ab147348b8af94f309bffac,1520_left.jpg,~/ml4img/f4dficimg/dif_orid5k_balanced/1520_left.jpg,static/img/41c2157e1ab147348b8af94f309bffac_1520_left.jpg
3624,9f36275f10634e5eb7cafa3757bec5f8,1520_right.jpg,~/ml4img/f4dficimg/dif_orid5k_balanced/1520_right.jpg,static/img/9f36275f10634e5eb7cafa3757bec5f8_1520_right.jpg
3625,8ca5d44f51af49d282a3415d151dcb9b,1523_left.jpg,~/ml4img/f4dficimg/dif_orid5k_balanced/1523_left.jpg,static/img/8ca5d44f51af49d282a3415d151dcb9b_1523_left.jpg
3626,3ec50935bffb482e9aabad29865f6d7c,1526_left.jpg,~/ml4img/f4dficimg/dif_orid5k_balanced/1526_left.jpg,static/img/3ec50935bffb482e9aabad29865f6d7c_1526_left.jpg
3627,3e6c75ba423949498ecbe384ccc43628,1526_right.jpg,~/ml4img/f4dficimg/dif_orid5k_balanced/1526_right.jpg,static/img/3e6c75ba423949498ecbe384ccc43628_1526_right.jpg
3628,2208e8fa94934693aa1b53594f3570c6,1527_left.jpg,~/ml4img/f4dficimg/dif_orid5k_balanced/1527_left.jpg,static/img/2208e8fa94934693aa1b53594f3570c6_1527_left.jpg
3629,8c9804ee4e3d41b9ad9bb4ba7842eafd,1529_left.jpg,~/ml4img/f4dficimg/dif_orid5k_balanced/1529_left.jpg,static/img/8c9804ee4e3d41b9ad9bb4ba7842eafd_1529_left.jpg
3630,e94386a80d534fc790600abecc54138a,1532_left.jpg,~/ml4img/f4dficimg/dif_orid5k_balanced/1532_left.jpg,static/img/e94386a80d534fc790600abecc54138a_1532_left.jpg
3631,6aedaa72889944388e6cda2b4f4713f4,1533_left.jpg,~/ml4img/f4dficimg/dif_orid5k_balanced/1533_left.jpg,static/img/6aedaa72889944388e6cda2b4f4713f4_1533_left.jpg
3632,9ac763500c054fae9c5536a77b4d1aeb,1534_left.jpg,~/ml4img/f4dficimg/dif_orid5k_balanced/1534_left.jpg,static/img/9ac763500c054fae9c5536a77b4d1aeb_1534_left.jpg
3633,5d3aa3e1b624497ea8cf621dfd140414,1535_right.jpg,~/ml4img/f4dficimg/dif_orid5k_balanced/1535_right.jpg,static/img/5d3aa3e1b624497ea8cf621dfd140414_1535_right.jpg
3634,bd0c4ff9b6ed48f9acff26836b9265fe,1536_left.jpg,~/ml4img/f4dficimg/dif_orid5k_balanced/1536_left.jpg,static/img/bd0c4ff9b6ed48f9acff26836b9265fe_1536_left.jpg
3635,abb03d4ef0b742bf8642b5afdd0d8258,1538_right.jpg,~/ml4img/f4dficimg/dif_orid5k_balanced/1538_right.jpg,static/img/abb03d4ef0b742bf8642b5afdd0d8258_1538_right.jpg
3636,1aaff659a4284e90999ee07a21559cd4,1539_right.jpg,~/ml4img/f4dficimg/dif_orid5k_balanced/1539_right.jpg,static/img/1aaff659a4284e90999ee07a21559cd4_1539_right.jpg
3637,da71ea2d041345ddabcf46b3b8bf500f,1541_right.jpg,~/ml4img/f4dficimg/dif_orid5k_balanced/1541_right.jpg,static/img/da71ea2d041345ddabcf46b3b8bf500f_1541_right.jpg
3638,e97628d90367496cb397785b480d76ba,1543_left.jpg,~/ml4img/f4dficimg/dif_orid5k_balanced/1543_left.jpg,static/img/e97628d90367496cb397785b480d76ba_1543_left.jpg
3639,f78dee17ac3b4303ab0ad95b64454d2e,1545_right.jpg,~/ml4img/f4dficimg/dif_orid5k_balanced/1545_right.jpg,static/img/f78dee17ac3b4303ab0ad95b64454d2e_1545_right.jpg
3640,5c647ea694dd4ea893715ffaabe6f383,1547_left.jpg,~/ml4img/f4dficimg/dif_orid5k_balanced/1547_left.jpg,static/img/5c647ea694dd4ea893715ffaabe6f383_1547_left.jpg
3641,79242937cee8453e8a0b850585594bd4,1547_right.jpg,~/ml4img/f4dficimg/dif_orid5k_balanced/1547_right.jpg,static/img/79242937cee8453e8a0b850585594bd4_1547_right.jpg
3642,8bb8eab8c7e4440eafe0c5139b0e5093,1548_right.jpg,~/ml4img/f4dficimg/dif_orid5k_balanced/1548_right.jpg,static/img/8bb8eab8c7e4440eafe0c5139b0e5093_1548_right.jpg
3643,7446153170544ae2915c7ef9e5b900df,1549_right.jpg,~/ml4img/f4dficimg/dif_orid5k_balanced/1549_right.jpg,static/img/7446153170544ae2915c7ef9e5b900df_1549_right.jpg
3644,114b56ed540f4bbbba15f5e092939ee2,1551_left.jpg,~/ml4img/f4dficimg/dif_orid5k_balanced/1551_left.jpg,static/img/114b56ed540f4bbbba15f5e092939ee2_1551_left.jpg
3645,367925e21e2643f586ba41e3a31760ff,1551_right.jpg,~/ml4img/f4dficimg/dif_orid5k_balanced/1551_right.jpg,static/img/367925e21e2643f586ba41e3a31760ff_1551_right.jpg
3646,a151ffbf26ad488f914857074575062b,1553_right.jpg,~/ml4img/f4dficimg/dif_orid5k_balanced/1553_right.jpg,static/img/a151ffbf26ad488f914857074575062b_1553_right.jpg
3647,69be126d42274c1eba72e0f8b81ab094,1555_left.jpg,~/ml4img/f4dficimg/dif_orid5k_balanced/1555_left.jpg,static/img/69be126d42274c1eba72e0f8b81ab094_1555_left.jpg
3648,7ff0d6ea18ec4daa8ede665e76381dbb,1557_right.jpg,~/ml4img/f4dficimg/dif_orid5k_balanced/1557_right.jpg,static/img/7ff0d6ea18ec4daa8ede665e76381dbb_1557_right.jpg
3649,97b5af66f3804ddd982e7839b3d7e9f5,1558_left.jpg,~/ml4img/f4dficimg/dif_orid5k_balanced/1558_left.jpg,static/img/97b5af66f3804ddd982e7839b3d7e9f5_1558_left.jpg
3650,330d78a6db9447bca316d88f32e597e0,1558_right.jpg,~/ml4img/f4dficimg/dif_orid5k_balanced/1558_right.jpg,static/img/330d78a6db9447bca316d88f32e597e0_1558_right.jpg
3651,567c0dcad6c64f31a4bdc6a0f1b53777,1561_left.jpg,~/ml4img/f4dficimg/dif_orid5k_balanced/1561_left.jpg,static/img/567c0dcad6c64f31a4bdc6a0f1b53777_1561_left.jpg
3652,c7b62a5cf2df465fba17ad142b4893ef,1562_right.jpg,~/ml4img/f4dficimg/dif_orid5k_balanced/1562_right.jpg,static/img/c7b62a5cf2df465fba17ad142b4893ef_1562_right.jpg
3653,ba56cba3d4604a0393c76619556b3dcc,1563_left.jpg,~/ml4img/f4dficimg/dif_orid5k_balanced/1563_left.jpg,static/img/ba56cba3d4604a0393c76619556b3dcc_1563_left.jpg
3654,50ba9f352ed84c8982af54c7d70f9010,1566_left.jpg,~/ml4img/f4dficimg/dif_orid5k_balanced/1566_left.jpg,static/img/50ba9f352ed84c8982af54c7d70f9010_1566_left.jpg
3655,6305f0521cfa444f867bf4b77e883cbd,1567_right.jpg,~/ml4img/f4dficimg/dif_orid5k_balanced/1567_right.jpg,static/img/6305f0521cfa444f867bf4b77e883cbd_1567_right.jpg
3656,9169eeb5238e471d9969cbdaec3907ac,1568_right.jpg,~/ml4img/f4dficimg/dif_orid5k_balanced/1568_right.jpg,static/img/9169eeb5238e471d9969cbdaec3907ac_1568_right.jpg
3657,0eee332d44f2489a9f78f5045df1db00,1569_right.jpg,~/ml4img/f4dficimg/dif_orid5k_balanced/1569_right.jpg,static/img/0eee332d44f2489a9f78f5045df1db00_1569_right.jpg
3658,90cb0baf52444f80bd069781428a17da,1570_left.jpg,~/ml4img/f4dficimg/dif_orid5k_balanced/1570_left.jpg,static/img/90cb0baf52444f80bd069781428a17da_1570_left.jpg
3659,84818ce264ec4318b254acf2b38c4157,1571_left.jpg,~/ml4img/f4dficimg/dif_orid5k_balanced/1571_left.jpg,static/img/84818ce264ec4318b254acf2b38c4157_1571_left.jpg
3660,57fa352d7c78441ba4e6017ff3b55f9f,1576_right.jpg,~/ml4img/f4dficimg/dif_orid5k_balanced/1576_right.jpg,static/img/57fa352d7c78441ba4e6017ff3b55f9f_1576_right.jpg
3661,60ace935342946d999ac30d5bfb54ba5,1579_left.jpg,~/ml4img/f4dficimg/dif_orid5k_balanced/1579_left.jpg,static/img/60ace935342946d999ac30d5bfb54ba5_1579_left.jpg
3662,b5509102da214e7baf58fc58b11765ae,1580_left.jpg,~/ml4img/f4dficimg/dif_orid5k_balanced/1580_left.jpg,static/img/b5509102da214e7baf58fc58b11765ae_1580_left.jpg
3663,7f092d48e9f84a8d96e6a802e1c6b281,1583_right.jpg,~/ml4img/f4dficimg/dif_orid5k_balanced/1583_right.jpg,static/img/7f092d48e9f84a8d96e6a802e1c6b281_1583_right.jpg
3664,ef488f07bfe741479ace99a8e1a1b946,1585_right.jpg,~/ml4img/f4dficimg/dif_orid5k_balanced/1585_right.jpg,static/img/ef488f07bfe741479ace99a8e1a1b946_1585_right.jpg
3665,3b9e9c5ea9a545ceae90c9460d7be2ec,1586_left.jpg,~/ml4img/f4dficimg/dif_orid5k_balanced/1586_left.jpg,static/img/3b9e9c5ea9a545ceae90c9460d7be2ec_1586_left.jpg
3666,df8979eb65f64e6e972b2fc4f9cf1da4,1589_left.jpg,~/ml4img/f4dficimg/dif_orid5k_balanced/1589_left.jpg,static/img/df8979eb65f64e6e972b2fc4f9cf1da4_1589_left.jpg
3667,d71d100935b148d8aa1b52192793ac0c,1590_right.jpg,~/ml4img/f4dficimg/dif_orid5k_balanced/1590_right.jpg,static/img/d71d100935b148d8aa1b52192793ac0c_1590_right.jpg
3668,6a038e71f19540a5a59d1aba96c65640,1591_left.jpg,~/ml4img/f4dficimg/dif_orid5k_balanced/1591_left.jpg,static/img/6a038e71f19540a5a59d1aba96c65640_1591_left.jpg
3669,e9298f9f05f34bff8b7df2903ac68a88,1593_right.jpg,~/ml4img/f4dficimg/dif_orid5k_balanced/1593_right.jpg,static/img/e9298f9f05f34bff8b7df2903ac68a88_1593_right.jpg
3670,976dff999e8e49949156969f5f359239,1595_right.jpg,~/ml4img/f4dficimg/dif_orid5k_balanced/1595_right.jpg,static/img/976dff999e8e49949156969f5f359239_1595_right.jpg
3671,219e67c0396c47179ca9935dc17314cb,1597_right.jpg,~/ml4img/f4dficimg/dif_orid5k_balanced/1597_right.jpg,static/img/219e67c0396c47179ca9935dc17314cb_1597_right.jpg
3672,9cd3ca32f0724c48ad74a77e261344a6,1598_left.jpg,~/ml4img/f4dficimg/dif_orid5k_balanced/1598_left.jpg,static/img/9cd3ca32f0724c48ad74a77e261344a6_1598_left.jpg
3673,d535ca38709e47e8acd48d70145e4f50,1601_left.jpg,~/ml4img/f4dficimg/dif_orid5k_balanced/1601_left.jpg,static/img/d535ca38709e47e8acd48d70145e4f50_1601_left.jpg
3674,5cc52a44ef294274a65baac20ae61086,1603_right.jpg,~/ml4img/f4dficimg/dif_orid5k_balanced/1603_right.jpg,static/img/5cc52a44ef294274a65baac20ae61086_1603_right.jpg
3675,899dacf5ee2c4a19b0e6f0d22469e10b,1606_left.jpg,~/ml4img/f4dficimg/dif_orid5k_balanced/1606_left.jpg,static/img/899dacf5ee2c4a19b0e6f0d22469e10b_1606_left.jpg
3676,4b3dd052ca0d46eeab88d9ce948858d6,1607_left.jpg,~/ml4img/f4dficimg/dif_orid5k_balanced/1607_left.jpg,static/img/4b3dd052ca0d46eeab88d9ce948858d6_1607_left.jpg
3677,f6b2b020448442008a9a3abfca4a7591,1609_left.jpg,~/ml4img/f4dficimg/dif_orid5k_balanced/1609_left.jpg,static/img/f6b2b020448442008a9a3abfca4a7591_1609_left.jpg
3678,8c793b4b6f1b4305ba39e86e89896f79,1611_left.jpg,~/ml4img/f4dficimg/dif_orid5k_balanced/1611_left.jpg,static/img/8c793b4b6f1b4305ba39e86e89896f79_1611_left.jpg
3679,11b6ea4c3d674d24b80e2a50bb24f9ce,1611_right.jpg,~/ml4img/f4dficimg/dif_orid5k_balanced/1611_right.jpg,static/img/11b6ea4c3d674d24b80e2a50bb24f9ce_1611_right.jpg
3680,79361e33d11048dc87d476bcc1a30c68,1612_left.jpg,~/ml4img/f4dficimg/dif_orid5k_balanced/1612_left.jpg,static/img/79361e33d11048dc87d476bcc1a30c68_1612_left.jpg
3681,ab11ce769cfa4928a42962857d992240,1612_right.jpg,~/ml4img/f4dficimg/dif_orid5k_balanced/1612_right.jpg,static/img/ab11ce769cfa4928a42962857d992240_1612_right.jpg
3682,e9272ee26f6843408aee6909194090aa,1616_left.jpg,~/ml4img/f4dficimg/dif_orid5k_balanced/1616_left.jpg,static/img/e9272ee26f6843408aee6909194090aa_1616_left.jpg
3683,87d50e8f0c0d40c3a32a6a39214ce4b2,1618_right.jpg,~/ml4img/f4dficimg/dif_orid5k_balanced/1618_right.jpg,static/img/87d50e8f0c0d40c3a32a6a39214ce4b2_1618_right.jpg
3684,1f9aff81b44540ae9c68025a67087edc,1620_right.jpg,~/ml4img/f4dficimg/dif_orid5k_balanced/1620_right.jpg,static/img/1f9aff81b44540ae9c68025a67087edc_1620_right.jpg
3685,a3cb23f86e364fb5ba04c6c30c567162,1624_right.jpg,~/ml4img/f4dficimg/dif_orid5k_balanced/1624_right.jpg,static/img/a3cb23f86e364fb5ba04c6c30c567162_1624_right.jpg
3686,728d09475f5c478285ad59fbe8ab861d,1626_left.jpg,~/ml4img/f4dficimg/dif_orid5k_balanced/1626_left.jpg,static/img/728d09475f5c478285ad59fbe8ab861d_1626_left.jpg
3687,c0f7b3e4342646d283eb6b9ce2729afd,1628_left.jpg,~/ml4img/f4dficimg/dif_orid5k_balanced/1628_left.jpg,static/img/c0f7b3e4342646d283eb6b9ce2729afd_1628_left.jpg
3688,8edb0ef3b1b64e519248ed3618d52e75,1630_right.jpg,~/ml4img/f4dficimg/dif_orid5k_balanced/1630_right.jpg,static/img/8edb0ef3b1b64e519248ed3618d52e75_1630_right.jpg
3689,518e4701c83d49d9a9127a4827215bf7,1640_left.jpg,~/ml4img/f4dficimg/dif_orid5k_balanced/1640_left.jpg,static/img/518e4701c83d49d9a9127a4827215bf7_1640_left.jpg
3690,b33af7249f12489d97123186b216188d,1642_right.jpg,~/ml4img/f4dficimg/dif_orid5k_balanced/1642_right.jpg,static/img/b33af7249f12489d97123186b216188d_1642_right.jpg
3691,0605c42f562240d0ab516ea15058379f,1644_right.jpg,~/ml4img/f4dficimg/dif_orid5k_balanced/1644_right.jpg,static/img/0605c42f562240d0ab516ea15058379f_1644_right.jpg
3692,bc75fbb04d2b45f296be71b08c96bbc6,1652_right.jpg,~/ml4img/f4dficimg/dif_orid5k_balanced/1652_right.jpg,static/img/bc75fbb04d2b45f296be71b08c96bbc6_1652_right.jpg
3693,c4591d4151ab484e90f0be1d67efbadc,1659_right.jpg,~/ml4img/f4dficimg/dif_orid5k_balanced/1659_right.jpg,static/img/c4591d4151ab484e90f0be1d67efbadc_1659_right.jpg
3694,de49c3fe94c148f5abc696b0236effca,1663_left.jpg,~/ml4img/f4dficimg/dif_orid5k_balanced/1663_left.jpg,static/img/de49c3fe94c148f5abc696b0236effca_1663_left.jpg
3695,bea001c2c95042989ec613f9986bf86c,1663_right.jpg,~/ml4img/f4dficimg/dif_orid5k_balanced/1663_right.jpg,static/img/bea001c2c95042989ec613f9986bf86c_1663_right.jpg
3696,a18f3e6aaedb4038b16dd63933b39ced,1666_right.jpg,~/ml4img/f4dficimg/dif_orid5k_balanced/1666_right.jpg,static/img/a18f3e6aaedb4038b16dd63933b39ced_1666_right.jpg
3697,a226fdd1426d4117839f5fd922d899ba,1674_right.jpg,~/ml4img/f4dficimg/dif_orid5k_balanced/1674_right.jpg,static/img/a226fdd1426d4117839f5fd922d899ba_1674_right.jpg
3698,cc8102676c4741dea440e63bf3f3495b,1677_right.jpg,~/ml4img/f4dficimg/dif_orid5k_balanced/1677_right.jpg,static/img/cc8102676c4741dea440e63bf3f3495b_1677_right.jpg
3699,e544dc88ece24bfc8e7309c846751018,1681_right.jpg,~/ml4img/f4dficimg/dif_orid5k_balanced/1681_right.jpg,static/img/e544dc88ece24bfc8e7309c846751018_1681_right.jpg
3700,14f33de1a0574c0fabb2183ea4fc06aa,1686_left.jpg,~/ml4img/f4dficimg/dif_orid5k_balanced/1686_left.jpg,static/img/14f33de1a0574c0fabb2183ea4fc06aa_1686_left.jpg
3701,62753da186be4f27a46e3f4cffba3795,1686_right.jpg,~/ml4img/f4dficimg/dif_orid5k_balanced/1686_right.jpg,static/img/62753da186be4f27a46e3f4cffba3795_1686_right.jpg
3702,6faecae65b1f4a84baae88d327799aee,1694_left.jpg,~/ml4img/f4dficimg/dif_orid5k_balanced/1694_left.jpg,static/img/6faecae65b1f4a84baae88d327799aee_1694_left.jpg
3703,62faa83420da44c1b0f5293ab5f48f12,1716_left.jpg,~/ml4img/f4dficimg/dif_orid5k_balanced/1716_left.jpg,static/img/62faa83420da44c1b0f5293ab5f48f12_1716_left.jpg
3704,40ac1c42f05f467a8b547e5c37f94ee8,1718_left.jpg,~/ml4img/f4dficimg/dif_orid5k_balanced/1718_left.jpg,static/img/40ac1c42f05f467a8b547e5c37f94ee8_1718_left.jpg
3705,26a134bd107942a4b4fb0cca18e73100,1731_left.jpg,~/ml4img/f4dficimg/dif_orid5k_balanced/1731_left.jpg,static/img/26a134bd107942a4b4fb0cca18e73100_1731_left.jpg
3706,c979454479d84fdaaa4da57ee893870e,1799_right.jpg,~/ml4img/f4dficimg/dif_orid5k_balanced/1799_right.jpg,static/img/c979454479d84fdaaa4da57ee893870e_1799_right.jpg
3707,4a55e3fcfdcc4964825d878b73286f2a,1801_right.jpg,~/ml4img/f4dficimg/dif_orid5k_balanced/1801_right.jpg,static/img/4a55e3fcfdcc4964825d878b73286f2a_1801_right.jpg
3708,c992ca0d42ac49dfbeb83facfb55489c,1817_right.jpg,~/ml4img/f4dficimg/dif_orid5k_balanced/1817_right.jpg,static/img/c992ca0d42ac49dfbeb83facfb55489c_1817_right.jpg
3709,a24b990bc54842eca88028dfb6a136fc,1819_right.jpg,~/ml4img/f4dficimg/dif_orid5k_balanced/1819_right.jpg,static/img/a24b990bc54842eca88028dfb6a136fc_1819_right.jpg
3710,9e545eb810e0487484bf3b83dd76dbaa,1820_left.jpg,~/ml4img/f4dficimg/dif_orid5k_balanced/1820_left.jpg,static/img/9e545eb810e0487484bf3b83dd76dbaa_1820_left.jpg
3711,ec0afa8a5f534b17ae3d400f6bb5b732,1829_left.jpg,~/ml4img/f4dficimg/dif_orid5k_balanced/1829_left.jpg,static/img/ec0afa8a5f534b17ae3d400f6bb5b732_1829_left.jpg
3712,0c175cf090944235a06ddbccb015dd37,1830_right.jpg,~/ml4img/f4dficimg/dif_orid5k_balanced/1830_right.jpg,static/img/0c175cf090944235a06ddbccb015dd37_1830_right.jpg
3713,330d3cf9fc5145b181863c50504642cc,1831_left.jpg,~/ml4img/f4dficimg/dif_orid5k_balanced/1831_left.jpg,static/img/330d3cf9fc5145b181863c50504642cc_1831_left.jpg
3714,11ee0dea71464be3b56c41db5171aa85,1831_right.jpg,~/ml4img/f4dficimg/dif_orid5k_balanced/1831_right.jpg,static/img/11ee0dea71464be3b56c41db5171aa85_1831_right.jpg
3715,1dbfab639a0742a086762448639c5170,1833_right.jpg,~/ml4img/f4dficimg/dif_orid5k_balanced/1833_right.jpg,static/img/1dbfab639a0742a086762448639c5170_1833_right.jpg
3716,de80cf5a73774d89b8c22cc90d4c5012,1835_left.jpg,~/ml4img/f4dficimg/dif_orid5k_balanced/1835_left.jpg,static/img/de80cf5a73774d89b8c22cc90d4c5012_1835_left.jpg
3717,013370ac30bb4d2a8b5155ee5fb2f5a3,1836_left.jpg,~/ml4img/f4dficimg/dif_orid5k_balanced/1836_left.jpg,static/img/013370ac30bb4d2a8b5155ee5fb2f5a3_1836_left.jpg
3718,d62a03fe11954eee997a49e7b3943c80,1836_right.jpg,~/ml4img/f4dficimg/dif_orid5k_balanced/1836_right.jpg,static/img/d62a03fe11954eee997a49e7b3943c80_1836_right.jpg
3719,9c9759ebe24748e8a3a6f3b41f49415a,1838_left.jpg,~/ml4img/f4dficimg/dif_orid5k_balanced/1838_left.jpg,static/img/9c9759ebe24748e8a3a6f3b41f49415a_1838_left.jpg
3720,40227cfab56f448aa847c4908f262d27,1840_right.jpg,~/ml4img/f4dficimg/dif_orid5k_balanced/1840_right.jpg,static/img/40227cfab56f448aa847c4908f262d27_1840_right.jpg
3721,f3b4e195b5374b84831442e7ec6af9be,1843_right.jpg,~/ml4img/f4dficimg/dif_orid5k_balanced/1843_right.jpg,static/img/f3b4e195b5374b84831442e7ec6af9be_1843_right.jpg
3722,7c939abc67e148fa8b1058a974643d76,1844_left.jpg,~/ml4img/f4dficimg/dif_orid5k_balanced/1844_left.jpg,static/img/7c939abc67e148fa8b1058a974643d76_1844_left.jpg
3723,eac10d975f6f470b9d73a78cd2d52145,1846_left.jpg,~/ml4img/f4dficimg/dif_orid5k_balanced/1846_left.jpg,static/img/eac10d975f6f470b9d73a78cd2d52145_1846_left.jpg
3724,8b0df3771e274baf861667beadb2c02a,1847_right.jpg,~/ml4img/f4dficimg/dif_orid5k_balanced/1847_right.jpg,static/img/8b0df3771e274baf861667beadb2c02a_1847_right.jpg
3725,70577035f0c94d5eba2dcc7ac7fb459d,1850_right.jpg,~/ml4img/f4dficimg/dif_orid5k_balanced/1850_right.jpg,static/img/70577035f0c94d5eba2dcc7ac7fb459d_1850_right.jpg
3726,8151d15f14d74ae386b0141072c0f77a,1853_left.jpg,~/ml4img/f4dficimg/dif_orid5k_balanced/1853_left.jpg,static/img/8151d15f14d74ae386b0141072c0f77a_1853_left.jpg
3727,bbdb960bced949a587c2db348a3b956d,1854_left.jpg,~/ml4img/f4dficimg/dif_orid5k_balanced/1854_left.jpg,static/img/bbdb960bced949a587c2db348a3b956d_1854_left.jpg
3728,116b7ada33d34d619e145c4904c7cce9,1854_right.jpg,~/ml4img/f4dficimg/dif_orid5k_balanced/1854_right.jpg,static/img/116b7ada33d34d619e145c4904c7cce9_1854_right.jpg
3729,810cb066790f4f4b8c824e59c76cec60,1857_left.jpg,~/ml4img/f4dficimg/dif_orid5k_balanced/1857_left.jpg,static/img/810cb066790f4f4b8c824e59c76cec60_1857_left.jpg
3730,61a8b39aaeb54579b339e992a996c402,1862_left.jpg,~/ml4img/f4dficimg/dif_orid5k_balanced/1862_left.jpg,static/img/61a8b39aaeb54579b339e992a996c402_1862_left.jpg
3731,d0cacc15008d4ea0b19c54fcf36cfba3,1862_right.jpg,~/ml4img/f4dficimg/dif_orid5k_balanced/1862_right.jpg,static/img/d0cacc15008d4ea0b19c54fcf36cfba3_1862_right.jpg
3732,4aca7418c7334cc0b00f2b6cb49f2c21,1867_left.jpg,~/ml4img/f4dficimg/dif_orid5k_balanced/1867_left.jpg,static/img/4aca7418c7334cc0b00f2b6cb49f2c21_1867_left.jpg
3733,9c99b94707b84aedb79585dbb7554623,1869_right.jpg,~/ml4img/f4dficimg/dif_orid5k_balanced/1869_right.jpg,static/img/9c99b94707b84aedb79585dbb7554623_1869_right.jpg
3734,e41b4f3db4134d9cbfce5bc97cf52f23,1872_left.jpg,~/ml4img/f4dficimg/dif_orid5k_balanced/1872_left.jpg,static/img/e41b4f3db4134d9cbfce5bc97cf52f23_1872_left.jpg
3735,2a22f1456645497ba95e97509b8e6348,1874_left.jpg,~/ml4img/f4dficimg/dif_orid5k_balanced/1874_left.jpg,static/img/2a22f1456645497ba95e97509b8e6348_1874_left.jpg
3736,ec0c39ef718843968e61efea6a6c99d3,1874_right.jpg,~/ml4img/f4dficimg/dif_orid5k_balanced/1874_right.jpg,static/img/ec0c39ef718843968e61efea6a6c99d3_1874_right.jpg
3737,bd08b069699b484dbe2e687eb7de50e1,1878_right.jpg,~/ml4img/f4dficimg/dif_orid5k_balanced/1878_right.jpg,static/img/bd08b069699b484dbe2e687eb7de50e1_1878_right.jpg
3738,4578b6c960994dc28e7d7193faba6cb5,1879_right.jpg,~/ml4img/f4dficimg/dif_orid5k_balanced/1879_right.jpg,static/img/4578b6c960994dc28e7d7193faba6cb5_1879_right.jpg
3739,445300220dbf449aa1f3131e9ac19dba,1880_left.jpg,~/ml4img/f4dficimg/dif_orid5k_balanced/1880_left.jpg,static/img/445300220dbf449aa1f3131e9ac19dba_1880_left.jpg
3740,5f526bc83e6540459b54f227cfb42bbd,1881_left.jpg,~/ml4img/f4dficimg/dif_orid5k_balanced/1881_left.jpg,static/img/5f526bc83e6540459b54f227cfb42bbd_1881_left.jpg
3741,8ce64b5c5a694e01be60601a9221fc9f,1884_left.jpg,~/ml4img/f4dficimg/dif_orid5k_balanced/1884_left.jpg,static/img/8ce64b5c5a694e01be60601a9221fc9f_1884_left.jpg
3742,ce52caacee0d47eea4728014d13b9910,1885_right.jpg,~/ml4img/f4dficimg/dif_orid5k_balanced/1885_right.jpg,static/img/ce52caacee0d47eea4728014d13b9910_1885_right.jpg
3743,30467b4e4cfc488284d9a3a00f39f50a,1886_left.jpg,~/ml4img/f4dficimg/dif_orid5k_balanced/1886_left.jpg,static/img/30467b4e4cfc488284d9a3a00f39f50a_1886_left.jpg
3744,20a2887bec1f4b85a4fbf15783522248,1886_right.jpg,~/ml4img/f4dficimg/dif_orid5k_balanced/1886_right.jpg,static/img/20a2887bec1f4b85a4fbf15783522248_1886_right.jpg
3745,67f3b88c71054635bc05d70680a497ff,1890_left.jpg,~/ml4img/f4dficimg/dif_orid5k_balanced/1890_left.jpg,static/img/67f3b88c71054635bc05d70680a497ff_1890_left.jpg
3746,1f141c237e2d47de84a88142a3937782,1892_left.jpg,~/ml4img/f4dficimg/dif_orid5k_balanced/1892_left.jpg,static/img/1f141c237e2d47de84a88142a3937782_1892_left.jpg
3747,5c46745b9af0452e95bab750204f2a35,1893_left.jpg,~/ml4img/f4dficimg/dif_orid5k_balanced/1893_left.jpg,static/img/5c46745b9af0452e95bab750204f2a35_1893_left.jpg
3748,cc0d4fefef0d4ef8a493d911802c2b1b,1919_right.jpg,~/ml4img/f4dficimg/dif_orid5k_balanced/1919_right.jpg,static/img/cc0d4fefef0d4ef8a493d911802c2b1b_1919_right.jpg
3749,93eda6eb18a84e67a96b5357b5c64306,1959_left.jpg,~/ml4img/f4dficimg/dif_orid5k_balanced/1959_left.jpg,static/img/93eda6eb18a84e67a96b5357b5c64306_1959_left.jpg
3750,8647797e5ed0426898f737a049aab0c3,1959_right.jpg,~/ml4img/f4dficimg/dif_orid5k_balanced/1959_right.jpg,static/img/8647797e5ed0426898f737a049aab0c3_1959_right.jpg
3751,d53f1fb9646f4d39a4f30ea4de0001b7,1964_left.jpg,~/ml4img/f4dficimg/dif_orid5k_balanced/1964_left.jpg,static/img/d53f1fb9646f4d39a4f30ea4de0001b7_1964_left.jpg
3752,66e3d271267447a1bc93764cd176cf6f,1967_left.jpg,~/ml4img/f4dficimg/dif_orid5k_balanced/1967_left.jpg,static/img/66e3d271267447a1bc93764cd176cf6f_1967_left.jpg
3753,73ff726f952848a3b54baf6ec300989b,1967_right.jpg,~/ml4img/f4dficimg/dif_orid5k_balanced/1967_right.jpg,static/img/73ff726f952848a3b54baf6ec300989b_1967_right.jpg
3754,576c028f426b4749bfe85af735190f1e,1968_left.jpg,~/ml4img/f4dficimg/dif_orid5k_balanced/1968_left.jpg,static/img/576c028f426b4749bfe85af735190f1e_1968_left.jpg
3755,7189038af8a240ff93cc7fd1b6bf8a50,1970_right.jpg,~/ml4img/f4dficimg/dif_orid5k_balanced/1970_right.jpg,static/img/7189038af8a240ff93cc7fd1b6bf8a50_1970_right.jpg
3756,ce34119c793d44dea6e0837e64803a3d,1971_left.jpg,~/ml4img/f4dficimg/dif_orid5k_balanced/1971_left.jpg,static/img/ce34119c793d44dea6e0837e64803a3d_1971_left.jpg
3757,256fef5f55594f12826c36987dd2808a,1971_right.jpg,~/ml4img/f4dficimg/dif_orid5k_balanced/1971_right.jpg,static/img/256fef5f55594f12826c36987dd2808a_1971_right.jpg
3758,dc4dc2059f344d4984cc95030cc32a23,1975_left.jpg,~/ml4img/f4dficimg/dif_orid5k_balanced/1975_left.jpg,static/img/dc4dc2059f344d4984cc95030cc32a23_1975_left.jpg
3759,e9eb6db0bba3463382adc8831c0782f6,1977_right.jpg,~/ml4img/f4dficimg/dif_orid5k_balanced/1977_right.jpg,static/img/e9eb6db0bba3463382adc8831c0782f6_1977_right.jpg
3760,a073c002a5784c58b7041950843d62af,1989_left.jpg,~/ml4img/f4dficimg/dif_orid5k_balanced/1989_left.jpg,static/img/a073c002a5784c58b7041950843d62af_1989_left.jpg
3761,edc9ce740ac34a12947fae8991647b5a,1994_left.jpg,~/ml4img/f4dficimg/dif_orid5k_balanced/1994_left.jpg,static/img/edc9ce740ac34a12947fae8991647b5a_1994_left.jpg
3762,56c1980637214cea9d37cbe87bb01959,2004_right.jpg,~/ml4img/f4dficimg/dif_orid5k_balanced/2004_right.jpg,static/img/56c1980637214cea9d37cbe87bb01959_2004_right.jpg
3763,27087b2c7611478fb2c56526145d81ee,2006_right.jpg,~/ml4img/f4dficimg/dif_orid5k_balanced/2006_right.jpg,static/img/27087b2c7611478fb2c56526145d81ee_2006_right.jpg
3764,a7cef9d94c824f66aa61f3fbc3892aa1,2010_left.jpg,~/ml4img/f4dficimg/dif_orid5k_balanced/2010_left.jpg,static/img/a7cef9d94c824f66aa61f3fbc3892aa1_2010_left.jpg
3765,4ef7764861314a0fb6087872c4d70c0a,2020_left.jpg,~/ml4img/f4dficimg/dif_orid5k_balanced/2020_left.jpg,static/img/4ef7764861314a0fb6087872c4d70c0a_2020_left.jpg
3766,9ad20114d89e4f3c99260832ab78f3c1,2020_right.jpg,~/ml4img/f4dficimg/dif_orid5k_balanced/2020_right.jpg,static/img/9ad20114d89e4f3c99260832ab78f3c1_2020_right.jpg
3767,981939a571fa4fd7aacd88351d3bd3bc,2030_right.jpg,~/ml4img/f4dficimg/dif_orid5k_balanced/2030_right.jpg,static/img/981939a571fa4fd7aacd88351d3bd3bc_2030_right.jpg
3768,f913cb8bb0e84f64b106ed1d37c52e8f,2032_left.jpg,~/ml4img/f4dficimg/dif_orid5k_balanced/2032_left.jpg,static/img/f913cb8bb0e84f64b106ed1d37c52e8f_2032_left.jpg
3769,0f785a29260c4d7190868317018ef855,2034_right.jpg,~/ml4img/f4dficimg/dif_orid5k_balanced/2034_right.jpg,static/img/0f785a29260c4d7190868317018ef855_2034_right.jpg
3770,35e65f0ab6254e88a115c3a30ea78bab,2041_left.jpg,~/ml4img/f4dficimg/dif_orid5k_balanced/2041_left.jpg,static/img/35e65f0ab6254e88a115c3a30ea78bab_2041_left.jpg
3771,40a1b01f175646e4ac4ede8c9557231e,2048_left.jpg,~/ml4img/f4dficimg/dif_orid5k_balanced/2048_left.jpg,static/img/40a1b01f175646e4ac4ede8c9557231e_2048_left.jpg
3772,6bcf6289f95f49eca965379d95f320d6,2052_left.jpg,~/ml4img/f4dficimg/dif_orid5k_balanced/2052_left.jpg,static/img/6bcf6289f95f49eca965379d95f320d6_2052_left.jpg
3773,406e2e7415474e2da3c3d104f3b67639,2063_right.jpg,~/ml4img/f4dficimg/dif_orid5k_balanced/2063_right.jpg,static/img/406e2e7415474e2da3c3d104f3b67639_2063_right.jpg
3774,a634d7afbfb942e2995b4fcc384fb8e0,2064_left.jpg,~/ml4img/f4dficimg/dif_orid5k_balanced/2064_left.jpg,static/img/a634d7afbfb942e2995b4fcc384fb8e0_2064_left.jpg
3775,1078711e86934a6c82734c5a4f21294d,2065_right.jpg,~/ml4img/f4dficimg/dif_orid5k_balanced/2065_right.jpg,static/img/1078711e86934a6c82734c5a4f21294d_2065_right.jpg
3776,d5f88ff4abd14bd39e60b7d857b2fad4,2066_left.jpg,~/ml4img/f4dficimg/dif_orid5k_balanced/2066_left.jpg,static/img/d5f88ff4abd14bd39e60b7d857b2fad4_2066_left.jpg
3777,b1513dbce5fa4452b3cb6b45517f20ae,2074_left.jpg,~/ml4img/f4dficimg/dif_orid5k_balanced/2074_left.jpg,static/img/b1513dbce5fa4452b3cb6b45517f20ae_2074_left.jpg
3778,1101e4ba49ae4b73b7e651e2813af90f,2074_right.jpg,~/ml4img/f4dficimg/dif_orid5k_balanced/2074_right.jpg,static/img/1101e4ba49ae4b73b7e651e2813af90f_2074_right.jpg
3779,305994d8a12e48afbccdb819a9a5b117,2095_left.jpg,~/ml4img/f4dficimg/dif_orid5k_balanced/2095_left.jpg,static/img/305994d8a12e48afbccdb819a9a5b117_2095_left.jpg
3780,55632533230b47b899352215fb75c524,2097_right.jpg,~/ml4img/f4dficimg/dif_orid5k_balanced/2097_right.jpg,static/img/55632533230b47b899352215fb75c524_2097_right.jpg
3781,5dde2a6b50b449c991bd463bcfad7da2,2098_left.jpg,~/ml4img/f4dficimg/dif_orid5k_balanced/2098_left.jpg,static/img/5dde2a6b50b449c991bd463bcfad7da2_2098_left.jpg
3782,d1de04dd2fbe45529cfd67084e461680,2100_left.jpg,~/ml4img/f4dficimg/dif_orid5k_balanced/2100_left.jpg,static/img/d1de04dd2fbe45529cfd67084e461680_2100_left.jpg
3783,2f60fb6085a84b89a6a7ce611f0f20e7,2101_right.jpg,~/ml4img/f4dficimg/dif_orid5k_balanced/2101_right.jpg,static/img/2f60fb6085a84b89a6a7ce611f0f20e7_2101_right.jpg
3784,2e38a64526b94d5abf498c0d0c5826e0,2102_right.jpg,~/ml4img/f4dficimg/dif_orid5k_balanced/2102_right.jpg,static/img/2e38a64526b94d5abf498c0d0c5826e0_2102_right.jpg
3785,05838b72ed3f4026abbe86f45316a6bd,2103_right.jpg,~/ml4img/f4dficimg/dif_orid5k_balanced/2103_right.jpg,static/img/05838b72ed3f4026abbe86f45316a6bd_2103_right.jpg
3786,43233718a430430f93c15f527f4127b4,2105_right.jpg,~/ml4img/f4dficimg/dif_orid5k_balanced/2105_right.jpg,static/img/43233718a430430f93c15f527f4127b4_2105_right.jpg
3787,51ab8740ab104bc3aac92beb7aa02e63,2106_right.jpg,~/ml4img/f4dficimg/dif_orid5k_balanced/2106_right.jpg,static/img/51ab8740ab104bc3aac92beb7aa02e63_2106_right.jpg
3788,1114baf8bc4742bdab232d11bb3f7dd0,2108_left.jpg,~/ml4img/f4dficimg/dif_orid5k_balanced/2108_left.jpg,static/img/1114baf8bc4742bdab232d11bb3f7dd0_2108_left.jpg
3789,63068b5c3b0a4152ac8c5473aced53e4,2109_left.jpg,~/ml4img/f4dficimg/dif_orid5k_balanced/2109_left.jpg,static/img/63068b5c3b0a4152ac8c5473aced53e4_2109_left.jpg
3790,1ba08c64fb0c48b6b8b6f5afeeae9855,2111_left.jpg,~/ml4img/f4dficimg/dif_orid5k_balanced/2111_left.jpg,static/img/1ba08c64fb0c48b6b8b6f5afeeae9855_2111_left.jpg
3791,5f4cc773dc4d4bcba03de1f26ff0c667,2112_left.jpg,~/ml4img/f4dficimg/dif_orid5k_balanced/2112_left.jpg,static/img/5f4cc773dc4d4bcba03de1f26ff0c667_2112_left.jpg
3792,7e704a697e6541a282a83bbbfbafe812,2112_right.jpg,~/ml4img/f4dficimg/dif_orid5k_balanced/2112_right.jpg,static/img/7e704a697e6541a282a83bbbfbafe812_2112_right.jpg
3793,d8127cd292874b4ebf5f5ab0a9c0e51e,2113_left.jpg,~/ml4img/f4dficimg/dif_orid5k_balanced/2113_left.jpg,static/img/d8127cd292874b4ebf5f5ab0a9c0e51e_2113_left.jpg
3794,2ea2dab53714477d92dbba1c86b80328,2114_left.jpg,~/ml4img/f4dficimg/dif_orid5k_balanced/2114_left.jpg,static/img/2ea2dab53714477d92dbba1c86b80328_2114_left.jpg
3795,e86c6d342f394c2c9dfbf8046eb72f72,2114_right.jpg,~/ml4img/f4dficimg/dif_orid5k_balanced/2114_right.jpg,static/img/e86c6d342f394c2c9dfbf8046eb72f72_2114_right.jpg
3796,0720914f32ee482ebc658b87cedd379a,2115_left.jpg,~/ml4img/f4dficimg/dif_orid5k_balanced/2115_left.jpg,static/img/0720914f32ee482ebc658b87cedd379a_2115_left.jpg
3797,9acdfb0079504729ae14a37bd6f8077b,2116_right.jpg,~/ml4img/f4dficimg/dif_orid5k_balanced/2116_right.jpg,static/img/9acdfb0079504729ae14a37bd6f8077b_2116_right.jpg
3798,17f2cd977f534b36847c15bf49e38db1,2118_right.jpg,~/ml4img/f4dficimg/dif_orid5k_balanced/2118_right.jpg,static/img/17f2cd977f534b36847c15bf49e38db1_2118_right.jpg
3799,d946ec8560094530b681944553c897ad,2120_left.jpg,~/ml4img/f4dficimg/dif_orid5k_balanced/2120_left.jpg,static/img/d946ec8560094530b681944553c897ad_2120_left.jpg
3800,8acb13f51e9743bbac8edaf037fd250a,2121_left.jpg,~/ml4img/f4dficimg/dif_orid5k_balanced/2121_left.jpg,static/img/8acb13f51e9743bbac8edaf037fd250a_2121_left.jpg
3801,c27ac27932b34448affc9e26a4cb4c09,2122_left.jpg,~/ml4img/f4dficimg/dif_orid5k_balanced/2122_left.jpg,static/img/c27ac27932b34448affc9e26a4cb4c09_2122_left.jpg
3802,6cbdfbd1c0cd48a6aedfff0729a786dd,2123_right.jpg,~/ml4img/f4dficimg/dif_orid5k_balanced/2123_right.jpg,static/img/6cbdfbd1c0cd48a6aedfff0729a786dd_2123_right.jpg
3803,b45f1bb3b6c545feaf9698a2c84da30e,2124_right.jpg,~/ml4img/f4dficimg/dif_orid5k_balanced/2124_right.jpg,static/img/b45f1bb3b6c545feaf9698a2c84da30e_2124_right.jpg
3804,1df5a520363e4187b945f85be098038d,2125_left.jpg,~/ml4img/f4dficimg/dif_orid5k_balanced/2125_left.jpg,static/img/1df5a520363e4187b945f85be098038d_2125_left.jpg
3805,2ec339f756204030b8b0f930882058ca,2128_left.jpg,~/ml4img/f4dficimg/dif_orid5k_balanced/2128_left.jpg,static/img/2ec339f756204030b8b0f930882058ca_2128_left.jpg
3806,1113693345e440fa8627b2003adfc4ae,2129_left.jpg,~/ml4img/f4dficimg/dif_orid5k_balanced/2129_left.jpg,static/img/1113693345e440fa8627b2003adfc4ae_2129_left.jpg
3807,ede32eaae2814de585789cd5ac11949e,2130_left.jpg,~/ml4img/f4dficimg/dif_orid5k_balanced/2130_left.jpg,static/img/ede32eaae2814de585789cd5ac11949e_2130_left.jpg
3808,2292d1a355144815bac2242230d2ef42,2130_right.jpg,~/ml4img/f4dficimg/dif_orid5k_balanced/2130_right.jpg,static/img/2292d1a355144815bac2242230d2ef42_2130_right.jpg
3809,f7a2b03dbf9e4e5ca709fa4d7b4c9654,2132_right.jpg,~/ml4img/f4dficimg/dif_orid5k_balanced/2132_right.jpg,static/img/f7a2b03dbf9e4e5ca709fa4d7b4c9654_2132_right.jpg
3810,38880a288470433bb3b5a4c06288d5b0,2133_left.jpg,~/ml4img/f4dficimg/dif_orid5k_balanced/2133_left.jpg,static/img/38880a288470433bb3b5a4c06288d5b0_2133_left.jpg
3811,a669f71cc4444f359d395ef208c2ad73,2133_right.jpg,~/ml4img/f4dficimg/dif_orid5k_balanced/2133_right.jpg,static/img/a669f71cc4444f359d395ef208c2ad73_2133_right.jpg
3812,3b7038d483e74c589a87481c4b227767,2134_left.jpg,~/ml4img/f4dficimg/dif_orid5k_balanced/2134_left.jpg,static/img/3b7038d483e74c589a87481c4b227767_2134_left.jpg
3813,6d0e6e191cca4cc79096f74e4e43dad3,2135_left.jpg,~/ml4img/f4dficimg/dif_orid5k_balanced/2135_left.jpg,static/img/6d0e6e191cca4cc79096f74e4e43dad3_2135_left.jpg
3814,e7cb1758b1e3452aad415166b73d97f4,2135_right.jpg,~/ml4img/f4dficimg/dif_orid5k_balanced/2135_right.jpg,static/img/e7cb1758b1e3452aad415166b73d97f4_2135_right.jpg
3815,fa6eff81783a457b9c3cd66a5d3f8621,2136_left.jpg,~/ml4img/f4dficimg/dif_orid5k_balanced/2136_left.jpg,static/img/fa6eff81783a457b9c3cd66a5d3f8621_2136_left.jpg
3816,0439a4d95ae2482b808f1e059ed818a8,2137_left.jpg,~/ml4img/f4dficimg/dif_orid5k_balanced/2137_left.jpg,static/img/0439a4d95ae2482b808f1e059ed818a8_2137_left.jpg
3817,2d839c74281a4d82bd3e1d686965ba81,2138_left.jpg,~/ml4img/f4dficimg/dif_orid5k_balanced/2138_left.jpg,static/img/2d839c74281a4d82bd3e1d686965ba81_2138_left.jpg
3818,f9b3b24e671443689e85d43603f2e1fa,2138_right.jpg,~/ml4img/f4dficimg/dif_orid5k_balanced/2138_right.jpg,static/img/f9b3b24e671443689e85d43603f2e1fa_2138_right.jpg
3819,94c8d553857c40b49a0823e9ed415273,2139_right.jpg,~/ml4img/f4dficimg/dif_orid5k_balanced/2139_right.jpg,static/img/94c8d553857c40b49a0823e9ed415273_2139_right.jpg
3820,879bd095529940e5900c77038acf88a3,2140_left.jpg,~/ml4img/f4dficimg/dif_orid5k_balanced/2140_left.jpg,static/img/879bd095529940e5900c77038acf88a3_2140_left.jpg
3821,cb0a236ca71743e2a161700b5873dfad,2142_right.jpg,~/ml4img/f4dficimg/dif_orid5k_balanced/2142_right.jpg,static/img/cb0a236ca71743e2a161700b5873dfad_2142_right.jpg
3822,c2b23c372c094a11801bca0d64f09263,2143_right.jpg,~/ml4img/f4dficimg/dif_orid5k_balanced/2143_right.jpg,static/img/c2b23c372c094a11801bca0d64f09263_2143_right.jpg
3823,b429ad1c26cb449ebd913fb09ff7a128,2144_left.jpg,~/ml4img/f4dficimg/dif_orid5k_balanced/2144_left.jpg,static/img/b429ad1c26cb449ebd913fb09ff7a128_2144_left.jpg
3824,71654c8753c94ee891a9f8ccfc8085c9,2144_right.jpg,~/ml4img/f4dficimg/dif_orid5k_balanced/2144_right.jpg,static/img/71654c8753c94ee891a9f8ccfc8085c9_2144_right.jpg
3825,7d83d69f322e427589f160434976119a,2145_left.jpg,~/ml4img/f4dficimg/dif_orid5k_balanced/2145_left.jpg,static/img/7d83d69f322e427589f160434976119a_2145_left.jpg
3826,5cbc03d298154e2ea67b6c5fe54d1311,2145_right.jpg,~/ml4img/f4dficimg/dif_orid5k_balanced/2145_right.jpg,static/img/5cbc03d298154e2ea67b6c5fe54d1311_2145_right.jpg
3827,46b48d2d37ce464188d8d7fc312fdada,2146_left.jpg,~/ml4img/f4dficimg/dif_orid5k_balanced/2146_left.jpg,static/img/46b48d2d37ce464188d8d7fc312fdada_2146_left.jpg
3828,31e204a400ba446a8b0e6253e1aef882,2147_right.jpg,~/ml4img/f4dficimg/dif_orid5k_balanced/2147_right.jpg,static/img/31e204a400ba446a8b0e6253e1aef882_2147_right.jpg
3829,c66ba3cc82fc4669bf3fe6b91466d03d,2151_left.jpg,~/ml4img/f4dficimg/dif_orid5k_balanced/2151_left.jpg,static/img/c66ba3cc82fc4669bf3fe6b91466d03d_2151_left.jpg
3830,fca887ee2dfa4dd385428825f4f9d5c4,2152_right.jpg,~/ml4img/f4dficimg/dif_orid5k_balanced/2152_right.jpg,static/img/fca887ee2dfa4dd385428825f4f9d5c4_2152_right.jpg
3831,2e99ea23f271451180f2f4d5b369118f,2153_right.jpg,~/ml4img/f4dficimg/dif_orid5k_balanced/2153_right.jpg,static/img/2e99ea23f271451180f2f4d5b369118f_2153_right.jpg
3832,7e0b87b95caf476086d18264da9d0ef2,2154_left.jpg,~/ml4img/f4dficimg/dif_orid5k_balanced/2154_left.jpg,static/img/7e0b87b95caf476086d18264da9d0ef2_2154_left.jpg
3833,ea273363fabd484f8d54c84f3164c1e9,2155_right.jpg,~/ml4img/f4dficimg/dif_orid5k_balanced/2155_right.jpg,static/img/ea273363fabd484f8d54c84f3164c1e9_2155_right.jpg
3834,4ddd40a463f74d03b3e5cd4c98478a2c,2156_right.jpg,~/ml4img/f4dficimg/dif_orid5k_balanced/2156_right.jpg,static/img/4ddd40a463f74d03b3e5cd4c98478a2c_2156_right.jpg
3835,d8484e0c401e4134a10c12503506c046,2157_left.jpg,~/ml4img/f4dficimg/dif_orid5k_balanced/2157_left.jpg,static/img/d8484e0c401e4134a10c12503506c046_2157_left.jpg
3836,93a9bc773bcb4e3a8b576c1216d2afef,2157_right.jpg,~/ml4img/f4dficimg/dif_orid5k_balanced/2157_right.jpg,static/img/93a9bc773bcb4e3a8b576c1216d2afef_2157_right.jpg
3837,edb557b7266043918d5be590c0b784df,2158_right.jpg,~/ml4img/f4dficimg/dif_orid5k_balanced/2158_right.jpg,static/img/edb557b7266043918d5be590c0b784df_2158_right.jpg
3838,08966e0a570240c48f1e0a249ba8d605,2161_left.jpg,~/ml4img/f4dficimg/dif_orid5k_balanced/2161_left.jpg,static/img/08966e0a570240c48f1e0a249ba8d605_2161_left.jpg
3839,575f9ec6dc6140a79ceb00d254121835,2162_left.jpg,~/ml4img/f4dficimg/dif_orid5k_balanced/2162_left.jpg,static/img/575f9ec6dc6140a79ceb00d254121835_2162_left.jpg
3840,cfec7572926c4f34830acc47f2d124d1,2162_right.jpg,~/ml4img/f4dficimg/dif_orid5k_balanced/2162_right.jpg,static/img/cfec7572926c4f34830acc47f2d124d1_2162_right.jpg
3841,281a506c8d35490e8585d2d543154838,2163_right.jpg,~/ml4img/f4dficimg/dif_orid5k_balanced/2163_right.jpg,static/img/281a506c8d35490e8585d2d543154838_2163_right.jpg
3842,dd2f7f38f40348d3a832e3df63e7d3e8,2164_left.jpg,~/ml4img/f4dficimg/dif_orid5k_balanced/2164_left.jpg,static/img/dd2f7f38f40348d3a832e3df63e7d3e8_2164_left.jpg
3843,dcd8f91e37bc4c06970cd2560367b766,2164_right.jpg,~/ml4img/f4dficimg/dif_orid5k_balanced/2164_right.jpg,static/img/dcd8f91e37bc4c06970cd2560367b766_2164_right.jpg
3844,e340972782e145498c67c413870f662e,2165_right.jpg,~/ml4img/f4dficimg/dif_orid5k_balanced/2165_right.jpg,static/img/e340972782e145498c67c413870f662e_2165_right.jpg
3845,15dda82f01e04897bc1b7aa77de7b8ce,2168_right.jpg,~/ml4img/f4dficimg/dif_orid5k_balanced/2168_right.jpg,static/img/15dda82f01e04897bc1b7aa77de7b8ce_2168_right.jpg
3846,0d587a80cf8946c39ad7fea175a1011d,2169_right.jpg,~/ml4img/f4dficimg/dif_orid5k_balanced/2169_right.jpg,static/img/0d587a80cf8946c39ad7fea175a1011d_2169_right.jpg
3847,92f9291c171c47a6a68dae6cca823998,2170_right.jpg,~/ml4img/f4dficimg/dif_orid5k_balanced/2170_right.jpg,static/img/92f9291c171c47a6a68dae6cca823998_2170_right.jpg
3848,02deb936706e4b53b83c349e4053b061,2172_right.jpg,~/ml4img/f4dficimg/dif_orid5k_balanced/2172_right.jpg,static/img/02deb936706e4b53b83c349e4053b061_2172_right.jpg
3849,e32e32a703054cab85bb73a4d152c753,2173_left.jpg,~/ml4img/f4dficimg/dif_orid5k_balanced/2173_left.jpg,static/img/e32e32a703054cab85bb73a4d152c753_2173_left.jpg
3850,d3c6d7a8e0024211ad2af3db2c6bbb9e,2173_right.jpg,~/ml4img/f4dficimg/dif_orid5k_balanced/2173_right.jpg,static/img/d3c6d7a8e0024211ad2af3db2c6bbb9e_2173_right.jpg
3851,9bad0af56d6340c7b6c0435a7c5a4f53,2175_left.jpg,~/ml4img/f4dficimg/dif_orid5k_balanced/2175_left.jpg,static/img/9bad0af56d6340c7b6c0435a7c5a4f53_2175_left.jpg
3852,e51d9ae061b34faf9eeefa30b2fff193,2183_left.jpg,~/ml4img/f4dficimg/dif_orid5k_balanced/2183_left.jpg,static/img/e51d9ae061b34faf9eeefa30b2fff193_2183_left.jpg
3853,4d936960f3dc4470b34d2c9ca6215587,2183_right.jpg,~/ml4img/f4dficimg/dif_orid5k_balanced/2183_right.jpg,static/img/4d936960f3dc4470b34d2c9ca6215587_2183_right.jpg
3854,22782cc73e8740e1bc021e6a933f1ca0,2184_left.jpg,~/ml4img/f4dficimg/dif_orid5k_balanced/2184_left.jpg,static/img/22782cc73e8740e1bc021e6a933f1ca0_2184_left.jpg
3855,b7778bd5b4cc4efe8d18a4370ef46d5c,2185_left.jpg,~/ml4img/f4dficimg/dif_orid5k_balanced/2185_left.jpg,static/img/b7778bd5b4cc4efe8d18a4370ef46d5c_2185_left.jpg
3856,218eec5773d843259fb28abb711ed207,2190_left.jpg,~/ml4img/f4dficimg/dif_orid5k_balanced/2190_left.jpg,static/img/218eec5773d843259fb28abb711ed207_2190_left.jpg
3857,6f345d0dc615434f9295c3ac54ad9fe5,2191_right.jpg,~/ml4img/f4dficimg/dif_orid5k_balanced/2191_right.jpg,static/img/6f345d0dc615434f9295c3ac54ad9fe5_2191_right.jpg
3858,5015e579f61b478283123e3377cf7183,2192_right.jpg,~/ml4img/f4dficimg/dif_orid5k_balanced/2192_right.jpg,static/img/5015e579f61b478283123e3377cf7183_2192_right.jpg
3859,81b8949cd37d4e95a98f49a99e47c1df,2193_left.jpg,~/ml4img/f4dficimg/dif_orid5k_balanced/2193_left.jpg,static/img/81b8949cd37d4e95a98f49a99e47c1df_2193_left.jpg
3860,659dda79a46f4dcca04084bb4117f64c,2195_left.jpg,~/ml4img/f4dficimg/dif_orid5k_balanced/2195_left.jpg,static/img/659dda79a46f4dcca04084bb4117f64c_2195_left.jpg
3861,1811ef3a18754d008abbf01218c89c77,2196_left.jpg,~/ml4img/f4dficimg/dif_orid5k_balanced/2196_left.jpg,static/img/1811ef3a18754d008abbf01218c89c77_2196_left.jpg
3862,6864686730474d8aa2e03f69e8bd1d34,2197_left.jpg,~/ml4img/f4dficimg/dif_orid5k_balanced/2197_left.jpg,static/img/6864686730474d8aa2e03f69e8bd1d34_2197_left.jpg
3863,20d66eca6a374135a733845033bf4ebc,2198_right.jpg,~/ml4img/f4dficimg/dif_orid5k_balanced/2198_right.jpg,static/img/20d66eca6a374135a733845033bf4ebc_2198_right.jpg
3864,9f492031042747f08266a507714b7494,2200_left.jpg,~/ml4img/f4dficimg/dif_orid5k_balanced/2200_left.jpg,static/img/9f492031042747f08266a507714b7494_2200_left.jpg
3865,29b99b0229e14529a89d65a8da63d1ca,2201_right.jpg,~/ml4img/f4dficimg/dif_orid5k_balanced/2201_right.jpg,static/img/29b99b0229e14529a89d65a8da63d1ca_2201_right.jpg
3866,01996eeca1ff48adb69397baa9a12582,2203_left.jpg,~/ml4img/f4dficimg/dif_orid5k_balanced/2203_left.jpg,static/img/01996eeca1ff48adb69397baa9a12582_2203_left.jpg
3867,8968590d36444ccbabca6d4f150d52e3,2204_right.jpg,~/ml4img/f4dficimg/dif_orid5k_balanced/2204_right.jpg,static/img/8968590d36444ccbabca6d4f150d52e3_2204_right.jpg
3868,09ee93f42b0448559e8a356871105bb2,2209_right.jpg,~/ml4img/f4dficimg/dif_orid5k_balanced/2209_right.jpg,static/img/09ee93f42b0448559e8a356871105bb2_2209_right.jpg
3869,4958e2dbda764dd0a1c31bb039c562c9,2210_left.jpg,~/ml4img/f4dficimg/dif_orid5k_balanced/2210_left.jpg,static/img/4958e2dbda764dd0a1c31bb039c562c9_2210_left.jpg
3870,9cc74e39cf434ee7aaaaf27fcbbe1d0d,2211_left.jpg,~/ml4img/f4dficimg/dif_orid5k_balanced/2211_left.jpg,static/img/9cc74e39cf434ee7aaaaf27fcbbe1d0d_2211_left.jpg
3871,849c8485feb44a2281d1a0aef32ab6c9,2211_right.jpg,~/ml4img/f4dficimg/dif_orid5k_balanced/2211_right.jpg,static/img/849c8485feb44a2281d1a0aef32ab6c9_2211_right.jpg
3872,50c5292a4c4647618536d97b4770d4af,2212_left.jpg,~/ml4img/f4dficimg/dif_orid5k_balanced/2212_left.jpg,static/img/50c5292a4c4647618536d97b4770d4af_2212_left.jpg
3873,13ff87fb14d742b4a5265806f7d90679,2212_right.jpg,~/ml4img/f4dficimg/dif_orid5k_balanced/2212_right.jpg,static/img/13ff87fb14d742b4a5265806f7d90679_2212_right.jpg
3874,d23147e2167b417b997b29bb2cb54a6d,2213_left.jpg,~/ml4img/f4dficimg/dif_orid5k_balanced/2213_left.jpg,static/img/d23147e2167b417b997b29bb2cb54a6d_2213_left.jpg
3875,0c6db9fce6ec460a942e41b2dc1c5a73,2215_right.jpg,~/ml4img/f4dficimg/dif_orid5k_balanced/2215_right.jpg,static/img/0c6db9fce6ec460a942e41b2dc1c5a73_2215_right.jpg
3876,bce30c59537644059412175cdb2069b2,2216_right.jpg,~/ml4img/f4dficimg/dif_orid5k_balanced/2216_right.jpg,static/img/bce30c59537644059412175cdb2069b2_2216_right.jpg
3877,6dbfa4e8170e4e1d9972eb836b7c3bd9,2217_left.jpg,~/ml4img/f4dficimg/dif_orid5k_balanced/2217_left.jpg,static/img/6dbfa4e8170e4e1d9972eb836b7c3bd9_2217_left.jpg
3878,712ab54de81f4969800318e5dbd20fcb,2217_right.jpg,~/ml4img/f4dficimg/dif_orid5k_balanced/2217_right.jpg,static/img/712ab54de81f4969800318e5dbd20fcb_2217_right.jpg
3879,a730f347b3b34889b0be836c9f83af31,2218_right.jpg,~/ml4img/f4dficimg/dif_orid5k_balanced/2218_right.jpg,static/img/a730f347b3b34889b0be836c9f83af31_2218_right.jpg
3880,06d674e1042748ada89ba01c80f0fb73,2219_left.jpg,~/ml4img/f4dficimg/dif_orid5k_balanced/2219_left.jpg,static/img/06d674e1042748ada89ba01c80f0fb73_2219_left.jpg
3881,9995f8b329d943f287e3a7dcc31ae37a,2219_right.jpg,~/ml4img/f4dficimg/dif_orid5k_balanced/2219_right.jpg,static/img/9995f8b329d943f287e3a7dcc31ae37a_2219_right.jpg
3882,11f22219560a446fb2b1723e092792da,2220_left.jpg,~/ml4img/f4dficimg/dif_orid5k_balanced/2220_left.jpg,static/img/11f22219560a446fb2b1723e092792da_2220_left.jpg
3883,8117890239064ca2ba48ba0a53094093,2220_right.jpg,~/ml4img/f4dficimg/dif_orid5k_balanced/2220_right.jpg,static/img/8117890239064ca2ba48ba0a53094093_2220_right.jpg
3884,10efb23b8d9d4448a5838fe725e01328,2221_left.jpg,~/ml4img/f4dficimg/dif_orid5k_balanced/2221_left.jpg,static/img/10efb23b8d9d4448a5838fe725e01328_2221_left.jpg
3885,e4f2bece027749dea6dc5599b43e5b4d,2223_right.jpg,~/ml4img/f4dficimg/dif_orid5k_balanced/2223_right.jpg,static/img/e4f2bece027749dea6dc5599b43e5b4d_2223_right.jpg
3886,3f1bd87969b74123a50f968e3af51c14,2225_left.jpg,~/ml4img/f4dficimg/dif_orid5k_balanced/2225_left.jpg,static/img/3f1bd87969b74123a50f968e3af51c14_2225_left.jpg
3887,beb1d016712f4e0298bf6499f7b04d14,2226_left.jpg,~/ml4img/f4dficimg/dif_orid5k_balanced/2226_left.jpg,static/img/beb1d016712f4e0298bf6499f7b04d14_2226_left.jpg
3888,2cb67483982a4617bcc1515da42505b3,2226_right.jpg,~/ml4img/f4dficimg/dif_orid5k_balanced/2226_right.jpg,static/img/2cb67483982a4617bcc1515da42505b3_2226_right.jpg
3889,767940dc60f54b8391aef62a9c4e4f18,2227_left.jpg,~/ml4img/f4dficimg/dif_orid5k_balanced/2227_left.jpg,static/img/767940dc60f54b8391aef62a9c4e4f18_2227_left.jpg
3890,5ffcfb2f3c3c4076ac68d646ea41b926,2227_right.jpg,~/ml4img/f4dficimg/dif_orid5k_balanced/2227_right.jpg,static/img/5ffcfb2f3c3c4076ac68d646ea41b926_2227_right.jpg
3891,496b68a31bbb4e7880180323a095d04b,2228_left.jpg,~/ml4img/f4dficimg/dif_orid5k_balanced/2228_left.jpg,static/img/496b68a31bbb4e7880180323a095d04b_2228_left.jpg
3892,b0ea8814e6f14356b5d394b6dc6f7de8,2232_left.jpg,~/ml4img/f4dficimg/dif_orid5k_balanced/2232_left.jpg,static/img/b0ea8814e6f14356b5d394b6dc6f7de8_2232_left.jpg
3893,c7cbdda2e8714808b3077848e29d9332,2233_left.jpg,~/ml4img/f4dficimg/dif_orid5k_balanced/2233_left.jpg,static/img/c7cbdda2e8714808b3077848e29d9332_2233_left.jpg
3894,2476e23dd3b448de9a2d6428e95e8ef3,2234_left.jpg,~/ml4img/f4dficimg/dif_orid5k_balanced/2234_left.jpg,static/img/2476e23dd3b448de9a2d6428e95e8ef3_2234_left.jpg
3895,e73f4086a9d64984b18dcccc714ecb86,2236_left.jpg,~/ml4img/f4dficimg/dif_orid5k_balanced/2236_left.jpg,static/img/e73f4086a9d64984b18dcccc714ecb86_2236_left.jpg
3896,0810d5cb74c34193b4996275fd087aee,2237_right.jpg,~/ml4img/f4dficimg/dif_orid5k_balanced/2237_right.jpg,static/img/0810d5cb74c34193b4996275fd087aee_2237_right.jpg
3897,218d072ff1ed433c89bb2712eb9d2e7e,2242_right.jpg,~/ml4img/f4dficimg/dif_orid5k_balanced/2242_right.jpg,static/img/218d072ff1ed433c89bb2712eb9d2e7e_2242_right.jpg
3898,e5abf12d39e5486aa480a6eb27b408e1,2243_left.jpg,~/ml4img/f4dficimg/dif_orid5k_balanced/2243_left.jpg,static/img/e5abf12d39e5486aa480a6eb27b408e1_2243_left.jpg
3899,ef5faabdc5d149d58fec787af48b2e5e,2243_right.jpg,~/ml4img/f4dficimg/dif_orid5k_balanced/2243_right.jpg,static/img/ef5faabdc5d149d58fec787af48b2e5e_2243_right.jpg
3900,eddf3b27cdf94d76b2989b2126c23c3a,2244_right.jpg,~/ml4img/f4dficimg/dif_orid5k_balanced/2244_right.jpg,static/img/eddf3b27cdf94d76b2989b2126c23c3a_2244_right.jpg
3901,1f03d85f60d946c2ac19467856025667,2246_left.jpg,~/ml4img/f4dficimg/dif_orid5k_balanced/2246_left.jpg,static/img/1f03d85f60d946c2ac19467856025667_2246_left.jpg
3902,5b4f62f2a418497b88c789d5e3204a79,2247_left.jpg,~/ml4img/f4dficimg/dif_orid5k_balanced/2247_left.jpg,static/img/5b4f62f2a418497b88c789d5e3204a79_2247_left.jpg
3903,59b492fbe43f456d8ee1fca147f3e950,2247_right.jpg,~/ml4img/f4dficimg/dif_orid5k_balanced/2247_right.jpg,static/img/59b492fbe43f456d8ee1fca147f3e950_2247_right.jpg
3904,73b87d5c96af418083434c6d59d31d01,2262_left.jpg,~/ml4img/f4dficimg/dif_orid5k_balanced/2262_left.jpg,static/img/73b87d5c96af418083434c6d59d31d01_2262_left.jpg
3905,61eb5111f50444f4afc1a7258e0c7e0e,2282_right.jpg,~/ml4img/f4dficimg/dif_orid5k_balanced/2282_right.jpg,static/img/61eb5111f50444f4afc1a7258e0c7e0e_2282_right.jpg
3906,34eb38bc38264b6983635f4aa85fc87d,2329_right.jpg,~/ml4img/f4dficimg/dif_orid5k_balanced/2329_right.jpg,static/img/34eb38bc38264b6983635f4aa85fc87d_2329_right.jpg
3907,553c9d06a4884ea1a4cf9e2a03ac4c72,2330_left.jpg,~/ml4img/f4dficimg/dif_orid5k_balanced/2330_left.jpg,static/img/553c9d06a4884ea1a4cf9e2a03ac4c72_2330_left.jpg
3908,63cb092e7b7143bf9592ee9a56fbcb77,2332_left.jpg,~/ml4img/f4dficimg/dif_orid5k_balanced/2332_left.jpg,static/img/63cb092e7b7143bf9592ee9a56fbcb77_2332_left.jpg
3909,d54662501b0f4b66ab374f95947262cd,2333_left.jpg,~/ml4img/f4dficimg/dif_orid5k_balanced/2333_left.jpg,static/img/d54662501b0f4b66ab374f95947262cd_2333_left.jpg
3910,0e5e412460114e1bba81740fd6fa172e,2334_left.jpg,~/ml4img/f4dficimg/dif_orid5k_balanced/2334_left.jpg,static/img/0e5e412460114e1bba81740fd6fa172e_2334_left.jpg
3911,28d20a798c5b4aa0b47444c72fead0eb,2335_left.jpg,~/ml4img/f4dficimg/dif_orid5k_balanced/2335_left.jpg,static/img/28d20a798c5b4aa0b47444c72fead0eb_2335_left.jpg
3912,51e268bfb00844a8a605127dd940a9a3,2336_left.jpg,~/ml4img/f4dficimg/dif_orid5k_balanced/2336_left.jpg,static/img/51e268bfb00844a8a605127dd940a9a3_2336_left.jpg
3913,4a13c1223ca9490e89584d8056409c8a,2337_right.jpg,~/ml4img/f4dficimg/dif_orid5k_balanced/2337_right.jpg,static/img/4a13c1223ca9490e89584d8056409c8a_2337_right.jpg
3914,bc7caa423a314286b94deeff9f46bb46,2339_left.jpg,~/ml4img/f4dficimg/dif_orid5k_balanced/2339_left.jpg,static/img/bc7caa423a314286b94deeff9f46bb46_2339_left.jpg
3915,1788d7cdd0f34ad9af32c1ae12d98540,2339_right.jpg,~/ml4img/f4dficimg/dif_orid5k_balanced/2339_right.jpg,static/img/1788d7cdd0f34ad9af32c1ae12d98540_2339_right.jpg
3916,7bbeaa0ff72740368ab8a869f4ae18ec,2340_left.jpg,~/ml4img/f4dficimg/dif_orid5k_balanced/2340_left.jpg,static/img/7bbeaa0ff72740368ab8a869f4ae18ec_2340_left.jpg
3917,f8addb8c2561407f992ea163f71ffebc,2340_right.jpg,~/ml4img/f4dficimg/dif_orid5k_balanced/2340_right.jpg,static/img/f8addb8c2561407f992ea163f71ffebc_2340_right.jpg
3918,16d06d8d6850483ba4f091caaeecdc6b,2341_left.jpg,~/ml4img/f4dficimg/dif_orid5k_balanced/2341_left.jpg,static/img/16d06d8d6850483ba4f091caaeecdc6b_2341_left.jpg
3919,5845a2ff9d35474598f566992a86d809,2342_right.jpg,~/ml4img/f4dficimg/dif_orid5k_balanced/2342_right.jpg,static/img/5845a2ff9d35474598f566992a86d809_2342_right.jpg
3920,eff33f817391452b9ecb2fe386c9ebe1,2345_left.jpg,~/ml4img/f4dficimg/dif_orid5k_balanced/2345_left.jpg,static/img/eff33f817391452b9ecb2fe386c9ebe1_2345_left.jpg
3921,7059642fcbb6406cb0950b5392811e14,2346_left.jpg,~/ml4img/f4dficimg/dif_orid5k_balanced/2346_left.jpg,static/img/7059642fcbb6406cb0950b5392811e14_2346_left.jpg
3922,31be9f8d303d41598a7c3e38c1c733a0,2346_right.jpg,~/ml4img/f4dficimg/dif_orid5k_balanced/2346_right.jpg,static/img/31be9f8d303d41598a7c3e38c1c733a0_2346_right.jpg
3923,7efd5b8ed10045c7bb1349a214013889,2347_right.jpg,~/ml4img/f4dficimg/dif_orid5k_balanced/2347_right.jpg,static/img/7efd5b8ed10045c7bb1349a214013889_2347_right.jpg
3924,45825a5cf4a242d6952600e95abbf8c7,2348_right.jpg,~/ml4img/f4dficimg/dif_orid5k_balanced/2348_right.jpg,static/img/45825a5cf4a242d6952600e95abbf8c7_2348_right.jpg
3925,2bab49f08c7941aea5c35d053e1d7761,2349_left.jpg,~/ml4img/f4dficimg/dif_orid5k_balanced/2349_left.jpg,static/img/2bab49f08c7941aea5c35d053e1d7761_2349_left.jpg
3926,f092dfe434c742feb4698eed48d75a6e,2349_right.jpg,~/ml4img/f4dficimg/dif_orid5k_balanced/2349_right.jpg,static/img/f092dfe434c742feb4698eed48d75a6e_2349_right.jpg
3927,9d4206a578df4a23b30fb909f2c9a28a,2350_left.jpg,~/ml4img/f4dficimg/dif_orid5k_balanced/2350_left.jpg,static/img/9d4206a578df4a23b30fb909f2c9a28a_2350_left.jpg
3928,c57758d8166e4c33bf56c7873bdf10bb,2353_left.jpg,~/ml4img/f4dficimg/dif_orid5k_balanced/2353_left.jpg,static/img/c57758d8166e4c33bf56c7873bdf10bb_2353_left.jpg
3929,8973c9f41974434b81941674700ef419,2354_left.jpg,~/ml4img/f4dficimg/dif_orid5k_balanced/2354_left.jpg,static/img/8973c9f41974434b81941674700ef419_2354_left.jpg
3930,6a56913753a747b08a6e06f949a348bf,2356_right.jpg,~/ml4img/f4dficimg/dif_orid5k_balanced/2356_right.jpg,static/img/6a56913753a747b08a6e06f949a348bf_2356_right.jpg
3931,03f7f1c2254d4e848e1399d1a5356450,2357_left.jpg,~/ml4img/f4dficimg/dif_orid5k_balanced/2357_left.jpg,static/img/03f7f1c2254d4e848e1399d1a5356450_2357_left.jpg
3932,3a4edee2c67e4d19ba3299ab20348788,2359_left.jpg,~/ml4img/f4dficimg/dif_orid5k_balanced/2359_left.jpg,static/img/3a4edee2c67e4d19ba3299ab20348788_2359_left.jpg
3933,83859d9b7a08450b85ac309ba3e69ed8,2359_right.jpg,~/ml4img/f4dficimg/dif_orid5k_balanced/2359_right.jpg,static/img/83859d9b7a08450b85ac309ba3e69ed8_2359_right.jpg
3934,e0783a1e4b0c49e6b5851b8d0255333f,2360_right.jpg,~/ml4img/f4dficimg/dif_orid5k_balanced/2360_right.jpg,static/img/e0783a1e4b0c49e6b5851b8d0255333f_2360_right.jpg
3935,0f8dabd72210456488c5f9a20da5e03a,2361_right.jpg,~/ml4img/f4dficimg/dif_orid5k_balanced/2361_right.jpg,static/img/0f8dabd72210456488c5f9a20da5e03a_2361_right.jpg
3936,8b63a1c9e0a74fd79def8699f05bd010,2362_left.jpg,~/ml4img/f4dficimg/dif_orid5k_balanced/2362_left.jpg,static/img/8b63a1c9e0a74fd79def8699f05bd010_2362_left.jpg
3937,7c61ff2df14c4509bdae71d4c8ff4b65,2364_left.jpg,~/ml4img/f4dficimg/dif_orid5k_balanced/2364_left.jpg,static/img/7c61ff2df14c4509bdae71d4c8ff4b65_2364_left.jpg
3938,9fd7fedd574c4886914580315b4e0087,2365_left.jpg,~/ml4img/f4dficimg/dif_orid5k_balanced/2365_left.jpg,static/img/9fd7fedd574c4886914580315b4e0087_2365_left.jpg
3939,a4435d6958434e46b2ef432baef8d0e3,2368_left.jpg,~/ml4img/f4dficimg/dif_orid5k_balanced/2368_left.jpg,static/img/a4435d6958434e46b2ef432baef8d0e3_2368_left.jpg
3940,839701e62363471f816b604b8317f297,2369_right.jpg,~/ml4img/f4dficimg/dif_orid5k_balanced/2369_right.jpg,static/img/839701e62363471f816b604b8317f297_2369_right.jpg
3941,2d0a912a29be4fa3a948c551b89f8a7f,2370_right.jpg,~/ml4img/f4dficimg/dif_orid5k_balanced/2370_right.jpg,static/img/2d0a912a29be4fa3a948c551b89f8a7f_2370_right.jpg
3942,6423d82933dc4b6a8b5783e8cdb5b2fb,2371_left.jpg,~/ml4img/f4dficimg/dif_orid5k_balanced/2371_left.jpg,static/img/6423d82933dc4b6a8b5783e8cdb5b2fb_2371_left.jpg
3943,a4a741b07a9147849fedb2a8080ef0b5,2372_left.jpg,~/ml4img/f4dficimg/dif_orid5k_balanced/2372_left.jpg,static/img/a4a741b07a9147849fedb2a8080ef0b5_2372_left.jpg
3944,fe200cabe17e47eb9d936e1a29fd77c0,2373_left.jpg,~/ml4img/f4dficimg/dif_orid5k_balanced/2373_left.jpg,static/img/fe200cabe17e47eb9d936e1a29fd77c0_2373_left.jpg
3945,b1e1ebbf60474afdad27f5d6b0da20d2,2374_left.jpg,~/ml4img/f4dficimg/dif_orid5k_balanced/2374_left.jpg,static/img/b1e1ebbf60474afdad27f5d6b0da20d2_2374_left.jpg
3946,0dad9aac1ba5474398881bdcf75121a5,2376_left.jpg,~/ml4img/f4dficimg/dif_orid5k_balanced/2376_left.jpg,static/img/0dad9aac1ba5474398881bdcf75121a5_2376_left.jpg
3947,6ef373722a454cf389b688424c8dd5f6,2377_left.jpg,~/ml4img/f4dficimg/dif_orid5k_balanced/2377_left.jpg,static/img/6ef373722a454cf389b688424c8dd5f6_2377_left.jpg
3948,50bf4e086d1b4af6b09447162ee97df1,2378_left.jpg,~/ml4img/f4dficimg/dif_orid5k_balanced/2378_left.jpg,static/img/50bf4e086d1b4af6b09447162ee97df1_2378_left.jpg
3949,275029b6642643f4a2dcc99f63a6ca0a,2379_left.jpg,~/ml4img/f4dficimg/dif_orid5k_balanced/2379_left.jpg,static/img/275029b6642643f4a2dcc99f63a6ca0a_2379_left.jpg
3950,7f69bed57f974d9fa3dc25c1d497bfb9,2381_left.jpg,~/ml4img/f4dficimg/dif_orid5k_balanced/2381_left.jpg,static/img/7f69bed57f974d9fa3dc25c1d497bfb9_2381_left.jpg
3951,72d2f4c4a3ee4d08b8a966823f7958ce,2384_right.jpg,~/ml4img/f4dficimg/dif_orid5k_balanced/2384_right.jpg,static/img/72d2f4c4a3ee4d08b8a966823f7958ce_2384_right.jpg
3952,ddd2696e58674447a54ac2fcd8044d06,2385_right.jpg,~/ml4img/f4dficimg/dif_orid5k_balanced/2385_right.jpg,static/img/ddd2696e58674447a54ac2fcd8044d06_2385_right.jpg
3953,9489b1a7111749f38d0d6f2ba114f74f,2387_left.jpg,~/ml4img/f4dficimg/dif_orid5k_balanced/2387_left.jpg,static/img/9489b1a7111749f38d0d6f2ba114f74f_2387_left.jpg
3954,e96c3446badc414c879c4a5115422397,2387_right.jpg,~/ml4img/f4dficimg/dif_orid5k_balanced/2387_right.jpg,static/img/e96c3446badc414c879c4a5115422397_2387_right.jpg
3955,4a295bd517ec44ea93bb656be914fb45,2388_right.jpg,~/ml4img/f4dficimg/dif_orid5k_balanced/2388_right.jpg,static/img/4a295bd517ec44ea93bb656be914fb45_2388_right.jpg
3956,9bf5acbe5a4b4ac99e5d2bcbd3b27534,2389_right.jpg,~/ml4img/f4dficimg/dif_orid5k_balanced/2389_right.jpg,static/img/9bf5acbe5a4b4ac99e5d2bcbd3b27534_2389_right.jpg
3957,dd2e3303aadc42499d1ff7857215ce48,2390_right.jpg,~/ml4img/f4dficimg/dif_orid5k_balanced/2390_right.jpg,static/img/dd2e3303aadc42499d1ff7857215ce48_2390_right.jpg
3958,435b272fdc7f42b688e65456cbdc97a6,2394_right.jpg,~/ml4img/f4dficimg/dif_orid5k_balanced/2394_right.jpg,static/img/435b272fdc7f42b688e65456cbdc97a6_2394_right.jpg
3959,b4cdebb6e6c940edbdd8ca198ee21d4e,2395_right.jpg,~/ml4img/f4dficimg/dif_orid5k_balanced/2395_right.jpg,static/img/b4cdebb6e6c940edbdd8ca198ee21d4e_2395_right.jpg
3960,2d1510b7b44048849f53592b47a68aa0,2397_left.jpg,~/ml4img/f4dficimg/dif_orid5k_balanced/2397_left.jpg,static/img/2d1510b7b44048849f53592b47a68aa0_2397_left.jpg
3961,5e1f770218fe4d0e8cfbf9412385e240,2398_left.jpg,~/ml4img/f4dficimg/dif_orid5k_balanced/2398_left.jpg,static/img/5e1f770218fe4d0e8cfbf9412385e240_2398_left.jpg
3962,281aac3d98de453ea6014afd489f7df8,2399_right.jpg,~/ml4img/f4dficimg/dif_orid5k_balanced/2399_right.jpg,static/img/281aac3d98de453ea6014afd489f7df8_2399_right.jpg
3963,ea4d65a80b3045aa9bc54d5f9faad3f9,2401_right.jpg,~/ml4img/f4dficimg/dif_orid5k_balanced/2401_right.jpg,static/img/ea4d65a80b3045aa9bc54d5f9faad3f9_2401_right.jpg
3964,d06844156bc1489d9fd355adb7bca370,2402_right.jpg,~/ml4img/f4dficimg/dif_orid5k_balanced/2402_right.jpg,static/img/d06844156bc1489d9fd355adb7bca370_2402_right.jpg
3965,bd048854271f48c9a05fbfd836e9073f,2404_right.jpg,~/ml4img/f4dficimg/dif_orid5k_balanced/2404_right.jpg,static/img/bd048854271f48c9a05fbfd836e9073f_2404_right.jpg
3966,3bf2926b8c9e4f38984ff2420ce0eaed,2405_left.jpg,~/ml4img/f4dficimg/dif_orid5k_balanced/2405_left.jpg,static/img/3bf2926b8c9e4f38984ff2420ce0eaed_2405_left.jpg
3967,f2b3d53c388a474c8cbc92b33a0be8f8,2406_left.jpg,~/ml4img/f4dficimg/dif_orid5k_balanced/2406_left.jpg,static/img/f2b3d53c388a474c8cbc92b33a0be8f8_2406_left.jpg
3968,a0893f562f73493fb5eb91c8e4ecca15,2407_left.jpg,~/ml4img/f4dficimg/dif_orid5k_balanced/2407_left.jpg,static/img/a0893f562f73493fb5eb91c8e4ecca15_2407_left.jpg
3969,b9e55611fa5d421bafb77743029f827b,2408_left.jpg,~/ml4img/f4dficimg/dif_orid5k_balanced/2408_left.jpg,static/img/b9e55611fa5d421bafb77743029f827b_2408_left.jpg
3970,271f92dd0bfe46038043fea962fbb7bf,2409_left.jpg,~/ml4img/f4dficimg/dif_orid5k_balanced/2409_left.jpg,static/img/271f92dd0bfe46038043fea962fbb7bf_2409_left.jpg
3971,f245f390498348d1bb95d9739c5ef55c,2410_left.jpg,~/ml4img/f4dficimg/dif_orid5k_balanced/2410_left.jpg,static/img/f245f390498348d1bb95d9739c5ef55c_2410_left.jpg
3972,11d11f86f9f74e44abd39ed3fca7ffa1,2411_right.jpg,~/ml4img/f4dficimg/dif_orid5k_balanced/2411_right.jpg,static/img/11d11f86f9f74e44abd39ed3fca7ffa1_2411_right.jpg
3973,89f365a15f654d55b025ff387ea45d3c,2412_left.jpg,~/ml4img/f4dficimg/dif_orid5k_balanced/2412_left.jpg,static/img/89f365a15f654d55b025ff387ea45d3c_2412_left.jpg
3974,920f5b85f2e8469091ba6a1dee334770,2413_left.jpg,~/ml4img/f4dficimg/dif_orid5k_balanced/2413_left.jpg,static/img/920f5b85f2e8469091ba6a1dee334770_2413_left.jpg
3975,40311965e526495ab8e268f77c0a72d2,2414_left.jpg,~/ml4img/f4dficimg/dif_orid5k_balanced/2414_left.jpg,static/img/40311965e526495ab8e268f77c0a72d2_2414_left.jpg
3976,ed0b4c680c904cb5b78c77d68a11e747,2415_right.jpg,~/ml4img/f4dficimg/dif_orid5k_balanced/2415_right.jpg,static/img/ed0b4c680c904cb5b78c77d68a11e747_2415_right.jpg
3977,f056e76b27814874a9bd31cbc78b17b0,2416_right.jpg,~/ml4img/f4dficimg/dif_orid5k_balanced/2416_right.jpg,static/img/f056e76b27814874a9bd31cbc78b17b0_2416_right.jpg
3978,834a5c319a644af98a6dd8d59c544704,2417_left.jpg,~/ml4img/f4dficimg/dif_orid5k_balanced/2417_left.jpg,static/img/834a5c319a644af98a6dd8d59c544704_2417_left.jpg
3979,f7d94a7a01cc4348ac6bb56d0a6c851b,2418_right.jpg,~/ml4img/f4dficimg/dif_orid5k_balanced/2418_right.jpg,static/img/f7d94a7a01cc4348ac6bb56d0a6c851b_2418_right.jpg
3980,d618885caed44e2582543d1a567942a4,2419_left.jpg,~/ml4img/f4dficimg/dif_orid5k_balanced/2419_left.jpg,static/img/d618885caed44e2582543d1a567942a4_2419_left.jpg
3981,73f4b52140eb40aca64df620e57dd351,2420_right.jpg,~/ml4img/f4dficimg/dif_orid5k_balanced/2420_right.jpg,static/img/73f4b52140eb40aca64df620e57dd351_2420_right.jpg
3982,5f0bba85db67418f8b7b8f10e5d42fcc,2422_right.jpg,~/ml4img/f4dficimg/dif_orid5k_balanced/2422_right.jpg,static/img/5f0bba85db67418f8b7b8f10e5d42fcc_2422_right.jpg
3983,38e9360bff904e70af7c97303d5082e0,2423_left.jpg,~/ml4img/f4dficimg/dif_orid5k_balanced/2423_left.jpg,static/img/38e9360bff904e70af7c97303d5082e0_2423_left.jpg
3984,8f6b2d9ee05744629569148af10c58b3,2423_right.jpg,~/ml4img/f4dficimg/dif_orid5k_balanced/2423_right.jpg,static/img/8f6b2d9ee05744629569148af10c58b3_2423_right.jpg
3985,e2e5114dcde9486ea4a372f7e9d19ada,2425_left.jpg,~/ml4img/f4dficimg/dif_orid5k_balanced/2425_left.jpg,static/img/e2e5114dcde9486ea4a372f7e9d19ada_2425_left.jpg
3986,997883a066244d1797da94d6dd3a05b1,2426_right.jpg,~/ml4img/f4dficimg/dif_orid5k_balanced/2426_right.jpg,static/img/997883a066244d1797da94d6dd3a05b1_2426_right.jpg
3987,3154ff1fa2564d74a90d5f3ad8bb6a26,2427_left.jpg,~/ml4img/f4dficimg/dif_orid5k_balanced/2427_left.jpg,static/img/3154ff1fa2564d74a90d5f3ad8bb6a26_2427_left.jpg
3988,8414ebc2a06e408ba0ed6f7c033eaea7,2428_left.jpg,~/ml4img/f4dficimg/dif_orid5k_balanced/2428_left.jpg,static/img/8414ebc2a06e408ba0ed6f7c033eaea7_2428_left.jpg
3989,12975cfeb0bd4fb19d666d626c97a628,2429_left.jpg,~/ml4img/f4dficimg/dif_orid5k_balanced/2429_left.jpg,static/img/12975cfeb0bd4fb19d666d626c97a628_2429_left.jpg
3990,e7f3addb1d8f40b79df150876c492e2d,2430_right.jpg,~/ml4img/f4dficimg/dif_orid5k_balanced/2430_right.jpg,static/img/e7f3addb1d8f40b79df150876c492e2d_2430_right.jpg
3991,9eb37d73645149ffb6f4d0c020f72d42,2431_right.jpg,~/ml4img/f4dficimg/dif_orid5k_balanced/2431_right.jpg,static/img/9eb37d73645149ffb6f4d0c020f72d42_2431_right.jpg
3992,b85111ab5d2f4cf398c7d70387047670,2433_right.jpg,~/ml4img/f4dficimg/dif_orid5k_balanced/2433_right.jpg,static/img/b85111ab5d2f4cf398c7d70387047670_2433_right.jpg
3993,acebdd894aa844df85b41d263b1abca1,2435_right.jpg,~/ml4img/f4dficimg/dif_orid5k_balanced/2435_right.jpg,static/img/acebdd894aa844df85b41d263b1abca1_2435_right.jpg
3994,d6687fe6f50e4c739f44d6d57a04e733,2439_left.jpg,~/ml4img/f4dficimg/dif_orid5k_balanced/2439_left.jpg,static/img/d6687fe6f50e4c739f44d6d57a04e733_2439_left.jpg
3995,6420235239374c85901f8a18e19203ea,2439_right.jpg,~/ml4img/f4dficimg/dif_orid5k_balanced/2439_right.jpg,static/img/6420235239374c85901f8a18e19203ea_2439_right.jpg
3996,4f75915abd9046bcbc3a51db14d4724d,2440_left.jpg,~/ml4img/f4dficimg/dif_orid5k_balanced/2440_left.jpg,static/img/4f75915abd9046bcbc3a51db14d4724d_2440_left.jpg
3997,cacf323864b34ceca8595c743fae1ed6,2441_left.jpg,~/ml4img/f4dficimg/dif_orid5k_balanced/2441_left.jpg,static/img/cacf323864b34ceca8595c743fae1ed6_2441_left.jpg
3998,89f2c328ca98490e8181c5aa664ecec6,2441_right.jpg,~/ml4img/f4dficimg/dif_orid5k_balanced/2441_right.jpg,static/img/89f2c328ca98490e8181c5aa664ecec6_2441_right.jpg
3999,94cf549b55d14c95b6a46e312842c0c9,2443_left.jpg,~/ml4img/f4dficimg/dif_orid5k_balanced/2443_left.jpg,static/img/94cf549b55d14c95b6a46e312842c0c9_2443_left.jpg
4000,9f34b0410a8344d285f20713c7d57f10,2443_right.jpg,~/ml4img/f4dficimg/dif_orid5k_balanced/2443_right.jpg,static/img/9f34b0410a8344d285f20713c7d57f10_2443_right.jpg
4001,559ef02bcfa2492ca52dc71083c7d3fc,2444_left.jpg,~/ml4img/f4dficimg/dif_orid5k_balanced/2444_left.jpg,static/img/559ef02bcfa2492ca52dc71083c7d3fc_2444_left.jpg
4002,18994f97543e4ebc8e06159aa6e8fb32,2444_right.jpg,~/ml4img/f4dficimg/dif_orid5k_balanced/2444_right.jpg,static/img/18994f97543e4ebc8e06159aa6e8fb32_2444_right.jpg
4003,a9b02115375c4f1d8ae4fb4343703eb8,2446_left.jpg,~/ml4img/f4dficimg/dif_orid5k_balanced/2446_left.jpg,static/img/a9b02115375c4f1d8ae4fb4343703eb8_2446_left.jpg
4004,bbb77ebad2f24d0388e527a4c4e7800f,2449_left.jpg,~/ml4img/f4dficimg/dif_orid5k_balanced/2449_left.jpg,static/img/bbb77ebad2f24d0388e527a4c4e7800f_2449_left.jpg
4005,2d1d8e62e9754212907297c5389e3b9f,2451_left.jpg,~/ml4img/f4dficimg/dif_orid5k_balanced/2451_left.jpg,static/img/2d1d8e62e9754212907297c5389e3b9f_2451_left.jpg
4006,7dd26c380ae042a8bee71c2f234c8689,2451_right.jpg,~/ml4img/f4dficimg/dif_orid5k_balanced/2451_right.jpg,static/img/7dd26c380ae042a8bee71c2f234c8689_2451_right.jpg
4007,8db23447d5714af3b841b013a3837b9a,2452_left.jpg,~/ml4img/f4dficimg/dif_orid5k_balanced/2452_left.jpg,static/img/8db23447d5714af3b841b013a3837b9a_2452_left.jpg
4008,d2c3bd52ebbc4d46be4b1f0398b6c659,2452_right.jpg,~/ml4img/f4dficimg/dif_orid5k_balanced/2452_right.jpg,static/img/d2c3bd52ebbc4d46be4b1f0398b6c659_2452_right.jpg
4009,687d64775fac41df80f82684412dadfe,2454_left.jpg,~/ml4img/f4dficimg/dif_orid5k_balanced/2454_left.jpg,static/img/687d64775fac41df80f82684412dadfe_2454_left.jpg
4010,4188ae0c374f4ca9b864fe7fce6ebf4e,2454_right.jpg,~/ml4img/f4dficimg/dif_orid5k_balanced/2454_right.jpg,static/img/4188ae0c374f4ca9b864fe7fce6ebf4e_2454_right.jpg
4011,85fb131ba9e144a28518643d31092d75,2456_left.jpg,~/ml4img/f4dficimg/dif_orid5k_balanced/2456_left.jpg,static/img/85fb131ba9e144a28518643d31092d75_2456_left.jpg
4012,2267ac4b4b284778a0a6e124aa6b4ada,2457_right.jpg,~/ml4img/f4dficimg/dif_orid5k_balanced/2457_right.jpg,static/img/2267ac4b4b284778a0a6e124aa6b4ada_2457_right.jpg
4013,abbe73d9e4bc4fd49e216b4553ece259,2458_right.jpg,~/ml4img/f4dficimg/dif_orid5k_balanced/2458_right.jpg,static/img/abbe73d9e4bc4fd49e216b4553ece259_2458_right.jpg
4014,a6f8f4545374447ea102475097efcf18,2459_left.jpg,~/ml4img/f4dficimg/dif_orid5k_balanced/2459_left.jpg,static/img/a6f8f4545374447ea102475097efcf18_2459_left.jpg
4015,5e399e035f2346398e0dc48534aa7ce2,2460_left.jpg,~/ml4img/f4dficimg/dif_orid5k_balanced/2460_left.jpg,static/img/5e399e035f2346398e0dc48534aa7ce2_2460_left.jpg
4016,10186dcf4d734cf484a010745e46253b,2460_right.jpg,~/ml4img/f4dficimg/dif_orid5k_balanced/2460_right.jpg,static/img/10186dcf4d734cf484a010745e46253b_2460_right.jpg
4017,d0386b7418e042089f33841718fc5b23,2462_left.jpg,~/ml4img/f4dficimg/dif_orid5k_balanced/2462_left.jpg,static/img/d0386b7418e042089f33841718fc5b23_2462_left.jpg
4018,2387d2920b40445f93be14cdca00c203,2463_right.jpg,~/ml4img/f4dficimg/dif_orid5k_balanced/2463_right.jpg,static/img/2387d2920b40445f93be14cdca00c203_2463_right.jpg
4019,90071cb8065849d99ab1ac6f1b7bb930,2465_left.jpg,~/ml4img/f4dficimg/dif_orid5k_balanced/2465_left.jpg,static/img/90071cb8065849d99ab1ac6f1b7bb930_2465_left.jpg
4020,3258472f383a416aa9999d21a2485f5e,2465_right.jpg,~/ml4img/f4dficimg/dif_orid5k_balanced/2465_right.jpg,static/img/3258472f383a416aa9999d21a2485f5e_2465_right.jpg
4021,92836902d8b34f1599d3db71214b47ff,2467_right.jpg,~/ml4img/f4dficimg/dif_orid5k_balanced/2467_right.jpg,static/img/92836902d8b34f1599d3db71214b47ff_2467_right.jpg
4022,53bd7249a30043e0ab72777165852498,2469_left.jpg,~/ml4img/f4dficimg/dif_orid5k_balanced/2469_left.jpg,static/img/53bd7249a30043e0ab72777165852498_2469_left.jpg
4023,2ded8b5b414645a0bfdd83260dc0a298,2469_right.jpg,~/ml4img/f4dficimg/dif_orid5k_balanced/2469_right.jpg,static/img/2ded8b5b414645a0bfdd83260dc0a298_2469_right.jpg
4024,cb6ff814a486401fb4039cb69f7dff69,2470_left.jpg,~/ml4img/f4dficimg/dif_orid5k_balanced/2470_left.jpg,static/img/cb6ff814a486401fb4039cb69f7dff69_2470_left.jpg
4025,cadef0c2d7b1436090cde94e3af90cb6,2471_right.jpg,~/ml4img/f4dficimg/dif_orid5k_balanced/2471_right.jpg,static/img/cadef0c2d7b1436090cde94e3af90cb6_2471_right.jpg
4026,aaabbed515ef45a88ca341b5bf6b0a10,2473_left.jpg,~/ml4img/f4dficimg/dif_orid5k_balanced/2473_left.jpg,static/img/aaabbed515ef45a88ca341b5bf6b0a10_2473_left.jpg
4027,db2cda31fe294a8e80acf6574323ec8a,2474_left.jpg,~/ml4img/f4dficimg/dif_orid5k_balanced/2474_left.jpg,static/img/db2cda31fe294a8e80acf6574323ec8a_2474_left.jpg
4028,22af9f80b9774f9787a8b72983609309,2474_right.jpg,~/ml4img/f4dficimg/dif_orid5k_balanced/2474_right.jpg,static/img/22af9f80b9774f9787a8b72983609309_2474_right.jpg
4029,6b1ba8a8ca264367857cf083e8ad9c9e,2475_right.jpg,~/ml4img/f4dficimg/dif_orid5k_balanced/2475_right.jpg,static/img/6b1ba8a8ca264367857cf083e8ad9c9e_2475_right.jpg
4030,02bae0375de041e2bbb47b8d94a43e10,2476_right.jpg,~/ml4img/f4dficimg/dif_orid5k_balanced/2476_right.jpg,static/img/02bae0375de041e2bbb47b8d94a43e10_2476_right.jpg
4031,14b435fa69684efbbde66e30d2c56367,2477_left.jpg,~/ml4img/f4dficimg/dif_orid5k_balanced/2477_left.jpg,static/img/14b435fa69684efbbde66e30d2c56367_2477_left.jpg
4032,d6f1e106294444bdb86a3435682dc728,2479_right.jpg,~/ml4img/f4dficimg/dif_orid5k_balanced/2479_right.jpg,static/img/d6f1e106294444bdb86a3435682dc728_2479_right.jpg
4033,0ab0c02ff3d344b4852c48fbaeb63c4e,2480_right.jpg,~/ml4img/f4dficimg/dif_orid5k_balanced/2480_right.jpg,static/img/0ab0c02ff3d344b4852c48fbaeb63c4e_2480_right.jpg
4034,0c9f8edcf5f84fe9af09046749638182,2481_right.jpg,~/ml4img/f4dficimg/dif_orid5k_balanced/2481_right.jpg,static/img/0c9f8edcf5f84fe9af09046749638182_2481_right.jpg
4035,6f8162443ac04c799f751075dd2849df,2484_right.jpg,~/ml4img/f4dficimg/dif_orid5k_balanced/2484_right.jpg,static/img/6f8162443ac04c799f751075dd2849df_2484_right.jpg
4036,b99d76f786b74ceb886d02e48d9d6092,2486_left.jpg,~/ml4img/f4dficimg/dif_orid5k_balanced/2486_left.jpg,static/img/b99d76f786b74ceb886d02e48d9d6092_2486_left.jpg
4037,1d5fab5ff50b44d9a3566a9c0bc2bc68,2487_right.jpg,~/ml4img/f4dficimg/dif_orid5k_balanced/2487_right.jpg,static/img/1d5fab5ff50b44d9a3566a9c0bc2bc68_2487_right.jpg
4038,3e4c7d2595274108b9e5731df5c2cb04,2490_left.jpg,~/ml4img/f4dficimg/dif_orid5k_balanced/2490_left.jpg,static/img/3e4c7d2595274108b9e5731df5c2cb04_2490_left.jpg
4039,e72a6b2194034d7480664cbbc6c6af88,2492_left.jpg,~/ml4img/f4dficimg/dif_orid5k_balanced/2492_left.jpg,static/img/e72a6b2194034d7480664cbbc6c6af88_2492_left.jpg
4040,72c5770b0cb247bcae46d486982a131b,2492_right.jpg,~/ml4img/f4dficimg/dif_orid5k_balanced/2492_right.jpg,static/img/72c5770b0cb247bcae46d486982a131b_2492_right.jpg
4041,81277177fd724c869178d516051a69ff,2495_right.jpg,~/ml4img/f4dficimg/dif_orid5k_balanced/2495_right.jpg,static/img/81277177fd724c869178d516051a69ff_2495_right.jpg
4042,af85a398e7fe473eb3fe0738573a8b11,2496_right.jpg,~/ml4img/f4dficimg/dif_orid5k_balanced/2496_right.jpg,static/img/af85a398e7fe473eb3fe0738573a8b11_2496_right.jpg
4043,6c56d8d18ae54eada9ec675c6f6daf03,2497_right.jpg,~/ml4img/f4dficimg/dif_orid5k_balanced/2497_right.jpg,static/img/6c56d8d18ae54eada9ec675c6f6daf03_2497_right.jpg
4044,ca64291a209d40e38c62a6c9616befd2,2498_right.jpg,~/ml4img/f4dficimg/dif_orid5k_balanced/2498_right.jpg,static/img/ca64291a209d40e38c62a6c9616befd2_2498_right.jpg
4045,9d2507f8cc3d40fc88935e0fd2e7bc79,2499_right.jpg,~/ml4img/f4dficimg/dif_orid5k_balanced/2499_right.jpg,static/img/9d2507f8cc3d40fc88935e0fd2e7bc79_2499_right.jpg
4046,276461677f4748d99e4bee0060dad5f7,2500_right.jpg,~/ml4img/f4dficimg/dif_orid5k_balanced/2500_right.jpg,static/img/276461677f4748d99e4bee0060dad5f7_2500_right.jpg
4047,19b63e9d82e14b52b8ce2f0fd2c54334,2501_right.jpg,~/ml4img/f4dficimg/dif_orid5k_balanced/2501_right.jpg,static/img/19b63e9d82e14b52b8ce2f0fd2c54334_2501_right.jpg
4048,f09261baed9b448ba6d668e50c08a6b1,2503_left.jpg,~/ml4img/f4dficimg/dif_orid5k_balanced/2503_left.jpg,static/img/f09261baed9b448ba6d668e50c08a6b1_2503_left.jpg
4049,fbe775557abc44b3aa84c07421bff5de,2504_left.jpg,~/ml4img/f4dficimg/dif_orid5k_balanced/2504_left.jpg,static/img/fbe775557abc44b3aa84c07421bff5de_2504_left.jpg
4050,307360a8993d49258456e7ef2981fb2e,2505_left.jpg,~/ml4img/f4dficimg/dif_orid5k_balanced/2505_left.jpg,static/img/307360a8993d49258456e7ef2981fb2e_2505_left.jpg
4051,2ebc8f97c4f44fc78829e2495055fca3,2506_right.jpg,~/ml4img/f4dficimg/dif_orid5k_balanced/2506_right.jpg,static/img/2ebc8f97c4f44fc78829e2495055fca3_2506_right.jpg
4052,ac1e5b971c3f412a8a8ed8b6dd5c5a4e,2508_left.jpg,~/ml4img/f4dficimg/dif_orid5k_balanced/2508_left.jpg,static/img/ac1e5b971c3f412a8a8ed8b6dd5c5a4e_2508_left.jpg
4053,3e74c8fd98df473e9241526426d7c030,2509_left.jpg,~/ml4img/f4dficimg/dif_orid5k_balanced/2509_left.jpg,static/img/3e74c8fd98df473e9241526426d7c030_2509_left.jpg
4054,dd5fb26f2dea425d9d65edd436913302,2512_right.jpg,~/ml4img/f4dficimg/dif_orid5k_balanced/2512_right.jpg,static/img/dd5fb26f2dea425d9d65edd436913302_2512_right.jpg
4055,6713dfb670dd4db4850a39a58b111b1e,2513_right.jpg,~/ml4img/f4dficimg/dif_orid5k_balanced/2513_right.jpg,static/img/6713dfb670dd4db4850a39a58b111b1e_2513_right.jpg
4056,e7a0707fc6d34fc787df822451f1a45e,2514_right.jpg,~/ml4img/f4dficimg/dif_orid5k_balanced/2514_right.jpg,static/img/e7a0707fc6d34fc787df822451f1a45e_2514_right.jpg
4057,42ed5f96bde54d8da0cfec4bd07177c6,2516_left.jpg,~/ml4img/f4dficimg/dif_orid5k_balanced/2516_left.jpg,static/img/42ed5f96bde54d8da0cfec4bd07177c6_2516_left.jpg
4058,87e164ead70d457e989b8a8d80140413,2517_left.jpg,~/ml4img/f4dficimg/dif_orid5k_balanced/2517_left.jpg,static/img/87e164ead70d457e989b8a8d80140413_2517_left.jpg
4059,ab7d0daec12e471abc2c436b46e40983,2518_left.jpg,~/ml4img/f4dficimg/dif_orid5k_balanced/2518_left.jpg,static/img/ab7d0daec12e471abc2c436b46e40983_2518_left.jpg
4060,bae49e5bebba4299b113328e0617f2ca,2521_left.jpg,~/ml4img/f4dficimg/dif_orid5k_balanced/2521_left.jpg,static/img/bae49e5bebba4299b113328e0617f2ca_2521_left.jpg
4061,9fffcf776b6a4392af81b9456d4f008f,2521_right.jpg,~/ml4img/f4dficimg/dif_orid5k_balanced/2521_right.jpg,static/img/9fffcf776b6a4392af81b9456d4f008f_2521_right.jpg
4062,50212571f81744c0a967407f72682be9,2522_right.jpg,~/ml4img/f4dficimg/dif_orid5k_balanced/2522_right.jpg,static/img/50212571f81744c0a967407f72682be9_2522_right.jpg
4063,5b08189754e644b5a8185ddf9b5dafb8,2523_left.jpg,~/ml4img/f4dficimg/dif_orid5k_balanced/2523_left.jpg,static/img/5b08189754e644b5a8185ddf9b5dafb8_2523_left.jpg
4064,3b70ccea63674ec0a7f1c2a6547aee3d,2524_left.jpg,~/ml4img/f4dficimg/dif_orid5k_balanced/2524_left.jpg,static/img/3b70ccea63674ec0a7f1c2a6547aee3d_2524_left.jpg
4065,63fcaaef13e044ecbde1369a4875a30f,2524_right.jpg,~/ml4img/f4dficimg/dif_orid5k_balanced/2524_right.jpg,static/img/63fcaaef13e044ecbde1369a4875a30f_2524_right.jpg
4066,deb352d7ba5740e18730d7f24b2634d5,2526_left.jpg,~/ml4img/f4dficimg/dif_orid5k_balanced/2526_left.jpg,static/img/deb352d7ba5740e18730d7f24b2634d5_2526_left.jpg
4067,a5dafca6cf25401aa972afa202f8377e,2526_right.jpg,~/ml4img/f4dficimg/dif_orid5k_balanced/2526_right.jpg,static/img/a5dafca6cf25401aa972afa202f8377e_2526_right.jpg
4068,5b3230b6298c43a7b432cc99bfcf04a5,2527_left.jpg,~/ml4img/f4dficimg/dif_orid5k_balanced/2527_left.jpg,static/img/5b3230b6298c43a7b432cc99bfcf04a5_2527_left.jpg
4069,6c80b776c39c4b7781f78ef3e0cfdb41,2527_right.jpg,~/ml4img/f4dficimg/dif_orid5k_balanced/2527_right.jpg,static/img/6c80b776c39c4b7781f78ef3e0cfdb41_2527_right.jpg
4070,0113bbef3fdd4a6e8fbcbc11c6323357,2528_left.jpg,~/ml4img/f4dficimg/dif_orid5k_balanced/2528_left.jpg,static/img/0113bbef3fdd4a6e8fbcbc11c6323357_2528_left.jpg
4071,b3a2d3c7932d4f18a4d51342915eeb60,2529_left.jpg,~/ml4img/f4dficimg/dif_orid5k_balanced/2529_left.jpg,static/img/b3a2d3c7932d4f18a4d51342915eeb60_2529_left.jpg
4072,80a969af2d754083b455853259f3d79f,2530_left.jpg,~/ml4img/f4dficimg/dif_orid5k_balanced/2530_left.jpg,static/img/80a969af2d754083b455853259f3d79f_2530_left.jpg
4073,952b4a80d41f41a6912df82f7b04e499,2532_left.jpg,~/ml4img/f4dficimg/dif_orid5k_balanced/2532_left.jpg,static/img/952b4a80d41f41a6912df82f7b04e499_2532_left.jpg
4074,d8734d46b092420780d5296fbbdccfcf,2532_right.jpg,~/ml4img/f4dficimg/dif_orid5k_balanced/2532_right.jpg,static/img/d8734d46b092420780d5296fbbdccfcf_2532_right.jpg
4075,4b42885fc23a428bb92a919d044c932f,2533_left.jpg,~/ml4img/f4dficimg/dif_orid5k_balanced/2533_left.jpg,static/img/4b42885fc23a428bb92a919d044c932f_2533_left.jpg
4076,d1c11e8e83d541459742b4c9d83162be,2534_left.jpg,~/ml4img/f4dficimg/dif_orid5k_balanced/2534_left.jpg,static/img/d1c11e8e83d541459742b4c9d83162be_2534_left.jpg
4077,5a88254526e44dadb6aaee3824b8a334,2534_right.jpg,~/ml4img/f4dficimg/dif_orid5k_balanced/2534_right.jpg,static/img/5a88254526e44dadb6aaee3824b8a334_2534_right.jpg
4078,f2ca4b44ea6a4394bc93a6b37d34a16b,2535_left.jpg,~/ml4img/f4dficimg/dif_orid5k_balanced/2535_left.jpg,static/img/f2ca4b44ea6a4394bc93a6b37d34a16b_2535_left.jpg
4079,511894ccd67e4cecba16c33f8377e285,2537_left.jpg,~/ml4img/f4dficimg/dif_orid5k_balanced/2537_left.jpg,static/img/511894ccd67e4cecba16c33f8377e285_2537_left.jpg
4080,5ba8b8a58a7d47f2a7ca2b86c58026a1,2537_right.jpg,~/ml4img/f4dficimg/dif_orid5k_balanced/2537_right.jpg,static/img/5ba8b8a58a7d47f2a7ca2b86c58026a1_2537_right.jpg
4081,44f6e4c14a0b4348b6d31ee66da82f77,2538_left.jpg,~/ml4img/f4dficimg/dif_orid5k_balanced/2538_left.jpg,static/img/44f6e4c14a0b4348b6d31ee66da82f77_2538_left.jpg
4082,5c00d7db3a4e465ea9476e80f5b1cc72,2540_left.jpg,~/ml4img/f4dficimg/dif_orid5k_balanced/2540_left.jpg,static/img/5c00d7db3a4e465ea9476e80f5b1cc72_2540_left.jpg
4083,50e3ba63b68a41a9b4effaca2750da2f,2542_left.jpg,~/ml4img/f4dficimg/dif_orid5k_balanced/2542_left.jpg,static/img/50e3ba63b68a41a9b4effaca2750da2f_2542_left.jpg
4084,61e3e790234f44f9ab51d3f39628ce1b,2545_left.jpg,~/ml4img/f4dficimg/dif_orid5k_balanced/2545_left.jpg,static/img/61e3e790234f44f9ab51d3f39628ce1b_2545_left.jpg
4085,b5a225bf040342e287d51bbc28a636e1,2547_left.jpg,~/ml4img/f4dficimg/dif_orid5k_balanced/2547_left.jpg,static/img/b5a225bf040342e287d51bbc28a636e1_2547_left.jpg
4086,0999676d8b9d4f3888984092b77f656b,2548_right.jpg,~/ml4img/f4dficimg/dif_orid5k_balanced/2548_right.jpg,static/img/0999676d8b9d4f3888984092b77f656b_2548_right.jpg
4087,05fa8568a3084347a2d418bcd91049e7,2551_left.jpg,~/ml4img/f4dficimg/dif_orid5k_balanced/2551_left.jpg,static/img/05fa8568a3084347a2d418bcd91049e7_2551_left.jpg
4088,e03e8813ddda4103a4b8416efe02c3b6,2551_right.jpg,~/ml4img/f4dficimg/dif_orid5k_balanced/2551_right.jpg,static/img/e03e8813ddda4103a4b8416efe02c3b6_2551_right.jpg
4089,235795d6cc054c488fd9a8971d016685,2552_left.jpg,~/ml4img/f4dficimg/dif_orid5k_balanced/2552_left.jpg,static/img/235795d6cc054c488fd9a8971d016685_2552_left.jpg
4090,c589f939eff84be6a9717e14863fff4a,2555_right.jpg,~/ml4img/f4dficimg/dif_orid5k_balanced/2555_right.jpg,static/img/c589f939eff84be6a9717e14863fff4a_2555_right.jpg
4091,ad5d760db1e442c0924d69497e769f92,2556_right.jpg,~/ml4img/f4dficimg/dif_orid5k_balanced/2556_right.jpg,static/img/ad5d760db1e442c0924d69497e769f92_2556_right.jpg
4092,b8d1349a942540ab9c85ba8e1fcce8d4,2557_left.jpg,~/ml4img/f4dficimg/dif_orid5k_balanced/2557_left.jpg,static/img/b8d1349a942540ab9c85ba8e1fcce8d4_2557_left.jpg
4093,a486452e58f242f78607f49d0b2a8919,2560_right.jpg,~/ml4img/f4dficimg/dif_orid5k_balanced/2560_right.jpg,static/img/a486452e58f242f78607f49d0b2a8919_2560_right.jpg
4094,ebe77ef0bbe544b4add27c0bbce9c1b8,2564_left.jpg,~/ml4img/f4dficimg/dif_orid5k_balanced/2564_left.jpg,static/img/ebe77ef0bbe544b4add27c0bbce9c1b8_2564_left.jpg
4095,50cad8c821c54c6aa73e9a19adb86e20,2565_right.jpg,~/ml4img/f4dficimg/dif_orid5k_balanced/2565_right.jpg,static/img/50cad8c821c54c6aa73e9a19adb86e20_2565_right.jpg
4096,7443bf78834e4f1da59c5ed6308796cb,2566_right.jpg,~/ml4img/f4dficimg/dif_orid5k_balanced/2566_right.jpg,static/img/7443bf78834e4f1da59c5ed6308796cb_2566_right.jpg
4097,12ddcd3d26db42f993d9f32a85821d6a,2567_left.jpg,~/ml4img/f4dficimg/dif_orid5k_balanced/2567_left.jpg,static/img/12ddcd3d26db42f993d9f32a85821d6a_2567_left.jpg
4098,dc82c2b2c8d54666a98a095220028ce0,2569_right.jpg,~/ml4img/f4dficimg/dif_orid5k_balanced/2569_right.jpg,static/img/dc82c2b2c8d54666a98a095220028ce0_2569_right.jpg
4099,9faf326e8b5449fba6c7de0bf0b4f04d,2570_left.jpg,~/ml4img/f4dficimg/dif_orid5k_balanced/2570_left.jpg,static/img/9faf326e8b5449fba6c7de0bf0b4f04d_2570_left.jpg
4100,818f427b17bb471a8e9954fa0f920cdf,2577_left.jpg,~/ml4img/f4dficimg/dif_orid5k_balanced/2577_left.jpg,static/img/818f427b17bb471a8e9954fa0f920cdf_2577_left.jpg
4101,c4a4b0669db74f1daf5aa16ad93434a1,2577_right.jpg,~/ml4img/f4dficimg/dif_orid5k_balanced/2577_right.jpg,static/img/c4a4b0669db74f1daf5aa16ad93434a1_2577_right.jpg
4102,183b893312a045a4bb4bbf101b7d4c97,2579_right.jpg,~/ml4img/f4dficimg/dif_orid5k_balanced/2579_right.jpg,static/img/183b893312a045a4bb4bbf101b7d4c97_2579_right.jpg
4103,0da968e29bb546c59e11336776fbf00f,2583_left.jpg,~/ml4img/f4dficimg/dif_orid5k_balanced/2583_left.jpg,static/img/0da968e29bb546c59e11336776fbf00f_2583_left.jpg
4104,a8a74ea5372147cd8b8b7cefe63d6ee4,2585_left.jpg,~/ml4img/f4dficimg/dif_orid5k_balanced/2585_left.jpg,static/img/a8a74ea5372147cd8b8b7cefe63d6ee4_2585_left.jpg
4105,27c5a4556ce3419e8d22f7f69fee393e,2586_left.jpg,~/ml4img/f4dficimg/dif_orid5k_balanced/2586_left.jpg,static/img/27c5a4556ce3419e8d22f7f69fee393e_2586_left.jpg
4106,1eec8a93f270424ab941281eac9b1d81,2587_right.jpg,~/ml4img/f4dficimg/dif_orid5k_balanced/2587_right.jpg,static/img/1eec8a93f270424ab941281eac9b1d81_2587_right.jpg
4107,f2665d8cfbde4ae0ba2672e49a5fc958,2588_right.jpg,~/ml4img/f4dficimg/dif_orid5k_balanced/2588_right.jpg,static/img/f2665d8cfbde4ae0ba2672e49a5fc958_2588_right.jpg
4108,fd5af3b1857f49839b2fae8d32337e16,2591_right.jpg,~/ml4img/f4dficimg/dif_orid5k_balanced/2591_right.jpg,static/img/fd5af3b1857f49839b2fae8d32337e16_2591_right.jpg
4109,fc83d7aa86764434ada03c71c63b8e63,2592_left.jpg,~/ml4img/f4dficimg/dif_orid5k_balanced/2592_left.jpg,static/img/fc83d7aa86764434ada03c71c63b8e63_2592_left.jpg
4110,0d278413a795477da6eed44c389c6556,2592_right.jpg,~/ml4img/f4dficimg/dif_orid5k_balanced/2592_right.jpg,static/img/0d278413a795477da6eed44c389c6556_2592_right.jpg
4111,0104286575d04129a3b95be02230fc34,2593_left.jpg,~/ml4img/f4dficimg/dif_orid5k_balanced/2593_left.jpg,static/img/0104286575d04129a3b95be02230fc34_2593_left.jpg
4112,3288c9fcf79842a897ebe2e94266c6de,2595_right.jpg,~/ml4img/f4dficimg/dif_orid5k_balanced/2595_right.jpg,static/img/3288c9fcf79842a897ebe2e94266c6de_2595_right.jpg
4113,8df2ec8446c94508a6c6a4552e4c5357,2596_right.jpg,~/ml4img/f4dficimg/dif_orid5k_balanced/2596_right.jpg,static/img/8df2ec8446c94508a6c6a4552e4c5357_2596_right.jpg
4114,8e394c7875b945d7af686ad06914ab09,2597_left.jpg,~/ml4img/f4dficimg/dif_orid5k_balanced/2597_left.jpg,static/img/8e394c7875b945d7af686ad06914ab09_2597_left.jpg
4115,fafd5f317e2645c6925e4cf0f5f44ac7,2599_right.jpg,~/ml4img/f4dficimg/dif_orid5k_balanced/2599_right.jpg,static/img/fafd5f317e2645c6925e4cf0f5f44ac7_2599_right.jpg
4116,58e983e035c4413ea31f89cf384f345c,2600_right.jpg,~/ml4img/f4dficimg/dif_orid5k_balanced/2600_right.jpg,static/img/58e983e035c4413ea31f89cf384f345c_2600_right.jpg
4117,613ee456fed842b498f2c0da9b71ff2f,2601_right.jpg,~/ml4img/f4dficimg/dif_orid5k_balanced/2601_right.jpg,static/img/613ee456fed842b498f2c0da9b71ff2f_2601_right.jpg
4118,5ff776d422e14d08924c34e17a604e60,2602_right.jpg,~/ml4img/f4dficimg/dif_orid5k_balanced/2602_right.jpg,static/img/5ff776d422e14d08924c34e17a604e60_2602_right.jpg
4119,448f76ab494f4abdb7505da79d714d59,2604_left.jpg,~/ml4img/f4dficimg/dif_orid5k_balanced/2604_left.jpg,static/img/448f76ab494f4abdb7505da79d714d59_2604_left.jpg
4120,27ce9f88cad74a53a148ccf1594353d7,2604_right.jpg,~/ml4img/f4dficimg/dif_orid5k_balanced/2604_right.jpg,static/img/27ce9f88cad74a53a148ccf1594353d7_2604_right.jpg
4121,319d4b34ad6540e68896184099e041d2,2605_left.jpg,~/ml4img/f4dficimg/dif_orid5k_balanced/2605_left.jpg,static/img/319d4b34ad6540e68896184099e041d2_2605_left.jpg
4122,91ca5cf8de0e4f53b8ccdaa093988ec0,2608_left.jpg,~/ml4img/f4dficimg/dif_orid5k_balanced/2608_left.jpg,static/img/91ca5cf8de0e4f53b8ccdaa093988ec0_2608_left.jpg
4123,4f3128382fac4b72ae885363c5985c88,2609_left.jpg,~/ml4img/f4dficimg/dif_orid5k_balanced/2609_left.jpg,static/img/4f3128382fac4b72ae885363c5985c88_2609_left.jpg
4124,8b0df5c881744778ac5d5e59054afdff,2610_left.jpg,~/ml4img/f4dficimg/dif_orid5k_balanced/2610_left.jpg,static/img/8b0df5c881744778ac5d5e59054afdff_2610_left.jpg
4125,e7f71f3021e145a0bb7ba4cf5e72c7d9,2610_right.jpg,~/ml4img/f4dficimg/dif_orid5k_balanced/2610_right.jpg,static/img/e7f71f3021e145a0bb7ba4cf5e72c7d9_2610_right.jpg
4126,ea5997eeb91648f4ba68d1b0532317da,2611_right.jpg,~/ml4img/f4dficimg/dif_orid5k_balanced/2611_right.jpg,static/img/ea5997eeb91648f4ba68d1b0532317da_2611_right.jpg
4127,f062da8a82c0499b8d317c2c8f884dfd,2612_left.jpg,~/ml4img/f4dficimg/dif_orid5k_balanced/2612_left.jpg,static/img/f062da8a82c0499b8d317c2c8f884dfd_2612_left.jpg
4128,dc00e88318424d88b6b1cdae14a287e8,2612_right.jpg,~/ml4img/f4dficimg/dif_orid5k_balanced/2612_right.jpg,static/img/dc00e88318424d88b6b1cdae14a287e8_2612_right.jpg
4129,5f3fc0b4e5514dcfb92bd16bd27599ad,2613_right.jpg,~/ml4img/f4dficimg/dif_orid5k_balanced/2613_right.jpg,static/img/5f3fc0b4e5514dcfb92bd16bd27599ad_2613_right.jpg
4130,f89b335e9c6049fea4a27d96f4e09223,2614_left.jpg,~/ml4img/f4dficimg/dif_orid5k_balanced/2614_left.jpg,static/img/f89b335e9c6049fea4a27d96f4e09223_2614_left.jpg
4131,19cd0d3f32374822ba4a373ea026c05d,2615_right.jpg,~/ml4img/f4dficimg/dif_orid5k_balanced/2615_right.jpg,static/img/19cd0d3f32374822ba4a373ea026c05d_2615_right.jpg
4132,2c976869d7d64478af9b214cae9a4568,2616_left.jpg,~/ml4img/f4dficimg/dif_orid5k_balanced/2616_left.jpg,static/img/2c976869d7d64478af9b214cae9a4568_2616_left.jpg
4133,bc350cafbece4c05a9acef3691d3e6dd,2617_left.jpg,~/ml4img/f4dficimg/dif_orid5k_balanced/2617_left.jpg,static/img/bc350cafbece4c05a9acef3691d3e6dd_2617_left.jpg
4134,f45f5b55f6374026a2f092df29ea76ae,2617_right.jpg,~/ml4img/f4dficimg/dif_orid5k_balanced/2617_right.jpg,static/img/f45f5b55f6374026a2f092df29ea76ae_2617_right.jpg
4135,b8e4a48a00a34058b473ea4ed17efe99,2618_right.jpg,~/ml4img/f4dficimg/dif_orid5k_balanced/2618_right.jpg,static/img/b8e4a48a00a34058b473ea4ed17efe99_2618_right.jpg
4136,59600fd8d7ee40d687a48497a85fc37c,2619_left.jpg,~/ml4img/f4dficimg/dif_orid5k_balanced/2619_left.jpg,static/img/59600fd8d7ee40d687a48497a85fc37c_2619_left.jpg
4137,0e42f44ff3354c739d939e3f6db3301a,2619_right.jpg,~/ml4img/f4dficimg/dif_orid5k_balanced/2619_right.jpg,static/img/0e42f44ff3354c739d939e3f6db3301a_2619_right.jpg
4138,f137bbe0b9c6411da3313bc0d92d0737,2621_left.jpg,~/ml4img/f4dficimg/dif_orid5k_balanced/2621_left.jpg,static/img/f137bbe0b9c6411da3313bc0d92d0737_2621_left.jpg
4139,a50ab44fde1241ccacb08432fcc457de,2624_left.jpg,~/ml4img/f4dficimg/dif_orid5k_balanced/2624_left.jpg,static/img/a50ab44fde1241ccacb08432fcc457de_2624_left.jpg
4140,3e594054241e4a249ab0b293c82f6557,2629_right.jpg,~/ml4img/f4dficimg/dif_orid5k_balanced/2629_right.jpg,static/img/3e594054241e4a249ab0b293c82f6557_2629_right.jpg
4141,432c619b86ed460eba8443f1b88e19ea,2631_right.jpg,~/ml4img/f4dficimg/dif_orid5k_balanced/2631_right.jpg,static/img/432c619b86ed460eba8443f1b88e19ea_2631_right.jpg
4142,5e10f0dee883418c9a172dcfb620ce8b,2632_left.jpg,~/ml4img/f4dficimg/dif_orid5k_balanced/2632_left.jpg,static/img/5e10f0dee883418c9a172dcfb620ce8b_2632_left.jpg
4143,a90c5dff8eed47129a349bde64806102,2633_right.jpg,~/ml4img/f4dficimg/dif_orid5k_balanced/2633_right.jpg,static/img/a90c5dff8eed47129a349bde64806102_2633_right.jpg
4144,5ad47a2aa6504cf5a8d6218060bed777,2634_right.jpg,~/ml4img/f4dficimg/dif_orid5k_balanced/2634_right.jpg,static/img/5ad47a2aa6504cf5a8d6218060bed777_2634_right.jpg
4145,1e60e4a263d44efe8fffbf4773a3b2b5,2635_right.jpg,~/ml4img/f4dficimg/dif_orid5k_balanced/2635_right.jpg,static/img/1e60e4a263d44efe8fffbf4773a3b2b5_2635_right.jpg
4146,66505d4bd5654761b729df17c73a01ac,2637_left.jpg,~/ml4img/f4dficimg/dif_orid5k_balanced/2637_left.jpg,static/img/66505d4bd5654761b729df17c73a01ac_2637_left.jpg
4147,f771e212b0804bb785daff70f0ba1f1b,2638_right.jpg,~/ml4img/f4dficimg/dif_orid5k_balanced/2638_right.jpg,static/img/f771e212b0804bb785daff70f0ba1f1b_2638_right.jpg
4148,71ea14fabe7249c4bc341ce788e06a94,2639_right.jpg,~/ml4img/f4dficimg/dif_orid5k_balanced/2639_right.jpg,static/img/71ea14fabe7249c4bc341ce788e06a94_2639_right.jpg
4149,33af6b2d3b3c4e41bd4f8e098a7d991c,2642_left.jpg,~/ml4img/f4dficimg/dif_orid5k_balanced/2642_left.jpg,static/img/33af6b2d3b3c4e41bd4f8e098a7d991c_2642_left.jpg
4150,94652cd74cf746a8b14bace21bc74a46,2643_left.jpg,~/ml4img/f4dficimg/dif_orid5k_balanced/2643_left.jpg,static/img/94652cd74cf746a8b14bace21bc74a46_2643_left.jpg
4151,6711166750174c699cfc5627d909580e,2646_left.jpg,~/ml4img/f4dficimg/dif_orid5k_balanced/2646_left.jpg,static/img/6711166750174c699cfc5627d909580e_2646_left.jpg
4152,42eff2b00f0f4d3d83e66b84b7c55570,2647_left.jpg,~/ml4img/f4dficimg/dif_orid5k_balanced/2647_left.jpg,static/img/42eff2b00f0f4d3d83e66b84b7c55570_2647_left.jpg
4153,0ef1351760c644c580e1af759cf2ae2e,2647_right.jpg,~/ml4img/f4dficimg/dif_orid5k_balanced/2647_right.jpg,static/img/0ef1351760c644c580e1af759cf2ae2e_2647_right.jpg
4154,bcc64c216320434785e34dea2254c7e8,2649_left.jpg,~/ml4img/f4dficimg/dif_orid5k_balanced/2649_left.jpg,static/img/bcc64c216320434785e34dea2254c7e8_2649_left.jpg
4155,fb9b5c6e656b4e8cba9ac6e406ad7645,2650_left.jpg,~/ml4img/f4dficimg/dif_orid5k_balanced/2650_left.jpg,static/img/fb9b5c6e656b4e8cba9ac6e406ad7645_2650_left.jpg
4156,69d8ed37ced94c04a7b234cdb81175c9,2652_left.jpg,~/ml4img/f4dficimg/dif_orid5k_balanced/2652_left.jpg,static/img/69d8ed37ced94c04a7b234cdb81175c9_2652_left.jpg
4157,19ba8973701e4c06a40e04e68cd449d3,2653_left.jpg,~/ml4img/f4dficimg/dif_orid5k_balanced/2653_left.jpg,static/img/19ba8973701e4c06a40e04e68cd449d3_2653_left.jpg
4158,f040e8526d28422c9c14430cb880bab0,2655_right.jpg,~/ml4img/f4dficimg/dif_orid5k_balanced/2655_right.jpg,static/img/f040e8526d28422c9c14430cb880bab0_2655_right.jpg
4159,871b881012f040018e830baceb6e9f44,2657_left.jpg,~/ml4img/f4dficimg/dif_orid5k_balanced/2657_left.jpg,static/img/871b881012f040018e830baceb6e9f44_2657_left.jpg
4160,f0a59acbe10043999e46db9ec97a06fa,2658_left.jpg,~/ml4img/f4dficimg/dif_orid5k_balanced/2658_left.jpg,static/img/f0a59acbe10043999e46db9ec97a06fa_2658_left.jpg
4161,46c4fe12fb054f9fab45dbabe09fc370,2658_right.jpg,~/ml4img/f4dficimg/dif_orid5k_balanced/2658_right.jpg,static/img/46c4fe12fb054f9fab45dbabe09fc370_2658_right.jpg
4162,3ea3c07e7c254d74b2d9d8741b3b55d6,2660_right.jpg,~/ml4img/f4dficimg/dif_orid5k_balanced/2660_right.jpg,static/img/3ea3c07e7c254d74b2d9d8741b3b55d6_2660_right.jpg
4163,031f9b183085414f8f318bf943ebb10c,2661_right.jpg,~/ml4img/f4dficimg/dif_orid5k_balanced/2661_right.jpg,static/img/031f9b183085414f8f318bf943ebb10c_2661_right.jpg
4164,cc93886178794da7bf894b485db6786f,2662_left.jpg,~/ml4img/f4dficimg/dif_orid5k_balanced/2662_left.jpg,static/img/cc93886178794da7bf894b485db6786f_2662_left.jpg
4165,3761fb2a5f224cddac2a1346240834a9,2662_right.jpg,~/ml4img/f4dficimg/dif_orid5k_balanced/2662_right.jpg,static/img/3761fb2a5f224cddac2a1346240834a9_2662_right.jpg
4166,aff044ce49bf43c5809a4e39aeda404d,2663_left.jpg,~/ml4img/f4dficimg/dif_orid5k_balanced/2663_left.jpg,static/img/aff044ce49bf43c5809a4e39aeda404d_2663_left.jpg
4167,752c86a36a854ccd9179dfb8e0a4219e,2663_right.jpg,~/ml4img/f4dficimg/dif_orid5k_balanced/2663_right.jpg,static/img/752c86a36a854ccd9179dfb8e0a4219e_2663_right.jpg
4168,da1e1b9839c347038170e71b84804357,2667_right.jpg,~/ml4img/f4dficimg/dif_orid5k_balanced/2667_right.jpg,static/img/da1e1b9839c347038170e71b84804357_2667_right.jpg
4169,421cf254d58444fc8d710cdc633c61f3,2668_right.jpg,~/ml4img/f4dficimg/dif_orid5k_balanced/2668_right.jpg,static/img/421cf254d58444fc8d710cdc633c61f3_2668_right.jpg
4170,24da02630a6d4cc2babfee9488445313,2669_left.jpg,~/ml4img/f4dficimg/dif_orid5k_balanced/2669_left.jpg,static/img/24da02630a6d4cc2babfee9488445313_2669_left.jpg
4171,bd80dfdae73844bfbbc8bf6a3b4b3389,2670_right.jpg,~/ml4img/f4dficimg/dif_orid5k_balanced/2670_right.jpg,static/img/bd80dfdae73844bfbbc8bf6a3b4b3389_2670_right.jpg
4172,eac41f137c664debbdbeabf6e72429e5,2672_left.jpg,~/ml4img/f4dficimg/dif_orid5k_balanced/2672_left.jpg,static/img/eac41f137c664debbdbeabf6e72429e5_2672_left.jpg
4173,cdd5e3ab5d8147db81a44fb64b4675d3,2672_right.jpg,~/ml4img/f4dficimg/dif_orid5k_balanced/2672_right.jpg,static/img/cdd5e3ab5d8147db81a44fb64b4675d3_2672_right.jpg
4174,3511588f90dc40e3bb2d39696d1302d5,2675_left.jpg,~/ml4img/f4dficimg/dif_orid5k_balanced/2675_left.jpg,static/img/3511588f90dc40e3bb2d39696d1302d5_2675_left.jpg
4175,d48e15ba15c14aa7ab11ef9e7231e09b,2677_left.jpg,~/ml4img/f4dficimg/dif_orid5k_balanced/2677_left.jpg,static/img/d48e15ba15c14aa7ab11ef9e7231e09b_2677_left.jpg
4176,1ecedafe28714659bf178e32294fa00f,2678_right.jpg,~/ml4img/f4dficimg/dif_orid5k_balanced/2678_right.jpg,static/img/1ecedafe28714659bf178e32294fa00f_2678_right.jpg
4177,143c3399cc3e450fb75c77094dfe96a4,2681_right.jpg,~/ml4img/f4dficimg/dif_orid5k_balanced/2681_right.jpg,static/img/143c3399cc3e450fb75c77094dfe96a4_2681_right.jpg
4178,d3418f111e9c48fcbd11fd9e630d9dec,2683_left.jpg,~/ml4img/f4dficimg/dif_orid5k_balanced/2683_left.jpg,static/img/d3418f111e9c48fcbd11fd9e630d9dec_2683_left.jpg
4179,7dcced83288744c287a06cb36d73f3f7,2683_right.jpg,~/ml4img/f4dficimg/dif_orid5k_balanced/2683_right.jpg,static/img/7dcced83288744c287a06cb36d73f3f7_2683_right.jpg
4180,6ef8517b4f2c4461875cbc33760dbf03,2684_left.jpg,~/ml4img/f4dficimg/dif_orid5k_balanced/2684_left.jpg,static/img/6ef8517b4f2c4461875cbc33760dbf03_2684_left.jpg
4181,34218a7f782c4d0b94abd3e81f5e79c4,2687_left.jpg,~/ml4img/f4dficimg/dif_orid5k_balanced/2687_left.jpg,static/img/34218a7f782c4d0b94abd3e81f5e79c4_2687_left.jpg
4182,49dc266ba5b74237afbe5545e313b850,2687_right.jpg,~/ml4img/f4dficimg/dif_orid5k_balanced/2687_right.jpg,static/img/49dc266ba5b74237afbe5545e313b850_2687_right.jpg
4183,35452fd95647418da0d5ec8569a32d2c,2691_right.jpg,~/ml4img/f4dficimg/dif_orid5k_balanced/2691_right.jpg,static/img/35452fd95647418da0d5ec8569a32d2c_2691_right.jpg
4184,c6c2c5ed90b241ce9641f267db5518e3,2692_left.jpg,~/ml4img/f4dficimg/dif_orid5k_balanced/2692_left.jpg,static/img/c6c2c5ed90b241ce9641f267db5518e3_2692_left.jpg
4185,4cd738d806b14a8ea4c84dfd041f5d7d,2692_right.jpg,~/ml4img/f4dficimg/dif_orid5k_balanced/2692_right.jpg,static/img/4cd738d806b14a8ea4c84dfd041f5d7d_2692_right.jpg
4186,fb6490b450d34e939d56d4427a78b3b1,2693_left.jpg,~/ml4img/f4dficimg/dif_orid5k_balanced/2693_left.jpg,static/img/fb6490b450d34e939d56d4427a78b3b1_2693_left.jpg
4187,58633f143ad440a7b347fac35ec2b63b,2697_left.jpg,~/ml4img/f4dficimg/dif_orid5k_balanced/2697_left.jpg,static/img/58633f143ad440a7b347fac35ec2b63b_2697_left.jpg
4188,57674d23b4054be68de1c50adf4b1b01,2697_right.jpg,~/ml4img/f4dficimg/dif_orid5k_balanced/2697_right.jpg,static/img/57674d23b4054be68de1c50adf4b1b01_2697_right.jpg
4189,e46025e199c647cab7f5b71ae6839cb7,2699_left.jpg,~/ml4img/f4dficimg/dif_orid5k_balanced/2699_left.jpg,static/img/e46025e199c647cab7f5b71ae6839cb7_2699_left.jpg
4190,0251f32823884175bdece1d11af83c11,2701_right.jpg,~/ml4img/f4dficimg/dif_orid5k_balanced/2701_right.jpg,static/img/0251f32823884175bdece1d11af83c11_2701_right.jpg
4191,77866e21b3ee4c66947ce615c34885b0,2702_right.jpg,~/ml4img/f4dficimg/dif_orid5k_balanced/2702_right.jpg,static/img/77866e21b3ee4c66947ce615c34885b0_2702_right.jpg
4192,e34b08243e78428c92e0c191d90e1b9f,2703_left.jpg,~/ml4img/f4dficimg/dif_orid5k_balanced/2703_left.jpg,static/img/e34b08243e78428c92e0c191d90e1b9f_2703_left.jpg
4193,5845c8b26bf54ed88b2eaf6a003052d2,2704_right.jpg,~/ml4img/f4dficimg/dif_orid5k_balanced/2704_right.jpg,static/img/5845c8b26bf54ed88b2eaf6a003052d2_2704_right.jpg
4194,4ecb854acef7454980d6973228a24f27,2705_left.jpg,~/ml4img/f4dficimg/dif_orid5k_balanced/2705_left.jpg,static/img/4ecb854acef7454980d6973228a24f27_2705_left.jpg
4195,8e647ed68a9b4f3abdd93cae1eb5c128,2705_right.jpg,~/ml4img/f4dficimg/dif_orid5k_balanced/2705_right.jpg,static/img/8e647ed68a9b4f3abdd93cae1eb5c128_2705_right.jpg
4196,77e1ba3cc5ae4fde95af5dc65f377422,2706_left.jpg,~/ml4img/f4dficimg/dif_orid5k_balanced/2706_left.jpg,static/img/77e1ba3cc5ae4fde95af5dc65f377422_2706_left.jpg
4197,a10c5daa43e443e1a80146f46c576ca9,2707_right.jpg,~/ml4img/f4dficimg/dif_orid5k_balanced/2707_right.jpg,static/img/a10c5daa43e443e1a80146f46c576ca9_2707_right.jpg
4198,0b3d64feb96f4a3c9ca2af86f404d179,2708_left.jpg,~/ml4img/f4dficimg/dif_orid5k_balanced/2708_left.jpg,static/img/0b3d64feb96f4a3c9ca2af86f404d179_2708_left.jpg
4199,6d623b42f47d4a34a8ad2a6116c1708b,2708_right.jpg,~/ml4img/f4dficimg/dif_orid5k_balanced/2708_right.jpg,static/img/6d623b42f47d4a34a8ad2a6116c1708b_2708_right.jpg
4200,d9e72b3be1a941d19b1aad0b7951164d,2710_right.jpg,~/ml4img/f4dficimg/dif_orid5k_balanced/2710_right.jpg,static/img/d9e72b3be1a941d19b1aad0b7951164d_2710_right.jpg
4201,04e8b215b54d4b6db8f9a1e42ae71ec8,2711_left.jpg,~/ml4img/f4dficimg/dif_orid5k_balanced/2711_left.jpg,static/img/04e8b215b54d4b6db8f9a1e42ae71ec8_2711_left.jpg
4202,b0d8bf53954d46cfbcc481eae248a039,2711_right.jpg,~/ml4img/f4dficimg/dif_orid5k_balanced/2711_right.jpg,static/img/b0d8bf53954d46cfbcc481eae248a039_2711_right.jpg
4203,040c353ed47d4384959055163ebbac3d,2713_right.jpg,~/ml4img/f4dficimg/dif_orid5k_balanced/2713_right.jpg,static/img/040c353ed47d4384959055163ebbac3d_2713_right.jpg
4204,a78a70986b0247e39c3df5347c65b17e,2714_left.jpg,~/ml4img/f4dficimg/dif_orid5k_balanced/2714_left.jpg,static/img/a78a70986b0247e39c3df5347c65b17e_2714_left.jpg
4205,e179a19f014147d49c605f78f62130cc,2715_left.jpg,~/ml4img/f4dficimg/dif_orid5k_balanced/2715_left.jpg,static/img/e179a19f014147d49c605f78f62130cc_2715_left.jpg
4206,49283f7a30ff488a87a1059344190123,2717_right.jpg,~/ml4img/f4dficimg/dif_orid5k_balanced/2717_right.jpg,static/img/49283f7a30ff488a87a1059344190123_2717_right.jpg
4207,b7fa1f2560d848148810d6bed69f7b25,2718_right.jpg,~/ml4img/f4dficimg/dif_orid5k_balanced/2718_right.jpg,static/img/b7fa1f2560d848148810d6bed69f7b25_2718_right.jpg
4208,b56d5dc8f35549e3ba96827e04bd0a77,2719_right.jpg,~/ml4img/f4dficimg/dif_orid5k_balanced/2719_right.jpg,static/img/b56d5dc8f35549e3ba96827e04bd0a77_2719_right.jpg
4209,573e3b51337f4a3487877f7dbd6278a5,2720_left.jpg,~/ml4img/f4dficimg/dif_orid5k_balanced/2720_left.jpg,static/img/573e3b51337f4a3487877f7dbd6278a5_2720_left.jpg
4210,c714592eca904da9a56065750adb230b,2720_right.jpg,~/ml4img/f4dficimg/dif_orid5k_balanced/2720_right.jpg,static/img/c714592eca904da9a56065750adb230b_2720_right.jpg
4211,97c669cc0d9b458c8bdf608242be1851,2721_left.jpg,~/ml4img/f4dficimg/dif_orid5k_balanced/2721_left.jpg,static/img/97c669cc0d9b458c8bdf608242be1851_2721_left.jpg
4212,4974ed7778bb479fa33675ad494f6c4b,2722_left.jpg,~/ml4img/f4dficimg/dif_orid5k_balanced/2722_left.jpg,static/img/4974ed7778bb479fa33675ad494f6c4b_2722_left.jpg
4213,798e95478d464564bb932e7b14d33a5b,2723_left.jpg,~/ml4img/f4dficimg/dif_orid5k_balanced/2723_left.jpg,static/img/798e95478d464564bb932e7b14d33a5b_2723_left.jpg
4214,54910d031116418d8abae067f7b423e1,2724_left.jpg,~/ml4img/f4dficimg/dif_orid5k_balanced/2724_left.jpg,static/img/54910d031116418d8abae067f7b423e1_2724_left.jpg
4215,ac075438bd584e218fed417d6afd0f4c,2725_left.jpg,~/ml4img/f4dficimg/dif_orid5k_balanced/2725_left.jpg,static/img/ac075438bd584e218fed417d6afd0f4c_2725_left.jpg
4216,5b1d7ec616154ad1abeef393e22e55cf,2726_right.jpg,~/ml4img/f4dficimg/dif_orid5k_balanced/2726_right.jpg,static/img/5b1d7ec616154ad1abeef393e22e55cf_2726_right.jpg
4217,9f00f0b5d8f847f1857b425b733f28ad,2727_left.jpg,~/ml4img/f4dficimg/dif_orid5k_balanced/2727_left.jpg,static/img/9f00f0b5d8f847f1857b425b733f28ad_2727_left.jpg
4218,a30f4783b5b94eadae0c0abbb9187180,2729_left.jpg,~/ml4img/f4dficimg/dif_orid5k_balanced/2729_left.jpg,static/img/a30f4783b5b94eadae0c0abbb9187180_2729_left.jpg
4219,1077718478294e37a9a4bdb86c0b1c58,2730_left.jpg,~/ml4img/f4dficimg/dif_orid5k_balanced/2730_left.jpg,static/img/1077718478294e37a9a4bdb86c0b1c58_2730_left.jpg
4220,686a372de1ff4dd0aabe6e20e2e9133b,2731_left.jpg,~/ml4img/f4dficimg/dif_orid5k_balanced/2731_left.jpg,static/img/686a372de1ff4dd0aabe6e20e2e9133b_2731_left.jpg
4221,1aa421ee653d49b5866bc410505f81d7,2732_right.jpg,~/ml4img/f4dficimg/dif_orid5k_balanced/2732_right.jpg,static/img/1aa421ee653d49b5866bc410505f81d7_2732_right.jpg
4222,0b85a530035a4d0ca813986aee351c77,2733_left.jpg,~/ml4img/f4dficimg/dif_orid5k_balanced/2733_left.jpg,static/img/0b85a530035a4d0ca813986aee351c77_2733_left.jpg
4223,02ddd292094a45dcb9ab52e6cd7951d9,2733_right.jpg,~/ml4img/f4dficimg/dif_orid5k_balanced/2733_right.jpg,static/img/02ddd292094a45dcb9ab52e6cd7951d9_2733_right.jpg
4224,5562936c56724e52b08902c2edb0c614,2736_left.jpg,~/ml4img/f4dficimg/dif_orid5k_balanced/2736_left.jpg,static/img/5562936c56724e52b08902c2edb0c614_2736_left.jpg
4225,2a57faabe51a45989c30fbe11ad4a22f,2737_right.jpg,~/ml4img/f4dficimg/dif_orid5k_balanced/2737_right.jpg,static/img/2a57faabe51a45989c30fbe11ad4a22f_2737_right.jpg
4226,52e5b84ccf5a4fa4b30e834230c55b91,2738_right.jpg,~/ml4img/f4dficimg/dif_orid5k_balanced/2738_right.jpg,static/img/52e5b84ccf5a4fa4b30e834230c55b91_2738_right.jpg
4227,983861a2e4a04c3ca3a27759e8bbf5bf,2739_right.jpg,~/ml4img/f4dficimg/dif_orid5k_balanced/2739_right.jpg,static/img/983861a2e4a04c3ca3a27759e8bbf5bf_2739_right.jpg
4228,018786bed9ef4004bfbd5929494b9c23,2743_left.jpg,~/ml4img/f4dficimg/dif_orid5k_balanced/2743_left.jpg,static/img/018786bed9ef4004bfbd5929494b9c23_2743_left.jpg
4229,9d558c23b9ce4655a7115bdbd9248d60,2744_left.jpg,~/ml4img/f4dficimg/dif_orid5k_balanced/2744_left.jpg,static/img/9d558c23b9ce4655a7115bdbd9248d60_2744_left.jpg
4230,814381074ab24f369b06048c304f5759,2744_right.jpg,~/ml4img/f4dficimg/dif_orid5k_balanced/2744_right.jpg,static/img/814381074ab24f369b06048c304f5759_2744_right.jpg
4231,5a582ae78329423987515eef7b62db12,2745_right.jpg,~/ml4img/f4dficimg/dif_orid5k_balanced/2745_right.jpg,static/img/5a582ae78329423987515eef7b62db12_2745_right.jpg
4232,3f2438226f364c6f9811f43036b4ec2a,2746_right.jpg,~/ml4img/f4dficimg/dif_orid5k_balanced/2746_right.jpg,static/img/3f2438226f364c6f9811f43036b4ec2a_2746_right.jpg
4233,de9f36217a8c4bad8386e4478462c8ab,2749_left.jpg,~/ml4img/f4dficimg/dif_orid5k_balanced/2749_left.jpg,static/img/de9f36217a8c4bad8386e4478462c8ab_2749_left.jpg
4234,640e6d140c16478aa2afbec24b6420e1,2750_right.jpg,~/ml4img/f4dficimg/dif_orid5k_balanced/2750_right.jpg,static/img/640e6d140c16478aa2afbec24b6420e1_2750_right.jpg
4235,92f2782ee8f84c9a86596c8a4db5ca95,2751_right.jpg,~/ml4img/f4dficimg/dif_orid5k_balanced/2751_right.jpg,static/img/92f2782ee8f84c9a86596c8a4db5ca95_2751_right.jpg
4236,8ae3fcc154014d24b9ccb537848664c5,2752_right.jpg,~/ml4img/f4dficimg/dif_orid5k_balanced/2752_right.jpg,static/img/8ae3fcc154014d24b9ccb537848664c5_2752_right.jpg
4237,f8152d3ed28241c1bd9c97a46b0baa19,2753_left.jpg,~/ml4img/f4dficimg/dif_orid5k_balanced/2753_left.jpg,static/img/f8152d3ed28241c1bd9c97a46b0baa19_2753_left.jpg
4238,7a45df945a994b0aa368ea14f46b1153,2755_left.jpg,~/ml4img/f4dficimg/dif_orid5k_balanced/2755_left.jpg,static/img/7a45df945a994b0aa368ea14f46b1153_2755_left.jpg
4239,f1e83a23b0404dde9eef0e8dd7e792e9,2755_right.jpg,~/ml4img/f4dficimg/dif_orid5k_balanced/2755_right.jpg,static/img/f1e83a23b0404dde9eef0e8dd7e792e9_2755_right.jpg
4240,7e8e1755b1b24abf9e7640d3c100f06f,2757_left.jpg,~/ml4img/f4dficimg/dif_orid5k_balanced/2757_left.jpg,static/img/7e8e1755b1b24abf9e7640d3c100f06f_2757_left.jpg
4241,e69e7b470b03424f83422e20f5e3d3c2,2760_left.jpg,~/ml4img/f4dficimg/dif_orid5k_balanced/2760_left.jpg,static/img/e69e7b470b03424f83422e20f5e3d3c2_2760_left.jpg
4242,ebd9807d7bba4ec380007cd7e3bf258a,2760_right.jpg,~/ml4img/f4dficimg/dif_orid5k_balanced/2760_right.jpg,static/img/ebd9807d7bba4ec380007cd7e3bf258a_2760_right.jpg
4243,7a5a3366bd304f6b9d4ae34372ddf910,2761_right.jpg,~/ml4img/f4dficimg/dif_orid5k_balanced/2761_right.jpg,static/img/7a5a3366bd304f6b9d4ae34372ddf910_2761_right.jpg
4244,615d5844bda64b2994a7c157dce170dd,2762_right.jpg,~/ml4img/f4dficimg/dif_orid5k_balanced/2762_right.jpg,static/img/615d5844bda64b2994a7c157dce170dd_2762_right.jpg
4245,1391d4e38ff24305852935759ba97d47,2763_right.jpg,~/ml4img/f4dficimg/dif_orid5k_balanced/2763_right.jpg,static/img/1391d4e38ff24305852935759ba97d47_2763_right.jpg
4246,262747a11a4b48658a8d32d7dba00ffe,2764_left.jpg,~/ml4img/f4dficimg/dif_orid5k_balanced/2764_left.jpg,static/img/262747a11a4b48658a8d32d7dba00ffe_2764_left.jpg
4247,492f17f010e74cd1a6cb13c7b5091981,2765_right.jpg,~/ml4img/f4dficimg/dif_orid5k_balanced/2765_right.jpg,static/img/492f17f010e74cd1a6cb13c7b5091981_2765_right.jpg
4248,f32ca591ef1e4e2cbdd1c4c9be6639dc,2766_right.jpg,~/ml4img/f4dficimg/dif_orid5k_balanced/2766_right.jpg,static/img/f32ca591ef1e4e2cbdd1c4c9be6639dc_2766_right.jpg
4249,a04a66bde8e24c6ea10548bca750abc6,2767_right.jpg,~/ml4img/f4dficimg/dif_orid5k_balanced/2767_right.jpg,static/img/a04a66bde8e24c6ea10548bca750abc6_2767_right.jpg
4250,1ff80c9deeac42d782f63289b8d9d59d,2769_left.jpg,~/ml4img/f4dficimg/dif_orid5k_balanced/2769_left.jpg,static/img/1ff80c9deeac42d782f63289b8d9d59d_2769_left.jpg
4251,5569fa75902b43acb7819ccc6c003561,2769_right.jpg,~/ml4img/f4dficimg/dif_orid5k_balanced/2769_right.jpg,static/img/5569fa75902b43acb7819ccc6c003561_2769_right.jpg
4252,10d686e13dbc4318be1402be83becca9,2770_left.jpg,~/ml4img/f4dficimg/dif_orid5k_balanced/2770_left.jpg,static/img/10d686e13dbc4318be1402be83becca9_2770_left.jpg
4253,e8f3d58fddba48c6aa4f2dbca7e921ff,2771_left.jpg,~/ml4img/f4dficimg/dif_orid5k_balanced/2771_left.jpg,static/img/e8f3d58fddba48c6aa4f2dbca7e921ff_2771_left.jpg
4254,8e94109da1c449e78082d3de3d89213e,2771_right.jpg,~/ml4img/f4dficimg/dif_orid5k_balanced/2771_right.jpg,static/img/8e94109da1c449e78082d3de3d89213e_2771_right.jpg
4255,127c4101d5954769890eb546de439bb6,2774_left.jpg,~/ml4img/f4dficimg/dif_orid5k_balanced/2774_left.jpg,static/img/127c4101d5954769890eb546de439bb6_2774_left.jpg
4256,2345810cd82249659e05c0074bfc8887,2776_right.jpg,~/ml4img/f4dficimg/dif_orid5k_balanced/2776_right.jpg,static/img/2345810cd82249659e05c0074bfc8887_2776_right.jpg
4257,e56fa86711c247c38a81ebbaaf2e9993,2777_right.jpg,~/ml4img/f4dficimg/dif_orid5k_balanced/2777_right.jpg,static/img/e56fa86711c247c38a81ebbaaf2e9993_2777_right.jpg
4258,122cc39ba928440ebb7d59d5f885f233,2779_left.jpg,~/ml4img/f4dficimg/dif_orid5k_balanced/2779_left.jpg,static/img/122cc39ba928440ebb7d59d5f885f233_2779_left.jpg
4259,2a8635377e2641acafa37a2d777c0d58,2780_right.jpg,~/ml4img/f4dficimg/dif_orid5k_balanced/2780_right.jpg,static/img/2a8635377e2641acafa37a2d777c0d58_2780_right.jpg
4260,609c7bdd653a4c60985747b71da2ac2d,2781_left.jpg,~/ml4img/f4dficimg/dif_orid5k_balanced/2781_left.jpg,static/img/609c7bdd653a4c60985747b71da2ac2d_2781_left.jpg
4261,68d4e26c61d240f5ba431e176dbb8029,2782_right.jpg,~/ml4img/f4dficimg/dif_orid5k_balanced/2782_right.jpg,static/img/68d4e26c61d240f5ba431e176dbb8029_2782_right.jpg
4262,902e1974ff3745799249064dcff86fa4,2785_left.jpg,~/ml4img/f4dficimg/dif_orid5k_balanced/2785_left.jpg,static/img/902e1974ff3745799249064dcff86fa4_2785_left.jpg
4263,a161e149d88443fe85370b2b7e59cc62,2788_left.jpg,~/ml4img/f4dficimg/dif_orid5k_balanced/2788_left.jpg,static/img/a161e149d88443fe85370b2b7e59cc62_2788_left.jpg
4264,85f44c1fc7d64959827ed320930745cf,2789_left.jpg,~/ml4img/f4dficimg/dif_orid5k_balanced/2789_left.jpg,static/img/85f44c1fc7d64959827ed320930745cf_2789_left.jpg
4265,ed3d54a85d7b4b388bdf849e03f51138,2789_right.jpg,~/ml4img/f4dficimg/dif_orid5k_balanced/2789_right.jpg,static/img/ed3d54a85d7b4b388bdf849e03f51138_2789_right.jpg
4266,f38621e223ea4409adb3b8e32a42ef98,2790_left.jpg,~/ml4img/f4dficimg/dif_orid5k_balanced/2790_left.jpg,static/img/f38621e223ea4409adb3b8e32a42ef98_2790_left.jpg
4267,fc3f0df13b1247dd9cc15060d0d79deb,2792_left.jpg,~/ml4img/f4dficimg/dif_orid5k_balanced/2792_left.jpg,static/img/fc3f0df13b1247dd9cc15060d0d79deb_2792_left.jpg
4268,a667ef5e313b49f1a017fb4005718673,2792_right.jpg,~/ml4img/f4dficimg/dif_orid5k_balanced/2792_right.jpg,static/img/a667ef5e313b49f1a017fb4005718673_2792_right.jpg
4269,a70dd120d8454d928692d7627601caed,2793_left.jpg,~/ml4img/f4dficimg/dif_orid5k_balanced/2793_left.jpg,static/img/a70dd120d8454d928692d7627601caed_2793_left.jpg
4270,10c7993c91f14f11b2e7fd80cb887be3,2797_left.jpg,~/ml4img/f4dficimg/dif_orid5k_balanced/2797_left.jpg,static/img/10c7993c91f14f11b2e7fd80cb887be3_2797_left.jpg
4271,b49e9d3fd7b243abafc971414f8bd511,2800_right.jpg,~/ml4img/f4dficimg/dif_orid5k_balanced/2800_right.jpg,static/img/b49e9d3fd7b243abafc971414f8bd511_2800_right.jpg
4272,f1b94e542ad24feb96e6ae67fe2d83f0,2801_right.jpg,~/ml4img/f4dficimg/dif_orid5k_balanced/2801_right.jpg,static/img/f1b94e542ad24feb96e6ae67fe2d83f0_2801_right.jpg
4273,fb46a17f75e84e0fb4546a51b7097b91,2803_right.jpg,~/ml4img/f4dficimg/dif_orid5k_balanced/2803_right.jpg,static/img/fb46a17f75e84e0fb4546a51b7097b91_2803_right.jpg
4274,6fc617b28c634e2ba834a666b2b0dba0,2805_left.jpg,~/ml4img/f4dficimg/dif_orid5k_balanced/2805_left.jpg,static/img/6fc617b28c634e2ba834a666b2b0dba0_2805_left.jpg
4275,c4180bf01065431eb7005f65b3f66b41,2805_right.jpg,~/ml4img/f4dficimg/dif_orid5k_balanced/2805_right.jpg,static/img/c4180bf01065431eb7005f65b3f66b41_2805_right.jpg
4276,c885beeb0d2144498ea0144a853e4dc9,2806_left.jpg,~/ml4img/f4dficimg/dif_orid5k_balanced/2806_left.jpg,static/img/c885beeb0d2144498ea0144a853e4dc9_2806_left.jpg
4277,c757a8152d0d4e67a83df181550ae1ab,2808_right.jpg,~/ml4img/f4dficimg/dif_orid5k_balanced/2808_right.jpg,static/img/c757a8152d0d4e67a83df181550ae1ab_2808_right.jpg
4278,30ae26e1ff224de386ba62e8b6163bd1,2809_left.jpg,~/ml4img/f4dficimg/dif_orid5k_balanced/2809_left.jpg,static/img/30ae26e1ff224de386ba62e8b6163bd1_2809_left.jpg
4279,4f295d2cd2d54349a4592c02a84c9e6b,2809_right.jpg,~/ml4img/f4dficimg/dif_orid5k_balanced/2809_right.jpg,static/img/4f295d2cd2d54349a4592c02a84c9e6b_2809_right.jpg
4280,fd84ac1fc33f4f0c938929894ffe56ae,2810_right.jpg,~/ml4img/f4dficimg/dif_orid5k_balanced/2810_right.jpg,static/img/fd84ac1fc33f4f0c938929894ffe56ae_2810_right.jpg
4281,73786b33c8d74c5eae4be25d1639fedc,2812_left.jpg,~/ml4img/f4dficimg/dif_orid5k_balanced/2812_left.jpg,static/img/73786b33c8d74c5eae4be25d1639fedc_2812_left.jpg
4282,bdaaeccdbef548568d5e7583d689c56b,2813_left.jpg,~/ml4img/f4dficimg/dif_orid5k_balanced/2813_left.jpg,static/img/bdaaeccdbef548568d5e7583d689c56b_2813_left.jpg
4283,07eab9d355714c12a76f2b90dbab4374,2814_left.jpg,~/ml4img/f4dficimg/dif_orid5k_balanced/2814_left.jpg,static/img/07eab9d355714c12a76f2b90dbab4374_2814_left.jpg
4284,f5d85825f78e49f09149516010dad7a7,2815_left.jpg,~/ml4img/f4dficimg/dif_orid5k_balanced/2815_left.jpg,static/img/f5d85825f78e49f09149516010dad7a7_2815_left.jpg
4285,a1d3a9d9534b4dfc9ce57b86b1840ab2,2815_right.jpg,~/ml4img/f4dficimg/dif_orid5k_balanced/2815_right.jpg,static/img/a1d3a9d9534b4dfc9ce57b86b1840ab2_2815_right.jpg
4286,df0aefbfd05643ee9b3a40e0b7e42be9,2816_left.jpg,~/ml4img/f4dficimg/dif_orid5k_balanced/2816_left.jpg,static/img/df0aefbfd05643ee9b3a40e0b7e42be9_2816_left.jpg
4287,a8c6477ba37e47fd875a65c276be91e1,2816_right.jpg,~/ml4img/f4dficimg/dif_orid5k_balanced/2816_right.jpg,static/img/a8c6477ba37e47fd875a65c276be91e1_2816_right.jpg
4288,384f7ce22782461c8d4ae79cbd380aab,2817_right.jpg,~/ml4img/f4dficimg/dif_orid5k_balanced/2817_right.jpg,static/img/384f7ce22782461c8d4ae79cbd380aab_2817_right.jpg
4289,242a312ac28249299385e7b671be99af,2819_right.jpg,~/ml4img/f4dficimg/dif_orid5k_balanced/2819_right.jpg,static/img/242a312ac28249299385e7b671be99af_2819_right.jpg
4290,0a89fd2d635f45168a56a0f855185123,2820_left.jpg,~/ml4img/f4dficimg/dif_orid5k_balanced/2820_left.jpg,static/img/0a89fd2d635f45168a56a0f855185123_2820_left.jpg
4291,73815db3dd2c492fb2668b76e1fbf8ee,2820_right.jpg,~/ml4img/f4dficimg/dif_orid5k_balanced/2820_right.jpg,static/img/73815db3dd2c492fb2668b76e1fbf8ee_2820_right.jpg
4292,9fd4ea471c74447ea4545051936f5725,2821_right.jpg,~/ml4img/f4dficimg/dif_orid5k_balanced/2821_right.jpg,static/img/9fd4ea471c74447ea4545051936f5725_2821_right.jpg
4293,8fc2c6ad2d4c44d9baebb59a19eafb97,2822_left.jpg,~/ml4img/f4dficimg/dif_orid5k_balanced/2822_left.jpg,static/img/8fc2c6ad2d4c44d9baebb59a19eafb97_2822_left.jpg
4294,ddb93e9817b840e0ba5068a2bd99aa10,2822_right.jpg,~/ml4img/f4dficimg/dif_orid5k_balanced/2822_right.jpg,static/img/ddb93e9817b840e0ba5068a2bd99aa10_2822_right.jpg
4295,8fb4df24968d46b6a1f8aac5b3b92a43,2824_left.jpg,~/ml4img/f4dficimg/dif_orid5k_balanced/2824_left.jpg,static/img/8fb4df24968d46b6a1f8aac5b3b92a43_2824_left.jpg
4296,916e253a5fa74665b26ff1d064a46601,2824_right.jpg,~/ml4img/f4dficimg/dif_orid5k_balanced/2824_right.jpg,static/img/916e253a5fa74665b26ff1d064a46601_2824_right.jpg
4297,a9959e82962b4ac3b6894a4612e48add,2827_left.jpg,~/ml4img/f4dficimg/dif_orid5k_balanced/2827_left.jpg,static/img/a9959e82962b4ac3b6894a4612e48add_2827_left.jpg
4298,db1fa612cddf42ec9bdbc8b5e9d3c768,2830_left.jpg,~/ml4img/f4dficimg/dif_orid5k_balanced/2830_left.jpg,static/img/db1fa612cddf42ec9bdbc8b5e9d3c768_2830_left.jpg
4299,ad72ab6e12224ac680a2fd8b9771d4c4,2830_right.jpg,~/ml4img/f4dficimg/dif_orid5k_balanced/2830_right.jpg,static/img/ad72ab6e12224ac680a2fd8b9771d4c4_2830_right.jpg
4300,8e35d69ad37447c7835013b0afe475a2,2832_left.jpg,~/ml4img/f4dficimg/dif_orid5k_balanced/2832_left.jpg,static/img/8e35d69ad37447c7835013b0afe475a2_2832_left.jpg
4301,ddfff50701a5435fb2308486d40c6d0d,2833_left.jpg,~/ml4img/f4dficimg/dif_orid5k_balanced/2833_left.jpg,static/img/ddfff50701a5435fb2308486d40c6d0d_2833_left.jpg
4302,241d213a19ca480ca92f82a84fbc797f,2833_right.jpg,~/ml4img/f4dficimg/dif_orid5k_balanced/2833_right.jpg,static/img/241d213a19ca480ca92f82a84fbc797f_2833_right.jpg
4303,c9101f92a9ea4fc1b675f959c6c9a13f,2834_right.jpg,~/ml4img/f4dficimg/dif_orid5k_balanced/2834_right.jpg,static/img/c9101f92a9ea4fc1b675f959c6c9a13f_2834_right.jpg
4304,6142e167d48644a896809bfdc4e14bba,2835_right.jpg,~/ml4img/f4dficimg/dif_orid5k_balanced/2835_right.jpg,static/img/6142e167d48644a896809bfdc4e14bba_2835_right.jpg
4305,0d5cc8e0effe421ca66b9da450e62745,2836_left.jpg,~/ml4img/f4dficimg/dif_orid5k_balanced/2836_left.jpg,static/img/0d5cc8e0effe421ca66b9da450e62745_2836_left.jpg
4306,36f81e46afff4ad0bf1c8bc0d9c13bbf,2836_right.jpg,~/ml4img/f4dficimg/dif_orid5k_balanced/2836_right.jpg,static/img/36f81e46afff4ad0bf1c8bc0d9c13bbf_2836_right.jpg
4307,d0a28a84fa2f47fb89ef10f5fa92ded5,2838_right.jpg,~/ml4img/f4dficimg/dif_orid5k_balanced/2838_right.jpg,static/img/d0a28a84fa2f47fb89ef10f5fa92ded5_2838_right.jpg
4308,0cfb52c4798a4e6690709df4618bf562,2839_left.jpg,~/ml4img/f4dficimg/dif_orid5k_balanced/2839_left.jpg,static/img/0cfb52c4798a4e6690709df4618bf562_2839_left.jpg
4309,ca5dbbc6369b4bacaab1c0f0937b0176,2839_right.jpg,~/ml4img/f4dficimg/dif_orid5k_balanced/2839_right.jpg,static/img/ca5dbbc6369b4bacaab1c0f0937b0176_2839_right.jpg
4310,cacfc74b5b3047bf8f6d8ec91c1d23d7,2841_right.jpg,~/ml4img/f4dficimg/dif_orid5k_balanced/2841_right.jpg,static/img/cacfc74b5b3047bf8f6d8ec91c1d23d7_2841_right.jpg
4311,97d7e1b0b86448638b99b445c53ade92,2842_left.jpg,~/ml4img/f4dficimg/dif_orid5k_balanced/2842_left.jpg,static/img/97d7e1b0b86448638b99b445c53ade92_2842_left.jpg
4312,e6e3792441aa45f19a06ac9d9411d4d7,2843_left.jpg,~/ml4img/f4dficimg/dif_orid5k_balanced/2843_left.jpg,static/img/e6e3792441aa45f19a06ac9d9411d4d7_2843_left.jpg
4313,9a28e96d7049419caf94ccbb1ade0487,2846_right.jpg,~/ml4img/f4dficimg/dif_orid5k_balanced/2846_right.jpg,static/img/9a28e96d7049419caf94ccbb1ade0487_2846_right.jpg
4314,ff0f0dac69e8495d95ab33c0b5c22118,2847_left.jpg,~/ml4img/f4dficimg/dif_orid5k_balanced/2847_left.jpg,static/img/ff0f0dac69e8495d95ab33c0b5c22118_2847_left.jpg
4315,e9ff2899b39746bca0b1aa296f261bd7,2849_left.jpg,~/ml4img/f4dficimg/dif_orid5k_balanced/2849_left.jpg,static/img/e9ff2899b39746bca0b1aa296f261bd7_2849_left.jpg
4316,fca4f7eccb464e97848c6c424b540032,2852_left.jpg,~/ml4img/f4dficimg/dif_orid5k_balanced/2852_left.jpg,static/img/fca4f7eccb464e97848c6c424b540032_2852_left.jpg
4317,82af8aa7222c45a7ba5fb6c9acec34d6,2853_right.jpg,~/ml4img/f4dficimg/dif_orid5k_balanced/2853_right.jpg,static/img/82af8aa7222c45a7ba5fb6c9acec34d6_2853_right.jpg
4318,1a73146c342449558cf28eb303966410,2856_left.jpg,~/ml4img/f4dficimg/dif_orid5k_balanced/2856_left.jpg,static/img/1a73146c342449558cf28eb303966410_2856_left.jpg
4319,ee64ec4699db45059809ccf3a6f8d5df,2856_right.jpg,~/ml4img/f4dficimg/dif_orid5k_balanced/2856_right.jpg,static/img/ee64ec4699db45059809ccf3a6f8d5df_2856_right.jpg
4320,5fb06a83464943b6bead828bda80c0a2,2857_left.jpg,~/ml4img/f4dficimg/dif_orid5k_balanced/2857_left.jpg,static/img/5fb06a83464943b6bead828bda80c0a2_2857_left.jpg
4321,1ccd210c5d8545e1bc1db732e2a69ce4,2858_right.jpg,~/ml4img/f4dficimg/dif_orid5k_balanced/2858_right.jpg,static/img/1ccd210c5d8545e1bc1db732e2a69ce4_2858_right.jpg
4322,a9be434f23034e768d96437c8731f59b,2859_right.jpg,~/ml4img/f4dficimg/dif_orid5k_balanced/2859_right.jpg,static/img/a9be434f23034e768d96437c8731f59b_2859_right.jpg
4323,b8d54a4bdff24d05bc7751d30ea7ae3a,2868_left.jpg,~/ml4img/f4dficimg/dif_orid5k_balanced/2868_left.jpg,static/img/b8d54a4bdff24d05bc7751d30ea7ae3a_2868_left.jpg
4324,4b99ed759f1d44f29a8068f26e09efbe,2869_right.jpg,~/ml4img/f4dficimg/dif_orid5k_balanced/2869_right.jpg,static/img/4b99ed759f1d44f29a8068f26e09efbe_2869_right.jpg
4325,a1c8e74294b94adbafe6324bdedd8846,2872_left.jpg,~/ml4img/f4dficimg/dif_orid5k_balanced/2872_left.jpg,static/img/a1c8e74294b94adbafe6324bdedd8846_2872_left.jpg
4326,65714f9185724f02afbb8f46a2d0e688,2872_right.jpg,~/ml4img/f4dficimg/dif_orid5k_balanced/2872_right.jpg,static/img/65714f9185724f02afbb8f46a2d0e688_2872_right.jpg
4327,b3cfb5b18e1248dfb84e551cf1818cac,2873_right.jpg,~/ml4img/f4dficimg/dif_orid5k_balanced/2873_right.jpg,static/img/b3cfb5b18e1248dfb84e551cf1818cac_2873_right.jpg
4328,f12a8edf1f024cf9b7c2d5cbf969b9e3,2874_right.jpg,~/ml4img/f4dficimg/dif_orid5k_balanced/2874_right.jpg,static/img/f12a8edf1f024cf9b7c2d5cbf969b9e3_2874_right.jpg
4329,27cef02ed7574e4da7b25104a247fc48,2878_left.jpg,~/ml4img/f4dficimg/dif_orid5k_balanced/2878_left.jpg,static/img/27cef02ed7574e4da7b25104a247fc48_2878_left.jpg
4330,dd341a9ae4a448859e54244de412c320,2879_left.jpg,~/ml4img/f4dficimg/dif_orid5k_balanced/2879_left.jpg,static/img/dd341a9ae4a448859e54244de412c320_2879_left.jpg
4331,494c7949625a4340ba218b3073a5d8ae,2880_right.jpg,~/ml4img/f4dficimg/dif_orid5k_balanced/2880_right.jpg,static/img/494c7949625a4340ba218b3073a5d8ae_2880_right.jpg
4332,8089b967652d44ca9f3c21cbe0dc232e,2881_right.jpg,~/ml4img/f4dficimg/dif_orid5k_balanced/2881_right.jpg,static/img/8089b967652d44ca9f3c21cbe0dc232e_2881_right.jpg
4333,8de563ff3c0a4ec0884c7b4475c5f45b,2882_left.jpg,~/ml4img/f4dficimg/dif_orid5k_balanced/2882_left.jpg,static/img/8de563ff3c0a4ec0884c7b4475c5f45b_2882_left.jpg
4334,3b269fdc95334474a9cad533dfbff3c1,2882_right.jpg,~/ml4img/f4dficimg/dif_orid5k_balanced/2882_right.jpg,static/img/3b269fdc95334474a9cad533dfbff3c1_2882_right.jpg
4335,a7e1ade13bfc4bf48bd75d73ba26f7a9,2883_right.jpg,~/ml4img/f4dficimg/dif_orid5k_balanced/2883_right.jpg,static/img/a7e1ade13bfc4bf48bd75d73ba26f7a9_2883_right.jpg
4336,46935399e3f2462595609fb527fe8256,2884_left.jpg,~/ml4img/f4dficimg/dif_orid5k_balanced/2884_left.jpg,static/img/46935399e3f2462595609fb527fe8256_2884_left.jpg
4337,a8950f4ae322481d95ff2434a4cf32d7,2885_right.jpg,~/ml4img/f4dficimg/dif_orid5k_balanced/2885_right.jpg,static/img/a8950f4ae322481d95ff2434a4cf32d7_2885_right.jpg
4338,625846225b7248fb847d1bae41c51ea7,2886_left.jpg,~/ml4img/f4dficimg/dif_orid5k_balanced/2886_left.jpg,static/img/625846225b7248fb847d1bae41c51ea7_2886_left.jpg
4339,374cda481d9747878ab7b6082e910881,2887_left.jpg,~/ml4img/f4dficimg/dif_orid5k_balanced/2887_left.jpg,static/img/374cda481d9747878ab7b6082e910881_2887_left.jpg
4340,1d58375d00be4393a74f189dd9ad9e49,2887_right.jpg,~/ml4img/f4dficimg/dif_orid5k_balanced/2887_right.jpg,static/img/1d58375d00be4393a74f189dd9ad9e49_2887_right.jpg
4341,19249c6f28d74500a23fabe734c5ae75,2888_left.jpg,~/ml4img/f4dficimg/dif_orid5k_balanced/2888_left.jpg,static/img/19249c6f28d74500a23fabe734c5ae75_2888_left.jpg
4342,1e3d713b05904b4fbc311205ed4a5ad3,2889_right.jpg,~/ml4img/f4dficimg/dif_orid5k_balanced/2889_right.jpg,static/img/1e3d713b05904b4fbc311205ed4a5ad3_2889_right.jpg
4343,8770fbd5245243e1b79115cad34a8a66,2890_right.jpg,~/ml4img/f4dficimg/dif_orid5k_balanced/2890_right.jpg,static/img/8770fbd5245243e1b79115cad34a8a66_2890_right.jpg
4344,ac61459948ff4efe88d2db763e7d7243,2892_right.jpg,~/ml4img/f4dficimg/dif_orid5k_balanced/2892_right.jpg,static/img/ac61459948ff4efe88d2db763e7d7243_2892_right.jpg
4345,341696e6c0af4bf1a85488d9cf4b6476,2895_left.jpg,~/ml4img/f4dficimg/dif_orid5k_balanced/2895_left.jpg,static/img/341696e6c0af4bf1a85488d9cf4b6476_2895_left.jpg
4346,223d80120d664b2b9c007adf2d49c0a5,2897_right.jpg,~/ml4img/f4dficimg/dif_orid5k_balanced/2897_right.jpg,static/img/223d80120d664b2b9c007adf2d49c0a5_2897_right.jpg
4347,bb2b8c14670b4aaa8f6fea2bcea07e5d,2898_left.jpg,~/ml4img/f4dficimg/dif_orid5k_balanced/2898_left.jpg,static/img/bb2b8c14670b4aaa8f6fea2bcea07e5d_2898_left.jpg
4348,60a7888b31404143a74059f6c41792ae,2900_right.jpg,~/ml4img/f4dficimg/dif_orid5k_balanced/2900_right.jpg,static/img/60a7888b31404143a74059f6c41792ae_2900_right.jpg
4349,da9babd28d5343a984806cefb40d648c,2901_left.jpg,~/ml4img/f4dficimg/dif_orid5k_balanced/2901_left.jpg,static/img/da9babd28d5343a984806cefb40d648c_2901_left.jpg
4350,e6e9a746583c47a3996503436380cb19,2902_right.jpg,~/ml4img/f4dficimg/dif_orid5k_balanced/2902_right.jpg,static/img/e6e9a746583c47a3996503436380cb19_2902_right.jpg
4351,75ec73b3b4fd465a98c215f072c41c57,2904_right.jpg,~/ml4img/f4dficimg/dif_orid5k_balanced/2904_right.jpg,static/img/75ec73b3b4fd465a98c215f072c41c57_2904_right.jpg
4352,b0754a59e6444d3b9de496321977a981,2905_left.jpg,~/ml4img/f4dficimg/dif_orid5k_balanced/2905_left.jpg,static/img/b0754a59e6444d3b9de496321977a981_2905_left.jpg
4353,e8c5a2cac55d4eb68d97b166935b0309,2906_left.jpg,~/ml4img/f4dficimg/dif_orid5k_balanced/2906_left.jpg,static/img/e8c5a2cac55d4eb68d97b166935b0309_2906_left.jpg
4354,d9ea006e1cac4723ae55ed6a0a2ccb10,2909_right.jpg,~/ml4img/f4dficimg/dif_orid5k_balanced/2909_right.jpg,static/img/d9ea006e1cac4723ae55ed6a0a2ccb10_2909_right.jpg
4355,c33bf47e05b74a64b0033298a8140472,2912_right.jpg,~/ml4img/f4dficimg/dif_orid5k_balanced/2912_right.jpg,static/img/c33bf47e05b74a64b0033298a8140472_2912_right.jpg
4356,af723b45bc8749d998f98744fb0b4e30,2913_right.jpg,~/ml4img/f4dficimg/dif_orid5k_balanced/2913_right.jpg,static/img/af723b45bc8749d998f98744fb0b4e30_2913_right.jpg
4357,cd02cb612d08406dba721ca62416f5b9,2915_left.jpg,~/ml4img/f4dficimg/dif_orid5k_balanced/2915_left.jpg,static/img/cd02cb612d08406dba721ca62416f5b9_2915_left.jpg
4358,07458c1b86cd4f8792faf49f53f11486,2916_left.jpg,~/ml4img/f4dficimg/dif_orid5k_balanced/2916_left.jpg,static/img/07458c1b86cd4f8792faf49f53f11486_2916_left.jpg
4359,358b918ce48b40d38e75fb6cc04a80b8,2917_left.jpg,~/ml4img/f4dficimg/dif_orid5k_balanced/2917_left.jpg,static/img/358b918ce48b40d38e75fb6cc04a80b8_2917_left.jpg
4360,efb6a7bcf88a45fa9e46f4ffdbf7e2c5,2918_right.jpg,~/ml4img/f4dficimg/dif_orid5k_balanced/2918_right.jpg,static/img/efb6a7bcf88a45fa9e46f4ffdbf7e2c5_2918_right.jpg
4361,a36a339fa7d245e5bbc2b3de761ba8b3,2919_left.jpg,~/ml4img/f4dficimg/dif_orid5k_balanced/2919_left.jpg,static/img/a36a339fa7d245e5bbc2b3de761ba8b3_2919_left.jpg
4362,8fff89455e6a44b4afd9510c5f87dcdd,2920_left.jpg,~/ml4img/f4dficimg/dif_orid5k_balanced/2920_left.jpg,static/img/8fff89455e6a44b4afd9510c5f87dcdd_2920_left.jpg
4363,e5432229bac8451eacadfe0712355162,2921_left.jpg,~/ml4img/f4dficimg/dif_orid5k_balanced/2921_left.jpg,static/img/e5432229bac8451eacadfe0712355162_2921_left.jpg
4364,e1d01bff95044056b6e516533cecc588,2921_right.jpg,~/ml4img/f4dficimg/dif_orid5k_balanced/2921_right.jpg,static/img/e1d01bff95044056b6e516533cecc588_2921_right.jpg
4365,6ad9b10a4a1d4478841aa11c61e4fe44,2923_right.jpg,~/ml4img/f4dficimg/dif_orid5k_balanced/2923_right.jpg,static/img/6ad9b10a4a1d4478841aa11c61e4fe44_2923_right.jpg
4366,9619b891bb7547f380d1e55ca0d76142,2926_right.jpg,~/ml4img/f4dficimg/dif_orid5k_balanced/2926_right.jpg,static/img/9619b891bb7547f380d1e55ca0d76142_2926_right.jpg
4367,248133b3c02348429cc396568b730757,2930_right.jpg,~/ml4img/f4dficimg/dif_orid5k_balanced/2930_right.jpg,static/img/248133b3c02348429cc396568b730757_2930_right.jpg
4368,b9dba5757ace48afb72789ecc660f5e2,2932_right.jpg,~/ml4img/f4dficimg/dif_orid5k_balanced/2932_right.jpg,static/img/b9dba5757ace48afb72789ecc660f5e2_2932_right.jpg
4369,a19990f874a64ad6bf495cf1f85fdba0,2933_left.jpg,~/ml4img/f4dficimg/dif_orid5k_balanced/2933_left.jpg,static/img/a19990f874a64ad6bf495cf1f85fdba0_2933_left.jpg
4370,0698a0e3d4214cc2b0a77414e0d54c2b,2934_right.jpg,~/ml4img/f4dficimg/dif_orid5k_balanced/2934_right.jpg,static/img/0698a0e3d4214cc2b0a77414e0d54c2b_2934_right.jpg
4371,8a5a999f9f0c4dd99ebdcc0d14ea45a1,2935_right.jpg,~/ml4img/f4dficimg/dif_orid5k_balanced/2935_right.jpg,static/img/8a5a999f9f0c4dd99ebdcc0d14ea45a1_2935_right.jpg
4372,53d3654deb7444e7bdc1a94b5ff17316,2936_right.jpg,~/ml4img/f4dficimg/dif_orid5k_balanced/2936_right.jpg,static/img/53d3654deb7444e7bdc1a94b5ff17316_2936_right.jpg
4373,b186bddc6dc1457cbb8812eb3e859832,2937_left.jpg,~/ml4img/f4dficimg/dif_orid5k_balanced/2937_left.jpg,static/img/b186bddc6dc1457cbb8812eb3e859832_2937_left.jpg
4374,96b1d6c87f8c4cd090ab1ad1ba3d9d3d,2937_right.jpg,~/ml4img/f4dficimg/dif_orid5k_balanced/2937_right.jpg,static/img/96b1d6c87f8c4cd090ab1ad1ba3d9d3d_2937_right.jpg
4375,dd61fec6acce4088ad872ecdd008ef57,2939_left.jpg,~/ml4img/f4dficimg/dif_orid5k_balanced/2939_left.jpg,static/img/dd61fec6acce4088ad872ecdd008ef57_2939_left.jpg
4376,a185493172ff4f409f38fc9dffa7107e,2941_left.jpg,~/ml4img/f4dficimg/dif_orid5k_balanced/2941_left.jpg,static/img/a185493172ff4f409f38fc9dffa7107e_2941_left.jpg
4377,e55d0e0287404fdbb69bc2f0aa09acab,2942_left.jpg,~/ml4img/f4dficimg/dif_orid5k_balanced/2942_left.jpg,static/img/e55d0e0287404fdbb69bc2f0aa09acab_2942_left.jpg
4378,1e87aeb4a1594d0ab6899e552fef6ca9,2943_left.jpg,~/ml4img/f4dficimg/dif_orid5k_balanced/2943_left.jpg,static/img/1e87aeb4a1594d0ab6899e552fef6ca9_2943_left.jpg
4379,7a5bbda3852b4690af35000031587ae8,2943_right.jpg,~/ml4img/f4dficimg/dif_orid5k_balanced/2943_right.jpg,static/img/7a5bbda3852b4690af35000031587ae8_2943_right.jpg
4380,077aa96a8aee4aa1b71674c7b9e34c25,2946_left.jpg,~/ml4img/f4dficimg/dif_orid5k_balanced/2946_left.jpg,static/img/077aa96a8aee4aa1b71674c7b9e34c25_2946_left.jpg
4381,b848311303204a42a3f8f494d6336b54,2948_left.jpg,~/ml4img/f4dficimg/dif_orid5k_balanced/2948_left.jpg,static/img/b848311303204a42a3f8f494d6336b54_2948_left.jpg
4382,4f32687dd53647168a6685ea912bde77,2948_right.jpg,~/ml4img/f4dficimg/dif_orid5k_balanced/2948_right.jpg,static/img/4f32687dd53647168a6685ea912bde77_2948_right.jpg
4383,8a5baa7aeb11411a8f1a0ff57f8cd89c,2949_left.jpg,~/ml4img/f4dficimg/dif_orid5k_balanced/2949_left.jpg,static/img/8a5baa7aeb11411a8f1a0ff57f8cd89c_2949_left.jpg
4384,f723847ec35c4c689392d39e6da67d05,2950_left.jpg,~/ml4img/f4dficimg/dif_orid5k_balanced/2950_left.jpg,static/img/f723847ec35c4c689392d39e6da67d05_2950_left.jpg
4385,39af987ce5024e8688d9e62cdcbeed26,2951_left.jpg,~/ml4img/f4dficimg/dif_orid5k_balanced/2951_left.jpg,static/img/39af987ce5024e8688d9e62cdcbeed26_2951_left.jpg
4386,8e70a7d93eee4d37bf3e71ee44215869,2951_right.jpg,~/ml4img/f4dficimg/dif_orid5k_balanced/2951_right.jpg,static/img/8e70a7d93eee4d37bf3e71ee44215869_2951_right.jpg
4387,a0848809be25463788efa12a8690b65b,2954_right.jpg,~/ml4img/f4dficimg/dif_orid5k_balanced/2954_right.jpg,static/img/a0848809be25463788efa12a8690b65b_2954_right.jpg
4388,fee35309d33c4cfbbfcd0d75e2f7f52d,2958_left.jpg,~/ml4img/f4dficimg/dif_orid5k_balanced/2958_left.jpg,static/img/fee35309d33c4cfbbfcd0d75e2f7f52d_2958_left.jpg
4389,9f0dd91e9c12428194f85b93db5f29d4,2959_right.jpg,~/ml4img/f4dficimg/dif_orid5k_balanced/2959_right.jpg,static/img/9f0dd91e9c12428194f85b93db5f29d4_2959_right.jpg
4390,5f98042ccc0348b8a4ca4b2f704df2b7,2960_left.jpg,~/ml4img/f4dficimg/dif_orid5k_balanced/2960_left.jpg,static/img/5f98042ccc0348b8a4ca4b2f704df2b7_2960_left.jpg
4391,4a90074bdb3b46c4a10835c7f9f4c195,2960_right.jpg,~/ml4img/f4dficimg/dif_orid5k_balanced/2960_right.jpg,static/img/4a90074bdb3b46c4a10835c7f9f4c195_2960_right.jpg
4392,1904c86f131d434b9134df1e09a97752,2961_right.jpg,~/ml4img/f4dficimg/dif_orid5k_balanced/2961_right.jpg,static/img/1904c86f131d434b9134df1e09a97752_2961_right.jpg
4393,cc77d527846249a5a38838e401ab376f,2964_right.jpg,~/ml4img/f4dficimg/dif_orid5k_balanced/2964_right.jpg,static/img/cc77d527846249a5a38838e401ab376f_2964_right.jpg
4394,ba5492a4b5274504b6f9a2d443877d7f,2965_right.jpg,~/ml4img/f4dficimg/dif_orid5k_balanced/2965_right.jpg,static/img/ba5492a4b5274504b6f9a2d443877d7f_2965_right.jpg
4395,f451c19b8ae54fdab37195ae19d8aec4,2966_right.jpg,~/ml4img/f4dficimg/dif_orid5k_balanced/2966_right.jpg,static/img/f451c19b8ae54fdab37195ae19d8aec4_2966_right.jpg
4396,b098d8b95fa34c8f9d6ab15a38bc0048,2967_right.jpg,~/ml4img/f4dficimg/dif_orid5k_balanced/2967_right.jpg,static/img/b098d8b95fa34c8f9d6ab15a38bc0048_2967_right.jpg
4397,283d5e33a4bc49229ad8b5f4a7ac5dbc,2969_left.jpg,~/ml4img/f4dficimg/dif_orid5k_balanced/2969_left.jpg,static/img/283d5e33a4bc49229ad8b5f4a7ac5dbc_2969_left.jpg
4398,f096102722254b638a7afdddb214013f,2972_left.jpg,~/ml4img/f4dficimg/dif_orid5k_balanced/2972_left.jpg,static/img/f096102722254b638a7afdddb214013f_2972_left.jpg
4399,37bf33efd76e42ab9d2f523e9591a3d8,2973_left.jpg,~/ml4img/f4dficimg/dif_orid5k_balanced/2973_left.jpg,static/img/37bf33efd76e42ab9d2f523e9591a3d8_2973_left.jpg
4400,54138a81ca0c4070b3dbdc5bf11da5e7,2974_left.jpg,~/ml4img/f4dficimg/dif_orid5k_balanced/2974_left.jpg,static/img/54138a81ca0c4070b3dbdc5bf11da5e7_2974_left.jpg
4401,5ea3aeef36114bd29740bfc4bcebaf8d,2975_left.jpg,~/ml4img/f4dficimg/dif_orid5k_balanced/2975_left.jpg,static/img/5ea3aeef36114bd29740bfc4bcebaf8d_2975_left.jpg
4402,09c8eceb29ba40f4aa4488b1820ddce3,2976_left.jpg,~/ml4img/f4dficimg/dif_orid5k_balanced/2976_left.jpg,static/img/09c8eceb29ba40f4aa4488b1820ddce3_2976_left.jpg
4403,9bcc2f3932274160be3ff01187cbaf34,2977_right.jpg,~/ml4img/f4dficimg/dif_orid5k_balanced/2977_right.jpg,static/img/9bcc2f3932274160be3ff01187cbaf34_2977_right.jpg
4404,9cd6e550027a4f4385bf64e2435213a7,2978_left.jpg,~/ml4img/f4dficimg/dif_orid5k_balanced/2978_left.jpg,static/img/9cd6e550027a4f4385bf64e2435213a7_2978_left.jpg
4405,462e69a3df57462fad194bf72f5d4f34,2980_right.jpg,~/ml4img/f4dficimg/dif_orid5k_balanced/2980_right.jpg,static/img/462e69a3df57462fad194bf72f5d4f34_2980_right.jpg
4406,21c6851c475c4e64b679df1552428e60,2981_right.jpg,~/ml4img/f4dficimg/dif_orid5k_balanced/2981_right.jpg,static/img/21c6851c475c4e64b679df1552428e60_2981_right.jpg
4407,4fe8d363327a4aa7908936292dfd91e1,2982_right.jpg,~/ml4img/f4dficimg/dif_orid5k_balanced/2982_right.jpg,static/img/4fe8d363327a4aa7908936292dfd91e1_2982_right.jpg
4408,cddd052241d349f08dfe6d3b6023c963,2983_right.jpg,~/ml4img/f4dficimg/dif_orid5k_balanced/2983_right.jpg,static/img/cddd052241d349f08dfe6d3b6023c963_2983_right.jpg
4409,7dd5f2a5018d4eb79cf7783cb5d5ec2b,2987_left.jpg,~/ml4img/f4dficimg/dif_orid5k_balanced/2987_left.jpg,static/img/7dd5f2a5018d4eb79cf7783cb5d5ec2b_2987_left.jpg
4410,fe985991ea14451585fe7ab1bb6d122a,2990_left.jpg,~/ml4img/f4dficimg/dif_orid5k_balanced/2990_left.jpg,static/img/fe985991ea14451585fe7ab1bb6d122a_2990_left.jpg
4411,b3d5ee79a4a44577991e985a52ed7c82,2993_left.jpg,~/ml4img/f4dficimg/dif_orid5k_balanced/2993_left.jpg,static/img/b3d5ee79a4a44577991e985a52ed7c82_2993_left.jpg
4412,f78b54e931a74387990c97db2369e0f7,2993_right.jpg,~/ml4img/f4dficimg/dif_orid5k_balanced/2993_right.jpg,static/img/f78b54e931a74387990c97db2369e0f7_2993_right.jpg
4413,2cf7e36b7e6c4183863825adde4d61c2,2994_left.jpg,~/ml4img/f4dficimg/dif_orid5k_balanced/2994_left.jpg,static/img/2cf7e36b7e6c4183863825adde4d61c2_2994_left.jpg
4414,cd3bd6161dec4207aefa631dc41ad54d,2994_right.jpg,~/ml4img/f4dficimg/dif_orid5k_balanced/2994_right.jpg,static/img/cd3bd6161dec4207aefa631dc41ad54d_2994_right.jpg
4415,a0f1187ca4004aafaf7249cd73422dcb,2995_left.jpg,~/ml4img/f4dficimg/dif_orid5k_balanced/2995_left.jpg,static/img/a0f1187ca4004aafaf7249cd73422dcb_2995_left.jpg
4416,c1373e598c7046b593ebe31299925ccc,2995_right.jpg,~/ml4img/f4dficimg/dif_orid5k_balanced/2995_right.jpg,static/img/c1373e598c7046b593ebe31299925ccc_2995_right.jpg
4417,639c67c3a4eb47769fc188ef119d3181,2996_right.jpg,~/ml4img/f4dficimg/dif_orid5k_balanced/2996_right.jpg,static/img/639c67c3a4eb47769fc188ef119d3181_2996_right.jpg
4418,3a50ad3cdea54fe3b95ef06a453acba9,2998_right.jpg,~/ml4img/f4dficimg/dif_orid5k_balanced/2998_right.jpg,static/img/3a50ad3cdea54fe3b95ef06a453acba9_2998_right.jpg
4419,7fe198eb81724a60a1c094a38d827bfe,2999_right.jpg,~/ml4img/f4dficimg/dif_orid5k_balanced/2999_right.jpg,static/img/7fe198eb81724a60a1c094a38d827bfe_2999_right.jpg
4420,5fb011cf34c047fe83133f9f16049fed,3000_left.jpg,~/ml4img/f4dficimg/dif_orid5k_balanced/3000_left.jpg,static/img/5fb011cf34c047fe83133f9f16049fed_3000_left.jpg
4421,f5e79edd3b074411a41e7b44773eb5d5,3000_right.jpg,~/ml4img/f4dficimg/dif_orid5k_balanced/3000_right.jpg,static/img/f5e79edd3b074411a41e7b44773eb5d5_3000_right.jpg
4422,6ceb7981ba1a43d28588cc9f980f515e,3001_right.jpg,~/ml4img/f4dficimg/dif_orid5k_balanced/3001_right.jpg,static/img/6ceb7981ba1a43d28588cc9f980f515e_3001_right.jpg
4423,9f711157d4f947d78bf3849de4185f27,3003_right.jpg,~/ml4img/f4dficimg/dif_orid5k_balanced/3003_right.jpg,static/img/9f711157d4f947d78bf3849de4185f27_3003_right.jpg
4424,728d4949c6ae4b26b75db2d6a1439db8,3004_right.jpg,~/ml4img/f4dficimg/dif_orid5k_balanced/3004_right.jpg,static/img/728d4949c6ae4b26b75db2d6a1439db8_3004_right.jpg
4425,2fbca9d1f8814babb30e49316bd559b2,3005_right.jpg,~/ml4img/f4dficimg/dif_orid5k_balanced/3005_right.jpg,static/img/2fbca9d1f8814babb30e49316bd559b2_3005_right.jpg
4426,6e9ac03ae10c4375b4dbd19e420e1e74,3007_left.jpg,~/ml4img/f4dficimg/dif_orid5k_balanced/3007_left.jpg,static/img/6e9ac03ae10c4375b4dbd19e420e1e74_3007_left.jpg
4427,48ad4b80d64742e1afdbfb3285d07ed7,3007_right.jpg,~/ml4img/f4dficimg/dif_orid5k_balanced/3007_right.jpg,static/img/48ad4b80d64742e1afdbfb3285d07ed7_3007_right.jpg
4428,86cfafe8ba2f4fe3b81433abf44137f4,3008_right.jpg,~/ml4img/f4dficimg/dif_orid5k_balanced/3008_right.jpg,static/img/86cfafe8ba2f4fe3b81433abf44137f4_3008_right.jpg
4429,59ac67838e5f493586e31df47cfa11c6,3010_right.jpg,~/ml4img/f4dficimg/dif_orid5k_balanced/3010_right.jpg,static/img/59ac67838e5f493586e31df47cfa11c6_3010_right.jpg
4430,e7cf001d0ae64765b4f74b2f41241375,3011_left.jpg,~/ml4img/f4dficimg/dif_orid5k_balanced/3011_left.jpg,static/img/e7cf001d0ae64765b4f74b2f41241375_3011_left.jpg
4431,602be19665f74ea983b704ca21c5f815,3011_right.jpg,~/ml4img/f4dficimg/dif_orid5k_balanced/3011_right.jpg,static/img/602be19665f74ea983b704ca21c5f815_3011_right.jpg
4432,3503fcfc6b364caa886456e6836a7e5a,3012_left.jpg,~/ml4img/f4dficimg/dif_orid5k_balanced/3012_left.jpg,static/img/3503fcfc6b364caa886456e6836a7e5a_3012_left.jpg
4433,226f2138ca9b49238aace28a0961a8a4,3013_right.jpg,~/ml4img/f4dficimg/dif_orid5k_balanced/3013_right.jpg,static/img/226f2138ca9b49238aace28a0961a8a4_3013_right.jpg
4434,bc86a0fa20b0442b92aa13d55f4b68f8,3015_left.jpg,~/ml4img/f4dficimg/dif_orid5k_balanced/3015_left.jpg,static/img/bc86a0fa20b0442b92aa13d55f4b68f8_3015_left.jpg
4435,34dcd9683eea44c790783ece1267125a,3016_left.jpg,~/ml4img/f4dficimg/dif_orid5k_balanced/3016_left.jpg,static/img/34dcd9683eea44c790783ece1267125a_3016_left.jpg
4436,7e6f6d6a17b747f7ac3c9e7d410512b9,3016_right.jpg,~/ml4img/f4dficimg/dif_orid5k_balanced/3016_right.jpg,static/img/7e6f6d6a17b747f7ac3c9e7d410512b9_3016_right.jpg
4437,33c35e96fb804e129db01288f607032f,3017_right.jpg,~/ml4img/f4dficimg/dif_orid5k_balanced/3017_right.jpg,static/img/33c35e96fb804e129db01288f607032f_3017_right.jpg
4438,397401f9f83a418a929631e0a610e10e,3020_left.jpg,~/ml4img/f4dficimg/dif_orid5k_balanced/3020_left.jpg,static/img/397401f9f83a418a929631e0a610e10e_3020_left.jpg
4439,d322166ded8642da9d9e651c2bb3861b,3020_right.jpg,~/ml4img/f4dficimg/dif_orid5k_balanced/3020_right.jpg,static/img/d322166ded8642da9d9e651c2bb3861b_3020_right.jpg
4440,fce5bb6f65634c86b7bcf45c3902efff,3021_left.jpg,~/ml4img/f4dficimg/dif_orid5k_balanced/3021_left.jpg,static/img/fce5bb6f65634c86b7bcf45c3902efff_3021_left.jpg
4441,ac66ba2cd344432bbb80a7fadb574c6b,3023_right.jpg,~/ml4img/f4dficimg/dif_orid5k_balanced/3023_right.jpg,static/img/ac66ba2cd344432bbb80a7fadb574c6b_3023_right.jpg
4442,e1d20d4192064759bc53843207e2e152,3027_left.jpg,~/ml4img/f4dficimg/dif_orid5k_balanced/3027_left.jpg,static/img/e1d20d4192064759bc53843207e2e152_3027_left.jpg
4443,6ec70b63245f4e68a5e0a11a5edbd5ba,3028_right.jpg,~/ml4img/f4dficimg/dif_orid5k_balanced/3028_right.jpg,static/img/6ec70b63245f4e68a5e0a11a5edbd5ba_3028_right.jpg
4444,4668721bfaa04dbfb494c66ff24552fa,3033_left.jpg,~/ml4img/f4dficimg/dif_orid5k_balanced/3033_left.jpg,static/img/4668721bfaa04dbfb494c66ff24552fa_3033_left.jpg
4445,15dae1c0ba9c401ebaa9bd5cfb969d2a,3035_left.jpg,~/ml4img/f4dficimg/dif_orid5k_balanced/3035_left.jpg,static/img/15dae1c0ba9c401ebaa9bd5cfb969d2a_3035_left.jpg
4446,a2a5b556063e4b02bb6e693c076f64ca,3035_right.jpg,~/ml4img/f4dficimg/dif_orid5k_balanced/3035_right.jpg,static/img/a2a5b556063e4b02bb6e693c076f64ca_3035_right.jpg
4447,ea239f8325304bfa9b539fadd1051e58,3036_left.jpg,~/ml4img/f4dficimg/dif_orid5k_balanced/3036_left.jpg,static/img/ea239f8325304bfa9b539fadd1051e58_3036_left.jpg
4448,a5dbf3b96b91442ea76f624b1ee38711,3036_right.jpg,~/ml4img/f4dficimg/dif_orid5k_balanced/3036_right.jpg,static/img/a5dbf3b96b91442ea76f624b1ee38711_3036_right.jpg
4449,3367687e43cd4f499369c65a17b6f496,3037_right.jpg,~/ml4img/f4dficimg/dif_orid5k_balanced/3037_right.jpg,static/img/3367687e43cd4f499369c65a17b6f496_3037_right.jpg
4450,5b1708fa67b6427bb36a78099ae98f9a,3038_right.jpg,~/ml4img/f4dficimg/dif_orid5k_balanced/3038_right.jpg,static/img/5b1708fa67b6427bb36a78099ae98f9a_3038_right.jpg
4451,37ef6cfa0f154e1da3cb4a7397871392,3039_right.jpg,~/ml4img/f4dficimg/dif_orid5k_balanced/3039_right.jpg,static/img/37ef6cfa0f154e1da3cb4a7397871392_3039_right.jpg
4452,3f718d20ee8247f6b77f51a58b7618f8,3040_left.jpg,~/ml4img/f4dficimg/dif_orid5k_balanced/3040_left.jpg,static/img/3f718d20ee8247f6b77f51a58b7618f8_3040_left.jpg
4453,0ef84ec6baf244b88ef8f64c1f28a403,3041_left.jpg,~/ml4img/f4dficimg/dif_orid5k_balanced/3041_left.jpg,static/img/0ef84ec6baf244b88ef8f64c1f28a403_3041_left.jpg
4454,73fb08be61594fcdbd1aeab587253921,3042_left.jpg,~/ml4img/f4dficimg/dif_orid5k_balanced/3042_left.jpg,static/img/73fb08be61594fcdbd1aeab587253921_3042_left.jpg
4455,a640580b0378466c9f54dc7a1201a503,3042_right.jpg,~/ml4img/f4dficimg/dif_orid5k_balanced/3042_right.jpg,static/img/a640580b0378466c9f54dc7a1201a503_3042_right.jpg
4456,6c80b228cbaa42589b0d27a429886d46,3044_right.jpg,~/ml4img/f4dficimg/dif_orid5k_balanced/3044_right.jpg,static/img/6c80b228cbaa42589b0d27a429886d46_3044_right.jpg
4457,709b1f7b222b4b078cd07fda8e655acc,3045_left.jpg,~/ml4img/f4dficimg/dif_orid5k_balanced/3045_left.jpg,static/img/709b1f7b222b4b078cd07fda8e655acc_3045_left.jpg
4458,0a387eb657614c0cb69a380e09874d7a,3047_left.jpg,~/ml4img/f4dficimg/dif_orid5k_balanced/3047_left.jpg,static/img/0a387eb657614c0cb69a380e09874d7a_3047_left.jpg
4459,64878c89f30846269984790cdf788811,3047_right.jpg,~/ml4img/f4dficimg/dif_orid5k_balanced/3047_right.jpg,static/img/64878c89f30846269984790cdf788811_3047_right.jpg
4460,f8244efa61ca4f818b2381440faea7df,3048_right.jpg,~/ml4img/f4dficimg/dif_orid5k_balanced/3048_right.jpg,static/img/f8244efa61ca4f818b2381440faea7df_3048_right.jpg
4461,7018b71631fe49e885479ccc85a65bf5,3050_right.jpg,~/ml4img/f4dficimg/dif_orid5k_balanced/3050_right.jpg,static/img/7018b71631fe49e885479ccc85a65bf5_3050_right.jpg
4462,90c9950ec9bb4bd2a2d8aea6265a7ba2,3051_left.jpg,~/ml4img/f4dficimg/dif_orid5k_balanced/3051_left.jpg,static/img/90c9950ec9bb4bd2a2d8aea6265a7ba2_3051_left.jpg
4463,07e25d3760c447e48842f04b90d7d8b8,3051_right.jpg,~/ml4img/f4dficimg/dif_orid5k_balanced/3051_right.jpg,static/img/07e25d3760c447e48842f04b90d7d8b8_3051_right.jpg
4464,5e6c43f0efad416cba32d49ff146f555,3054_right.jpg,~/ml4img/f4dficimg/dif_orid5k_balanced/3054_right.jpg,static/img/5e6c43f0efad416cba32d49ff146f555_3054_right.jpg
4465,d1565a3aebc0436382e32728a9f1e4c2,3057_left.jpg,~/ml4img/f4dficimg/dif_orid5k_balanced/3057_left.jpg,static/img/d1565a3aebc0436382e32728a9f1e4c2_3057_left.jpg
4466,de52dc7d9e2648a5853c1fc2746de1a8,3057_right.jpg,~/ml4img/f4dficimg/dif_orid5k_balanced/3057_right.jpg,static/img/de52dc7d9e2648a5853c1fc2746de1a8_3057_right.jpg
4467,371d986531d84b329a546d52678eb5a5,3059_right.jpg,~/ml4img/f4dficimg/dif_orid5k_balanced/3059_right.jpg,static/img/371d986531d84b329a546d52678eb5a5_3059_right.jpg
4468,f40886e9e9834b9a833450d82866848f,3062_left.jpg,~/ml4img/f4dficimg/dif_orid5k_balanced/3062_left.jpg,static/img/f40886e9e9834b9a833450d82866848f_3062_left.jpg
4469,0c3470055d704d48b4738c56664b7b29,3063_right.jpg,~/ml4img/f4dficimg/dif_orid5k_balanced/3063_right.jpg,static/img/0c3470055d704d48b4738c56664b7b29_3063_right.jpg
4470,38f1e4f6f72d4f12b2010d9d2689fbb9,3064_left.jpg,~/ml4img/f4dficimg/dif_orid5k_balanced/3064_left.jpg,static/img/38f1e4f6f72d4f12b2010d9d2689fbb9_3064_left.jpg
4471,6b5832bbcdb6465184d1515503dea2de,3065_right.jpg,~/ml4img/f4dficimg/dif_orid5k_balanced/3065_right.jpg,static/img/6b5832bbcdb6465184d1515503dea2de_3065_right.jpg
4472,4a6f90235fbd44dbbaed87f908c7f27d,3067_right.jpg,~/ml4img/f4dficimg/dif_orid5k_balanced/3067_right.jpg,static/img/4a6f90235fbd44dbbaed87f908c7f27d_3067_right.jpg
4473,bb845dccc85a4a46bbb527fe997ef592,3070_left.jpg,~/ml4img/f4dficimg/dif_orid5k_balanced/3070_left.jpg,static/img/bb845dccc85a4a46bbb527fe997ef592_3070_left.jpg
4474,9df88f5c7d6e43369f7ff4eb2b7cb4cb,3070_right.jpg,~/ml4img/f4dficimg/dif_orid5k_balanced/3070_right.jpg,static/img/9df88f5c7d6e43369f7ff4eb2b7cb4cb_3070_right.jpg
4475,5c3d14a2ee6d40de973995fe0d5f7b40,3072_left.jpg,~/ml4img/f4dficimg/dif_orid5k_balanced/3072_left.jpg,static/img/5c3d14a2ee6d40de973995fe0d5f7b40_3072_left.jpg
4476,a3facb818bfb4b7f8ca302e346119b0b,3073_right.jpg,~/ml4img/f4dficimg/dif_orid5k_balanced/3073_right.jpg,static/img/a3facb818bfb4b7f8ca302e346119b0b_3073_right.jpg
4477,843a9ed9753844a8a92312afabeadcf1,3074_left.jpg,~/ml4img/f4dficimg/dif_orid5k_balanced/3074_left.jpg,static/img/843a9ed9753844a8a92312afabeadcf1_3074_left.jpg
4478,5dca6b2df0d64a7e848af0444c9fc04b,3075_right.jpg,~/ml4img/f4dficimg/dif_orid5k_balanced/3075_right.jpg,static/img/5dca6b2df0d64a7e848af0444c9fc04b_3075_right.jpg
4479,290663485f604108b01ca653a0c0d41e,3076_left.jpg,~/ml4img/f4dficimg/dif_orid5k_balanced/3076_left.jpg,static/img/290663485f604108b01ca653a0c0d41e_3076_left.jpg
4480,530290fcb6e148259fb281c0bf11a36b,3077_right.jpg,~/ml4img/f4dficimg/dif_orid5k_balanced/3077_right.jpg,static/img/530290fcb6e148259fb281c0bf11a36b_3077_right.jpg
4481,64b704954a29411b8fc92b919bed533c,3078_left.jpg,~/ml4img/f4dficimg/dif_orid5k_balanced/3078_left.jpg,static/img/64b704954a29411b8fc92b919bed533c_3078_left.jpg
4482,d840f1246811424eafa09b3c9d70c1f7,3080_left.jpg,~/ml4img/f4dficimg/dif_orid5k_balanced/3080_left.jpg,static/img/d840f1246811424eafa09b3c9d70c1f7_3080_left.jpg
4483,74d17564573840119664a8f3cbc3aeee,3081_left.jpg,~/ml4img/f4dficimg/dif_orid5k_balanced/3081_left.jpg,static/img/74d17564573840119664a8f3cbc3aeee_3081_left.jpg
4484,9d711a18f9c443bb9fb1ce4fbcb8f0f4,3081_right.jpg,~/ml4img/f4dficimg/dif_orid5k_balanced/3081_right.jpg,static/img/9d711a18f9c443bb9fb1ce4fbcb8f0f4_3081_right.jpg
4485,58ac3e7d1c9942b08e6ad54d201085f2,3082_right.jpg,~/ml4img/f4dficimg/dif_orid5k_balanced/3082_right.jpg,static/img/58ac3e7d1c9942b08e6ad54d201085f2_3082_right.jpg
4486,cc2c519568144c9b90e71c5dcb4e9f1a,3083_right.jpg,~/ml4img/f4dficimg/dif_orid5k_balanced/3083_right.jpg,static/img/cc2c519568144c9b90e71c5dcb4e9f1a_3083_right.jpg
4487,0ea4a5e9566143a78b2252bb6716939a,3084_right.jpg,~/ml4img/f4dficimg/dif_orid5k_balanced/3084_right.jpg,static/img/0ea4a5e9566143a78b2252bb6716939a_3084_right.jpg
4488,270d8644060f430890295805dca14004,3085_right.jpg,~/ml4img/f4dficimg/dif_orid5k_balanced/3085_right.jpg,static/img/270d8644060f430890295805dca14004_3085_right.jpg
4489,3ebdcdec810d4c7396f1b827a6ddf74e,3086_right.jpg,~/ml4img/f4dficimg/dif_orid5k_balanced/3086_right.jpg,static/img/3ebdcdec810d4c7396f1b827a6ddf74e_3086_right.jpg
4490,518166a511b44937bf7d2ddca6f81d81,3088_left.jpg,~/ml4img/f4dficimg/dif_orid5k_balanced/3088_left.jpg,static/img/518166a511b44937bf7d2ddca6f81d81_3088_left.jpg
4491,7462a5253fa144ae93edcbecc6fdac9f,3089_left.jpg,~/ml4img/f4dficimg/dif_orid5k_balanced/3089_left.jpg,static/img/7462a5253fa144ae93edcbecc6fdac9f_3089_left.jpg
4492,d6e33fc3e401459d84d62226667d4ae3,3090_left.jpg,~/ml4img/f4dficimg/dif_orid5k_balanced/3090_left.jpg,static/img/d6e33fc3e401459d84d62226667d4ae3_3090_left.jpg
4493,268490d9f06143c581c1ef81bb48fd0f,3091_right.jpg,~/ml4img/f4dficimg/dif_orid5k_balanced/3091_right.jpg,static/img/268490d9f06143c581c1ef81bb48fd0f_3091_right.jpg
4494,9362ef7ce03147fa9ca5ac11b35ad4cb,3092_left.jpg,~/ml4img/f4dficimg/dif_orid5k_balanced/3092_left.jpg,static/img/9362ef7ce03147fa9ca5ac11b35ad4cb_3092_left.jpg
4495,2cca00e5b49a42a78b1a934aa4efd27b,3092_right.jpg,~/ml4img/f4dficimg/dif_orid5k_balanced/3092_right.jpg,static/img/2cca00e5b49a42a78b1a934aa4efd27b_3092_right.jpg
4496,24a7fb79c1324feebcc387c3b1c888d0,3093_left.jpg,~/ml4img/f4dficimg/dif_orid5k_balanced/3093_left.jpg,static/img/24a7fb79c1324feebcc387c3b1c888d0_3093_left.jpg
4497,bbc8fa90544b4e54b0fe2bc748420b64,3094_left.jpg,~/ml4img/f4dficimg/dif_orid5k_balanced/3094_left.jpg,static/img/bbc8fa90544b4e54b0fe2bc748420b64_3094_left.jpg
4498,b3607013eefc4cba8bd6c0b9d3a14c73,3095_left.jpg,~/ml4img/f4dficimg/dif_orid5k_balanced/3095_left.jpg,static/img/b3607013eefc4cba8bd6c0b9d3a14c73_3095_left.jpg
4499,4134673efeeb481cbbacf8a4c05cf2e0,3095_right.jpg,~/ml4img/f4dficimg/dif_orid5k_balanced/3095_right.jpg,static/img/4134673efeeb481cbbacf8a4c05cf2e0_3095_right.jpg
4500,ff52ed27f77a4f47bce54c9a699576db,3096_right.jpg,~/ml4img/f4dficimg/dif_orid5k_balanced/3096_right.jpg,static/img/ff52ed27f77a4f47bce54c9a699576db_3096_right.jpg
4501,f6f5975de8c5413aae50ee843ef4203c,3098_left.jpg,~/ml4img/f4dficimg/dif_orid5k_balanced/3098_left.jpg,static/img/f6f5975de8c5413aae50ee843ef4203c_3098_left.jpg
4502,f5143e20b11947cba50aa74e9ee774bf,3099_right.jpg,~/ml4img/f4dficimg/dif_orid5k_balanced/3099_right.jpg,static/img/f5143e20b11947cba50aa74e9ee774bf_3099_right.jpg
4503,8ef6fa4ff6124416bc921e8428d2bd01,3100_right.jpg,~/ml4img/f4dficimg/dif_orid5k_balanced/3100_right.jpg,static/img/8ef6fa4ff6124416bc921e8428d2bd01_3100_right.jpg
4504,e47b6087d6884f8f92a82cb6b2901fd3,3102_left.jpg,~/ml4img/f4dficimg/dif_orid5k_balanced/3102_left.jpg,static/img/e47b6087d6884f8f92a82cb6b2901fd3_3102_left.jpg
4505,bae0f61c0e374bb29216a7b1a2bbd9e2,3104_right.jpg,~/ml4img/f4dficimg/dif_orid5k_balanced/3104_right.jpg,static/img/bae0f61c0e374bb29216a7b1a2bbd9e2_3104_right.jpg
4506,72c7d7f020584c739190634cb7da6474,3105_left.jpg,~/ml4img/f4dficimg/dif_orid5k_balanced/3105_left.jpg,static/img/72c7d7f020584c739190634cb7da6474_3105_left.jpg
4507,3f1f038e41d848b58575eba682419e77,3106_right.jpg,~/ml4img/f4dficimg/dif_orid5k_balanced/3106_right.jpg,static/img/3f1f038e41d848b58575eba682419e77_3106_right.jpg
4508,9bdcdad2b16f4d4a8d1bb049726dfcc7,3107_left.jpg,~/ml4img/f4dficimg/dif_orid5k_balanced/3107_left.jpg,static/img/9bdcdad2b16f4d4a8d1bb049726dfcc7_3107_left.jpg
4509,5f6c48ea85744be0896cdc289790c70b,3112_left.jpg,~/ml4img/f4dficimg/dif_orid5k_balanced/3112_left.jpg,static/img/5f6c48ea85744be0896cdc289790c70b_3112_left.jpg
4510,6f0857ad710f4d7099a743aa7b4223bd,3112_right.jpg,~/ml4img/f4dficimg/dif_orid5k_balanced/3112_right.jpg,static/img/6f0857ad710f4d7099a743aa7b4223bd_3112_right.jpg
4511,372366182e6847c5aa3319265a46821d,3113_left.jpg,~/ml4img/f4dficimg/dif_orid5k_balanced/3113_left.jpg,static/img/372366182e6847c5aa3319265a46821d_3113_left.jpg
4512,afbf26fbc365480b980e22552dc0b424,3117_right.jpg,~/ml4img/f4dficimg/dif_orid5k_balanced/3117_right.jpg,static/img/afbf26fbc365480b980e22552dc0b424_3117_right.jpg
4513,0177a549f4394fa18974e45fc7fa5c6a,3120_left.jpg,~/ml4img/f4dficimg/dif_orid5k_balanced/3120_left.jpg,static/img/0177a549f4394fa18974e45fc7fa5c6a_3120_left.jpg
4514,f71058005dae41f7a4b21aaf62727b59,3122_left.jpg,~/ml4img/f4dficimg/dif_orid5k_balanced/3122_left.jpg,static/img/f71058005dae41f7a4b21aaf62727b59_3122_left.jpg
4515,164488685ff44cc0b59495f76f89a3e4,3122_right.jpg,~/ml4img/f4dficimg/dif_orid5k_balanced/3122_right.jpg,static/img/164488685ff44cc0b59495f76f89a3e4_3122_right.jpg
4516,60aa42c7b92e423bb02f900a3a4683ce,3123_left.jpg,~/ml4img/f4dficimg/dif_orid5k_balanced/3123_left.jpg,static/img/60aa42c7b92e423bb02f900a3a4683ce_3123_left.jpg
4517,48f20d7708884c1dae68f9a62144e8b4,3123_right.jpg,~/ml4img/f4dficimg/dif_orid5k_balanced/3123_right.jpg,static/img/48f20d7708884c1dae68f9a62144e8b4_3123_right.jpg
4518,c225457abf644b4aa8bd6057c6426f36,3127_left.jpg,~/ml4img/f4dficimg/dif_orid5k_balanced/3127_left.jpg,static/img/c225457abf644b4aa8bd6057c6426f36_3127_left.jpg
4519,4ede696d28184f0592ff8c062be17ef0,3128_right.jpg,~/ml4img/f4dficimg/dif_orid5k_balanced/3128_right.jpg,static/img/4ede696d28184f0592ff8c062be17ef0_3128_right.jpg
4520,4d6303e8ba7148eb925c8d5c1a185939,3129_left.jpg,~/ml4img/f4dficimg/dif_orid5k_balanced/3129_left.jpg,static/img/4d6303e8ba7148eb925c8d5c1a185939_3129_left.jpg
4521,6f4f158a57f946248fc91944012ace5e,3130_left.jpg,~/ml4img/f4dficimg/dif_orid5k_balanced/3130_left.jpg,static/img/6f4f158a57f946248fc91944012ace5e_3130_left.jpg
4522,6987390bfe774cc793b7ad224c7e0def,3132_left.jpg,~/ml4img/f4dficimg/dif_orid5k_balanced/3132_left.jpg,static/img/6987390bfe774cc793b7ad224c7e0def_3132_left.jpg
4523,2b724f9393be4793acf987513fd01b54,3132_right.jpg,~/ml4img/f4dficimg/dif_orid5k_balanced/3132_right.jpg,static/img/2b724f9393be4793acf987513fd01b54_3132_right.jpg
4524,74c7eb10e37e43c5b24bdaf36654b48d,3134_left.jpg,~/ml4img/f4dficimg/dif_orid5k_balanced/3134_left.jpg,static/img/74c7eb10e37e43c5b24bdaf36654b48d_3134_left.jpg
4525,31121bcfdc664a1ba2a9505a4e361bf4,3134_right.jpg,~/ml4img/f4dficimg/dif_orid5k_balanced/3134_right.jpg,static/img/31121bcfdc664a1ba2a9505a4e361bf4_3134_right.jpg
4526,d2e4041524bc4cdeb605c0596c560180,3135_right.jpg,~/ml4img/f4dficimg/dif_orid5k_balanced/3135_right.jpg,static/img/d2e4041524bc4cdeb605c0596c560180_3135_right.jpg
4527,710faa4e3ae047068f0e79272468c6e1,3136_right.jpg,~/ml4img/f4dficimg/dif_orid5k_balanced/3136_right.jpg,static/img/710faa4e3ae047068f0e79272468c6e1_3136_right.jpg
4528,4e1d081568d24620b93cfe9177b53227,3137_left.jpg,~/ml4img/f4dficimg/dif_orid5k_balanced/3137_left.jpg,static/img/4e1d081568d24620b93cfe9177b53227_3137_left.jpg
4529,02f651355bff4212861323847b11a45a,3138_left.jpg,~/ml4img/f4dficimg/dif_orid5k_balanced/3138_left.jpg,static/img/02f651355bff4212861323847b11a45a_3138_left.jpg
4530,5c6e5ccbcef9479bb13e30d10ed33418,3139_left.jpg,~/ml4img/f4dficimg/dif_orid5k_balanced/3139_left.jpg,static/img/5c6e5ccbcef9479bb13e30d10ed33418_3139_left.jpg
4531,6b2d6cf8576e45c7a9f155d6baa3a8ee,3140_right.jpg,~/ml4img/f4dficimg/dif_orid5k_balanced/3140_right.jpg,static/img/6b2d6cf8576e45c7a9f155d6baa3a8ee_3140_right.jpg
4532,be760404bed74d03a7cfcfa355aa8026,3141_left.jpg,~/ml4img/f4dficimg/dif_orid5k_balanced/3141_left.jpg,static/img/be760404bed74d03a7cfcfa355aa8026_3141_left.jpg
4533,f881b0cd703a4f278ccfcea614e5ec75,3141_right.jpg,~/ml4img/f4dficimg/dif_orid5k_balanced/3141_right.jpg,static/img/f881b0cd703a4f278ccfcea614e5ec75_3141_right.jpg
4534,73746503d2ec461c86d4bd8126483b9b,3143_right.jpg,~/ml4img/f4dficimg/dif_orid5k_balanced/3143_right.jpg,static/img/73746503d2ec461c86d4bd8126483b9b_3143_right.jpg
4535,52791e5752834f20a2a7a5cf273e46a9,3146_left.jpg,~/ml4img/f4dficimg/dif_orid5k_balanced/3146_left.jpg,static/img/52791e5752834f20a2a7a5cf273e46a9_3146_left.jpg
4536,53272298e5ac4d8f807100b75957183b,3146_right.jpg,~/ml4img/f4dficimg/dif_orid5k_balanced/3146_right.jpg,static/img/53272298e5ac4d8f807100b75957183b_3146_right.jpg
4537,9b25c75d27b746a3ac73bfb8cf91bcd8,3147_left.jpg,~/ml4img/f4dficimg/dif_orid5k_balanced/3147_left.jpg,static/img/9b25c75d27b746a3ac73bfb8cf91bcd8_3147_left.jpg
4538,72b7708f5f1e4d98a31f78960ce25b94,3149_left.jpg,~/ml4img/f4dficimg/dif_orid5k_balanced/3149_left.jpg,static/img/72b7708f5f1e4d98a31f78960ce25b94_3149_left.jpg
4539,b5ec3b192b4447399e36baf5972ed462,3149_right.jpg,~/ml4img/f4dficimg/dif_orid5k_balanced/3149_right.jpg,static/img/b5ec3b192b4447399e36baf5972ed462_3149_right.jpg
4540,56389999d0434593a39aaf538751c06e,3150_left.jpg,~/ml4img/f4dficimg/dif_orid5k_balanced/3150_left.jpg,static/img/56389999d0434593a39aaf538751c06e_3150_left.jpg
4541,a6dffe7e34a944fc9bdacbeeef48bc29,3150_right.jpg,~/ml4img/f4dficimg/dif_orid5k_balanced/3150_right.jpg,static/img/a6dffe7e34a944fc9bdacbeeef48bc29_3150_right.jpg
4542,0aea3fbb87d6453e8c4b1bc9f4b2eb69,3152_right.jpg,~/ml4img/f4dficimg/dif_orid5k_balanced/3152_right.jpg,static/img/0aea3fbb87d6453e8c4b1bc9f4b2eb69_3152_right.jpg
4543,992c1e03a0c741809151fd8d0123d1dc,3153_right.jpg,~/ml4img/f4dficimg/dif_orid5k_balanced/3153_right.jpg,static/img/992c1e03a0c741809151fd8d0123d1dc_3153_right.jpg
4544,f71b44f753c94a40b5036baed63e1160,3154_left.jpg,~/ml4img/f4dficimg/dif_orid5k_balanced/3154_left.jpg,static/img/f71b44f753c94a40b5036baed63e1160_3154_left.jpg
4545,92b7e8d1e4f04e3abb94f753b9c545e8,3155_left.jpg,~/ml4img/f4dficimg/dif_orid5k_balanced/3155_left.jpg,static/img/92b7e8d1e4f04e3abb94f753b9c545e8_3155_left.jpg
4546,73bce6a81c584d8182a186cac65622cc,3156_left.jpg,~/ml4img/f4dficimg/dif_orid5k_balanced/3156_left.jpg,static/img/73bce6a81c584d8182a186cac65622cc_3156_left.jpg
4547,5168e7caf6254f6fa9e431939f3d5a97,3156_right.jpg,~/ml4img/f4dficimg/dif_orid5k_balanced/3156_right.jpg,static/img/5168e7caf6254f6fa9e431939f3d5a97_3156_right.jpg
4548,0d4ee5e7c33a464dbc1518875e23fb75,3157_right.jpg,~/ml4img/f4dficimg/dif_orid5k_balanced/3157_right.jpg,static/img/0d4ee5e7c33a464dbc1518875e23fb75_3157_right.jpg
4549,5aec7d2e4f4646cba1bc80cd6eabdd5c,3159_left.jpg,~/ml4img/f4dficimg/dif_orid5k_balanced/3159_left.jpg,static/img/5aec7d2e4f4646cba1bc80cd6eabdd5c_3159_left.jpg
4550,2f30b386488e4db3b92e492d8ec6e25c,3159_right.jpg,~/ml4img/f4dficimg/dif_orid5k_balanced/3159_right.jpg,static/img/2f30b386488e4db3b92e492d8ec6e25c_3159_right.jpg
4551,beb056ab129e4bf0bd43bf4ce8b7f690,3160_left.jpg,~/ml4img/f4dficimg/dif_orid5k_balanced/3160_left.jpg,static/img/beb056ab129e4bf0bd43bf4ce8b7f690_3160_left.jpg
4552,bd1460084536485d8239a61dbb847c33,3160_right.jpg,~/ml4img/f4dficimg/dif_orid5k_balanced/3160_right.jpg,static/img/bd1460084536485d8239a61dbb847c33_3160_right.jpg
4553,39143319c5be473db09ad9873cdaa695,3161_right.jpg,~/ml4img/f4dficimg/dif_orid5k_balanced/3161_right.jpg,static/img/39143319c5be473db09ad9873cdaa695_3161_right.jpg
4554,d5f7d20124a54496a837f7cde7fed30e,3162_left.jpg,~/ml4img/f4dficimg/dif_orid5k_balanced/3162_left.jpg,static/img/d5f7d20124a54496a837f7cde7fed30e_3162_left.jpg
4555,276cb7ecac0e42249e6d38958e2d9931,3163_right.jpg,~/ml4img/f4dficimg/dif_orid5k_balanced/3163_right.jpg,static/img/276cb7ecac0e42249e6d38958e2d9931_3163_right.jpg
4556,2795537ee4b54ce1915f3972d3d080c8,3166_left.jpg,~/ml4img/f4dficimg/dif_orid5k_balanced/3166_left.jpg,static/img/2795537ee4b54ce1915f3972d3d080c8_3166_left.jpg
4557,62944c2359b44256b3383902efff1af5,3166_right.jpg,~/ml4img/f4dficimg/dif_orid5k_balanced/3166_right.jpg,static/img/62944c2359b44256b3383902efff1af5_3166_right.jpg
4558,2e5745a14b8448118a80cb7beff26659,3167_right.jpg,~/ml4img/f4dficimg/dif_orid5k_balanced/3167_right.jpg,static/img/2e5745a14b8448118a80cb7beff26659_3167_right.jpg
4559,e0dbe3222e5d4e269c10df4fae0bba7f,3168_right.jpg,~/ml4img/f4dficimg/dif_orid5k_balanced/3168_right.jpg,static/img/e0dbe3222e5d4e269c10df4fae0bba7f_3168_right.jpg
4560,dd2c0557df0b45b890fc8955f7c12992,3169_right.jpg,~/ml4img/f4dficimg/dif_orid5k_balanced/3169_right.jpg,static/img/dd2c0557df0b45b890fc8955f7c12992_3169_right.jpg
4561,f1da84b6dbd4491994b019829564f783,3170_left.jpg,~/ml4img/f4dficimg/dif_orid5k_balanced/3170_left.jpg,static/img/f1da84b6dbd4491994b019829564f783_3170_left.jpg
4562,29e21133518e4100b74818e18db645a8,3170_right.jpg,~/ml4img/f4dficimg/dif_orid5k_balanced/3170_right.jpg,static/img/29e21133518e4100b74818e18db645a8_3170_right.jpg
4563,e5214ee0dcfe44f7a99cfd853ebc9b3d,3173_left.jpg,~/ml4img/f4dficimg/dif_orid5k_balanced/3173_left.jpg,static/img/e5214ee0dcfe44f7a99cfd853ebc9b3d_3173_left.jpg
4564,6e413dd18e724cd88ddd2ef51cb39d85,3176_left.jpg,~/ml4img/f4dficimg/dif_orid5k_balanced/3176_left.jpg,static/img/6e413dd18e724cd88ddd2ef51cb39d85_3176_left.jpg
4565,fa0b743933d64315b603b726b4923bb4,3177_left.jpg,~/ml4img/f4dficimg/dif_orid5k_balanced/3177_left.jpg,static/img/fa0b743933d64315b603b726b4923bb4_3177_left.jpg
4566,6cd4e7e711d84885a60b334174c80ee4,3178_left.jpg,~/ml4img/f4dficimg/dif_orid5k_balanced/3178_left.jpg,static/img/6cd4e7e711d84885a60b334174c80ee4_3178_left.jpg
4567,4ed7fdd7fc744ca4a9a4b24382b885a0,3179_right.jpg,~/ml4img/f4dficimg/dif_orid5k_balanced/3179_right.jpg,static/img/4ed7fdd7fc744ca4a9a4b24382b885a0_3179_right.jpg
4568,7916c40b32c64a639f54020a2a85ab86,3181_right.jpg,~/ml4img/f4dficimg/dif_orid5k_balanced/3181_right.jpg,static/img/7916c40b32c64a639f54020a2a85ab86_3181_right.jpg
4569,3e0096e1dc7a43dfab86cc090ff3391e,3182_right.jpg,~/ml4img/f4dficimg/dif_orid5k_balanced/3182_right.jpg,static/img/3e0096e1dc7a43dfab86cc090ff3391e_3182_right.jpg
4570,4407862f0d924926a3f134f7dc2843a3,3184_left.jpg,~/ml4img/f4dficimg/dif_orid5k_balanced/3184_left.jpg,static/img/4407862f0d924926a3f134f7dc2843a3_3184_left.jpg
4571,999adbfa476d42fa8846533dc3ed247d,3185_left.jpg,~/ml4img/f4dficimg/dif_orid5k_balanced/3185_left.jpg,static/img/999adbfa476d42fa8846533dc3ed247d_3185_left.jpg
4572,32ede89fb3d744f99227648bd1d7fb0a,3187_left.jpg,~/ml4img/f4dficimg/dif_orid5k_balanced/3187_left.jpg,static/img/32ede89fb3d744f99227648bd1d7fb0a_3187_left.jpg
4573,0c81d7c819984e1b8e97cbb3d75a1897,3188_left.jpg,~/ml4img/f4dficimg/dif_orid5k_balanced/3188_left.jpg,static/img/0c81d7c819984e1b8e97cbb3d75a1897_3188_left.jpg
4574,760a1ee0ddb54ee3b16940cfa480802b,3189_right.jpg,~/ml4img/f4dficimg/dif_orid5k_balanced/3189_right.jpg,static/img/760a1ee0ddb54ee3b16940cfa480802b_3189_right.jpg
4575,07b0891e201840389cfd91ab2be79d19,3191_right.jpg,~/ml4img/f4dficimg/dif_orid5k_balanced/3191_right.jpg,static/img/07b0891e201840389cfd91ab2be79d19_3191_right.jpg
4576,a2e84a6d6eed4fef94d9712d75177a32,3194_left.jpg,~/ml4img/f4dficimg/dif_orid5k_balanced/3194_left.jpg,static/img/a2e84a6d6eed4fef94d9712d75177a32_3194_left.jpg
4577,02d59c4d497a406b9b33ffec32aba17f,3197_left.jpg,~/ml4img/f4dficimg/dif_orid5k_balanced/3197_left.jpg,static/img/02d59c4d497a406b9b33ffec32aba17f_3197_left.jpg
4578,84a7dd6fd6a74da39a73ab67701ba01a,3200_right.jpg,~/ml4img/f4dficimg/dif_orid5k_balanced/3200_right.jpg,static/img/84a7dd6fd6a74da39a73ab67701ba01a_3200_right.jpg
4579,e5f2df9c06ba482fb1f2c0cdd3d3ff01,3201_left.jpg,~/ml4img/f4dficimg/dif_orid5k_balanced/3201_left.jpg,static/img/e5f2df9c06ba482fb1f2c0cdd3d3ff01_3201_left.jpg
4580,f39fb75d92804efab0e2110882e692a1,3201_right.jpg,~/ml4img/f4dficimg/dif_orid5k_balanced/3201_right.jpg,static/img/f39fb75d92804efab0e2110882e692a1_3201_right.jpg
4581,aa35825b615b4aa3b931a30ae3fcda1f,3202_right.jpg,~/ml4img/f4dficimg/dif_orid5k_balanced/3202_right.jpg,static/img/aa35825b615b4aa3b931a30ae3fcda1f_3202_right.jpg
4582,d362e99d90d64983b3cd9ffa81a9b241,3203_left.jpg,~/ml4img/f4dficimg/dif_orid5k_balanced/3203_left.jpg,static/img/d362e99d90d64983b3cd9ffa81a9b241_3203_left.jpg
4583,6b0ed22f3bac433fa087670e7e7f328a,3203_right.jpg,~/ml4img/f4dficimg/dif_orid5k_balanced/3203_right.jpg,static/img/6b0ed22f3bac433fa087670e7e7f328a_3203_right.jpg
4584,8995e679aa414d2a8c5de455221d133d,3204_left.jpg,~/ml4img/f4dficimg/dif_orid5k_balanced/3204_left.jpg,static/img/8995e679aa414d2a8c5de455221d133d_3204_left.jpg
4585,113ba683c15b4fc887f8ed92a17d187e,3205_right.jpg,~/ml4img/f4dficimg/dif_orid5k_balanced/3205_right.jpg,static/img/113ba683c15b4fc887f8ed92a17d187e_3205_right.jpg
4586,59b66b1237dc4443926616b584a1d548,3207_left.jpg,~/ml4img/f4dficimg/dif_orid5k_balanced/3207_left.jpg,static/img/59b66b1237dc4443926616b584a1d548_3207_left.jpg
4587,07fdcd4030a44e4b9dab11f62f49f0c1,3208_right.jpg,~/ml4img/f4dficimg/dif_orid5k_balanced/3208_right.jpg,static/img/07fdcd4030a44e4b9dab11f62f49f0c1_3208_right.jpg
4588,6178c56f20ce42488db95983a05f5f69,3210_left.jpg,~/ml4img/f4dficimg/dif_orid5k_balanced/3210_left.jpg,static/img/6178c56f20ce42488db95983a05f5f69_3210_left.jpg
4589,16ed6eb4733943be98831dfea521772d,3211_right.jpg,~/ml4img/f4dficimg/dif_orid5k_balanced/3211_right.jpg,static/img/16ed6eb4733943be98831dfea521772d_3211_right.jpg
4590,75d3018ab2fc44048475bfbb1e38ddb6,3212_left.jpg,~/ml4img/f4dficimg/dif_orid5k_balanced/3212_left.jpg,static/img/75d3018ab2fc44048475bfbb1e38ddb6_3212_left.jpg
4591,07c1482e0a654c71a0ef91261dc6900e,3212_right.jpg,~/ml4img/f4dficimg/dif_orid5k_balanced/3212_right.jpg,static/img/07c1482e0a654c71a0ef91261dc6900e_3212_right.jpg
4592,56d95e002b9e46af989e470c1af6d71f,3213_left.jpg,~/ml4img/f4dficimg/dif_orid5k_balanced/3213_left.jpg,static/img/56d95e002b9e46af989e470c1af6d71f_3213_left.jpg
4593,2cd12ae8dc3e440786ec38d5ac9a56b7,3213_right.jpg,~/ml4img/f4dficimg/dif_orid5k_balanced/3213_right.jpg,static/img/2cd12ae8dc3e440786ec38d5ac9a56b7_3213_right.jpg
4594,57807680f01f43e89ad0fe259613cd60,3214_left.jpg,~/ml4img/f4dficimg/dif_orid5k_balanced/3214_left.jpg,static/img/57807680f01f43e89ad0fe259613cd60_3214_left.jpg
4595,1daa7281ca5f433d8908300b80768ebf,3215_right.jpg,~/ml4img/f4dficimg/dif_orid5k_balanced/3215_right.jpg,static/img/1daa7281ca5f433d8908300b80768ebf_3215_right.jpg
4596,8a95065787ef48df9c106418f19e2d13,3216_right.jpg,~/ml4img/f4dficimg/dif_orid5k_balanced/3216_right.jpg,static/img/8a95065787ef48df9c106418f19e2d13_3216_right.jpg
4597,1ab324eb3f8848b7805eec2a78ea0707,3217_right.jpg,~/ml4img/f4dficimg/dif_orid5k_balanced/3217_right.jpg,static/img/1ab324eb3f8848b7805eec2a78ea0707_3217_right.jpg
4598,5bfc9bdec64e4fb499b17475097ee31c,3218_left.jpg,~/ml4img/f4dficimg/dif_orid5k_balanced/3218_left.jpg,static/img/5bfc9bdec64e4fb499b17475097ee31c_3218_left.jpg
4599,9560f1a28b014df0a9423324f0d6998e,3219_right.jpg,~/ml4img/f4dficimg/dif_orid5k_balanced/3219_right.jpg,static/img/9560f1a28b014df0a9423324f0d6998e_3219_right.jpg
4600,21ce55afe90249baa5fa363e9d2e07e9,3221_left.jpg,~/ml4img/f4dficimg/dif_orid5k_balanced/3221_left.jpg,static/img/21ce55afe90249baa5fa363e9d2e07e9_3221_left.jpg
4601,b310ed3e0cb147bc8f47b185883a1786,3223_left.jpg,~/ml4img/f4dficimg/dif_orid5k_balanced/3223_left.jpg,static/img/b310ed3e0cb147bc8f47b185883a1786_3223_left.jpg
4602,f1064045753b40138daa97400fe4d238,3225_left.jpg,~/ml4img/f4dficimg/dif_orid5k_balanced/3225_left.jpg,static/img/f1064045753b40138daa97400fe4d238_3225_left.jpg
4603,22199db7fbdd4ea0b1f354eabdfff0fb,3226_left.jpg,~/ml4img/f4dficimg/dif_orid5k_balanced/3226_left.jpg,static/img/22199db7fbdd4ea0b1f354eabdfff0fb_3226_left.jpg
4604,be5a0bbe11104303b1cfceec086517ca,3227_right.jpg,~/ml4img/f4dficimg/dif_orid5k_balanced/3227_right.jpg,static/img/be5a0bbe11104303b1cfceec086517ca_3227_right.jpg
4605,1bc4ab1e900b4885be9167d7d1ba9ce4,3228_right.jpg,~/ml4img/f4dficimg/dif_orid5k_balanced/3228_right.jpg,static/img/1bc4ab1e900b4885be9167d7d1ba9ce4_3228_right.jpg
4606,6129d38d5a8643cb8303812414f8088c,3229_left.jpg,~/ml4img/f4dficimg/dif_orid5k_balanced/3229_left.jpg,static/img/6129d38d5a8643cb8303812414f8088c_3229_left.jpg
4607,9268e3a26803484388b94d3a6a296b4c,3231_left.jpg,~/ml4img/f4dficimg/dif_orid5k_balanced/3231_left.jpg,static/img/9268e3a26803484388b94d3a6a296b4c_3231_left.jpg
4608,0db8288fc8b3487d8dd21bddb0bf950b,3231_right.jpg,~/ml4img/f4dficimg/dif_orid5k_balanced/3231_right.jpg,static/img/0db8288fc8b3487d8dd21bddb0bf950b_3231_right.jpg
4609,e65c6d766f014a7691e1c1141046a0ad,3232_right.jpg,~/ml4img/f4dficimg/dif_orid5k_balanced/3232_right.jpg,static/img/e65c6d766f014a7691e1c1141046a0ad_3232_right.jpg
4610,bda7cc6f4fbb49aea78a4e480d26c0ce,3234_left.jpg,~/ml4img/f4dficimg/dif_orid5k_balanced/3234_left.jpg,static/img/bda7cc6f4fbb49aea78a4e480d26c0ce_3234_left.jpg
4611,1ac5fcde905945b5b07dae580cb22378,3236_right.jpg,~/ml4img/f4dficimg/dif_orid5k_balanced/3236_right.jpg,static/img/1ac5fcde905945b5b07dae580cb22378_3236_right.jpg
4612,d4abe659375444db8a4dc85602aafd44,3240_right.jpg,~/ml4img/f4dficimg/dif_orid5k_balanced/3240_right.jpg,static/img/d4abe659375444db8a4dc85602aafd44_3240_right.jpg
4613,12fc46de9b7342908b1f63407d4d3774,3241_left.jpg,~/ml4img/f4dficimg/dif_orid5k_balanced/3241_left.jpg,static/img/12fc46de9b7342908b1f63407d4d3774_3241_left.jpg
4614,7b3381dd88614371b858d789ae2bc305,3243_left.jpg,~/ml4img/f4dficimg/dif_orid5k_balanced/3243_left.jpg,static/img/7b3381dd88614371b858d789ae2bc305_3243_left.jpg
4615,98fa5a03a3cd41cba09a208dc46c6259,3244_right.jpg,~/ml4img/f4dficimg/dif_orid5k_balanced/3244_right.jpg,static/img/98fa5a03a3cd41cba09a208dc46c6259_3244_right.jpg
4616,f6641833f1f543ad9c061898ec2303a9,3245_right.jpg,~/ml4img/f4dficimg/dif_orid5k_balanced/3245_right.jpg,static/img/f6641833f1f543ad9c061898ec2303a9_3245_right.jpg
4617,f727a65f1d76459dae9bd02ce9353684,3246_left.jpg,~/ml4img/f4dficimg/dif_orid5k_balanced/3246_left.jpg,static/img/f727a65f1d76459dae9bd02ce9353684_3246_left.jpg
4618,f921bf18f9ac4ea18de0882e92e97170,3246_right.jpg,~/ml4img/f4dficimg/dif_orid5k_balanced/3246_right.jpg,static/img/f921bf18f9ac4ea18de0882e92e97170_3246_right.jpg
4619,9388b21de40a491dae415907c018d226,3248_left.jpg,~/ml4img/f4dficimg/dif_orid5k_balanced/3248_left.jpg,static/img/9388b21de40a491dae415907c018d226_3248_left.jpg
4620,438e00d22b274865adbe7d54cbde65cc,3248_right.jpg,~/ml4img/f4dficimg/dif_orid5k_balanced/3248_right.jpg,static/img/438e00d22b274865adbe7d54cbde65cc_3248_right.jpg
4621,0f0dcf4394ff48feb40308799ba426c4,3250_right.jpg,~/ml4img/f4dficimg/dif_orid5k_balanced/3250_right.jpg,static/img/0f0dcf4394ff48feb40308799ba426c4_3250_right.jpg
4622,afae5547aef8453faafc9580d87906be,3251_left.jpg,~/ml4img/f4dficimg/dif_orid5k_balanced/3251_left.jpg,static/img/afae5547aef8453faafc9580d87906be_3251_left.jpg
4623,8c333c01c3a346b6b6a39283742d4fed,3252_left.jpg,~/ml4img/f4dficimg/dif_orid5k_balanced/3252_left.jpg,static/img/8c333c01c3a346b6b6a39283742d4fed_3252_left.jpg
4624,79916bd0396a4a549330548d26d070bd,3253_left.jpg,~/ml4img/f4dficimg/dif_orid5k_balanced/3253_left.jpg,static/img/79916bd0396a4a549330548d26d070bd_3253_left.jpg
4625,343276e43f304fff8ef20774648f219e,3253_right.jpg,~/ml4img/f4dficimg/dif_orid5k_balanced/3253_right.jpg,static/img/343276e43f304fff8ef20774648f219e_3253_right.jpg
4626,df28b0182dac4b80a4008f61932e5253,3254_left.jpg,~/ml4img/f4dficimg/dif_orid5k_balanced/3254_left.jpg,static/img/df28b0182dac4b80a4008f61932e5253_3254_left.jpg
4627,0426e39c6fe345fa9b69a453977ffe13,3254_right.jpg,~/ml4img/f4dficimg/dif_orid5k_balanced/3254_right.jpg,static/img/0426e39c6fe345fa9b69a453977ffe13_3254_right.jpg
4628,eacdd8661b834f938be8729efc3e19f7,3255_left.jpg,~/ml4img/f4dficimg/dif_orid5k_balanced/3255_left.jpg,static/img/eacdd8661b834f938be8729efc3e19f7_3255_left.jpg
4629,cb63c4159e7d42e09cbc2bf05c59fe5b,3255_right.jpg,~/ml4img/f4dficimg/dif_orid5k_balanced/3255_right.jpg,static/img/cb63c4159e7d42e09cbc2bf05c59fe5b_3255_right.jpg
4630,c25ec5e878bf466d85648404071b057e,3256_right.jpg,~/ml4img/f4dficimg/dif_orid5k_balanced/3256_right.jpg,static/img/c25ec5e878bf466d85648404071b057e_3256_right.jpg
4631,55b0a0a3826c41a6bc589a0414b70e1d,3257_left.jpg,~/ml4img/f4dficimg/dif_orid5k_balanced/3257_left.jpg,static/img/55b0a0a3826c41a6bc589a0414b70e1d_3257_left.jpg
4632,fbebe3a38b36413d97d93ceabefbdad5,3259_left.jpg,~/ml4img/f4dficimg/dif_orid5k_balanced/3259_left.jpg,static/img/fbebe3a38b36413d97d93ceabefbdad5_3259_left.jpg
4633,45af9fd3b35e40baa66d88ce48d1daf5,3261_right.jpg,~/ml4img/f4dficimg/dif_orid5k_balanced/3261_right.jpg,static/img/45af9fd3b35e40baa66d88ce48d1daf5_3261_right.jpg
4634,ce6d6cd1882542a59a3ffedb66dbaebf,3262_left.jpg,~/ml4img/f4dficimg/dif_orid5k_balanced/3262_left.jpg,static/img/ce6d6cd1882542a59a3ffedb66dbaebf_3262_left.jpg
4635,50bb49aa1e6d4618961bf969c3081123,3263_left.jpg,~/ml4img/f4dficimg/dif_orid5k_balanced/3263_left.jpg,static/img/50bb49aa1e6d4618961bf969c3081123_3263_left.jpg
4636,ecf74a02631a40b6a97bddea3cf123cd,3267_right.jpg,~/ml4img/f4dficimg/dif_orid5k_balanced/3267_right.jpg,static/img/ecf74a02631a40b6a97bddea3cf123cd_3267_right.jpg
4637,63fd7038a6c94eedb2ae3c0f39d9605b,3268_right.jpg,~/ml4img/f4dficimg/dif_orid5k_balanced/3268_right.jpg,static/img/63fd7038a6c94eedb2ae3c0f39d9605b_3268_right.jpg
4638,af7301d98cc74a71a0f7f665d5d6f114,3269_left.jpg,~/ml4img/f4dficimg/dif_orid5k_balanced/3269_left.jpg,static/img/af7301d98cc74a71a0f7f665d5d6f114_3269_left.jpg
4639,0dac2adb554848e5881a23faf6df4b05,3270_right.jpg,~/ml4img/f4dficimg/dif_orid5k_balanced/3270_right.jpg,static/img/0dac2adb554848e5881a23faf6df4b05_3270_right.jpg
4640,61de8b392ee743e0b659847912243702,3271_left.jpg,~/ml4img/f4dficimg/dif_orid5k_balanced/3271_left.jpg,static/img/61de8b392ee743e0b659847912243702_3271_left.jpg
4641,d39544334a444c81855b84fafaf47dec,3272_left.jpg,~/ml4img/f4dficimg/dif_orid5k_balanced/3272_left.jpg,static/img/d39544334a444c81855b84fafaf47dec_3272_left.jpg
4642,ea20dcf7b7ce401cbaf2a79cb56f8ee1,3272_right.jpg,~/ml4img/f4dficimg/dif_orid5k_balanced/3272_right.jpg,static/img/ea20dcf7b7ce401cbaf2a79cb56f8ee1_3272_right.jpg
4643,0bb8edcad71e4b0ea499673999255b1c,3273_left.jpg,~/ml4img/f4dficimg/dif_orid5k_balanced/3273_left.jpg,static/img/0bb8edcad71e4b0ea499673999255b1c_3273_left.jpg
4644,9cd879fe6122475c890545d870032873,3275_left.jpg,~/ml4img/f4dficimg/dif_orid5k_balanced/3275_left.jpg,static/img/9cd879fe6122475c890545d870032873_3275_left.jpg
4645,f66513bbb6ce412d9b1b4711dab93a19,3276_left.jpg,~/ml4img/f4dficimg/dif_orid5k_balanced/3276_left.jpg,static/img/f66513bbb6ce412d9b1b4711dab93a19_3276_left.jpg
4646,a1879ae042384c40a09ac64da81c07c4,3281_left.jpg,~/ml4img/f4dficimg/dif_orid5k_balanced/3281_left.jpg,static/img/a1879ae042384c40a09ac64da81c07c4_3281_left.jpg
4647,02a47166afc04e5589d6f060f1a05a6d,3282_left.jpg,~/ml4img/f4dficimg/dif_orid5k_balanced/3282_left.jpg,static/img/02a47166afc04e5589d6f060f1a05a6d_3282_left.jpg
4648,2b69b621189d4642a7125a4465bff66f,3283_right.jpg,~/ml4img/f4dficimg/dif_orid5k_balanced/3283_right.jpg,static/img/2b69b621189d4642a7125a4465bff66f_3283_right.jpg
4649,6b22217d91b34ba7882983b6b7720290,3284_left.jpg,~/ml4img/f4dficimg/dif_orid5k_balanced/3284_left.jpg,static/img/6b22217d91b34ba7882983b6b7720290_3284_left.jpg
4650,8dd38af334c541509dbf97690701284d,3285_left.jpg,~/ml4img/f4dficimg/dif_orid5k_balanced/3285_left.jpg,static/img/8dd38af334c541509dbf97690701284d_3285_left.jpg
4651,40e66b496d1e44fb962ae95aa8debfe8,3286_left.jpg,~/ml4img/f4dficimg/dif_orid5k_balanced/3286_left.jpg,static/img/40e66b496d1e44fb962ae95aa8debfe8_3286_left.jpg
4652,04d86f1235734b3290703a64d187f583,3287_left.jpg,~/ml4img/f4dficimg/dif_orid5k_balanced/3287_left.jpg,static/img/04d86f1235734b3290703a64d187f583_3287_left.jpg
4653,22b963bc2d2b4486b0372e641775e1a3,3287_right.jpg,~/ml4img/f4dficimg/dif_orid5k_balanced/3287_right.jpg,static/img/22b963bc2d2b4486b0372e641775e1a3_3287_right.jpg
4654,3c731e16468a428781b3c6802cef6fb0,3288_left.jpg,~/ml4img/f4dficimg/dif_orid5k_balanced/3288_left.jpg,static/img/3c731e16468a428781b3c6802cef6fb0_3288_left.jpg
4655,0444027545d64752b67c680a8ecca158,3289_right.jpg,~/ml4img/f4dficimg/dif_orid5k_balanced/3289_right.jpg,static/img/0444027545d64752b67c680a8ecca158_3289_right.jpg
4656,49e7ac2383e346fba3bcb9047dfd995a,3290_right.jpg,~/ml4img/f4dficimg/dif_orid5k_balanced/3290_right.jpg,static/img/49e7ac2383e346fba3bcb9047dfd995a_3290_right.jpg
4657,94a00568f1804348acd8e31fd502f940,3291_left.jpg,~/ml4img/f4dficimg/dif_orid5k_balanced/3291_left.jpg,static/img/94a00568f1804348acd8e31fd502f940_3291_left.jpg
4658,bfa3715b810c4d2fa5823a5588170e56,3293_left.jpg,~/ml4img/f4dficimg/dif_orid5k_balanced/3293_left.jpg,static/img/bfa3715b810c4d2fa5823a5588170e56_3293_left.jpg
4659,0a775005c8004779ba32fb1f2e2bd42a,3294_left.jpg,~/ml4img/f4dficimg/dif_orid5k_balanced/3294_left.jpg,static/img/0a775005c8004779ba32fb1f2e2bd42a_3294_left.jpg
4660,f61b3d10214448a7a6b415f28543e38d,3295_left.jpg,~/ml4img/f4dficimg/dif_orid5k_balanced/3295_left.jpg,static/img/f61b3d10214448a7a6b415f28543e38d_3295_left.jpg
4661,d00c16b94a3e448a881f2d8560596e0f,3296_left.jpg,~/ml4img/f4dficimg/dif_orid5k_balanced/3296_left.jpg,static/img/d00c16b94a3e448a881f2d8560596e0f_3296_left.jpg
4662,26e7ddf6bcce49c5849277b88dd42a3a,3297_left.jpg,~/ml4img/f4dficimg/dif_orid5k_balanced/3297_left.jpg,static/img/26e7ddf6bcce49c5849277b88dd42a3a_3297_left.jpg
4663,c957df993e184b04b16c09e365365406,3299_left.jpg,~/ml4img/f4dficimg/dif_orid5k_balanced/3299_left.jpg,static/img/c957df993e184b04b16c09e365365406_3299_left.jpg
4664,8e35a35d260e43079c468174ec4693dd,3299_right.jpg,~/ml4img/f4dficimg/dif_orid5k_balanced/3299_right.jpg,static/img/8e35a35d260e43079c468174ec4693dd_3299_right.jpg
4665,775ffc1ebba94fd2897ac72682c923ce,3302_right.jpg,~/ml4img/f4dficimg/dif_orid5k_balanced/3302_right.jpg,static/img/775ffc1ebba94fd2897ac72682c923ce_3302_right.jpg
4666,45297412e61648788acf78badbed4405,3303_left.jpg,~/ml4img/f4dficimg/dif_orid5k_balanced/3303_left.jpg,static/img/45297412e61648788acf78badbed4405_3303_left.jpg
4667,0ea54db7e688477c94abd5f27859b20d,3303_right.jpg,~/ml4img/f4dficimg/dif_orid5k_balanced/3303_right.jpg,static/img/0ea54db7e688477c94abd5f27859b20d_3303_right.jpg
4668,55a4e95028ba4b12bf20709b98315cbf,3304_right.jpg,~/ml4img/f4dficimg/dif_orid5k_balanced/3304_right.jpg,static/img/55a4e95028ba4b12bf20709b98315cbf_3304_right.jpg
4669,34e70e2198ca484bad65b4ca7c4ea397,3305_left.jpg,~/ml4img/f4dficimg/dif_orid5k_balanced/3305_left.jpg,static/img/34e70e2198ca484bad65b4ca7c4ea397_3305_left.jpg
4670,8c47ae4feadf4c6f83a1148ad8aadc0f,3305_right.jpg,~/ml4img/f4dficimg/dif_orid5k_balanced/3305_right.jpg,static/img/8c47ae4feadf4c6f83a1148ad8aadc0f_3305_right.jpg
4671,a0428bbf404b4715aaf8db7198c68fd4,3307_left.jpg,~/ml4img/f4dficimg/dif_orid5k_balanced/3307_left.jpg,static/img/a0428bbf404b4715aaf8db7198c68fd4_3307_left.jpg
4672,6d87a1e01ebe41feb887764913bbe2e3,3307_right.jpg,~/ml4img/f4dficimg/dif_orid5k_balanced/3307_right.jpg,static/img/6d87a1e01ebe41feb887764913bbe2e3_3307_right.jpg
4673,62940689b96443dab63592b61e038700,3309_left.jpg,~/ml4img/f4dficimg/dif_orid5k_balanced/3309_left.jpg,static/img/62940689b96443dab63592b61e038700_3309_left.jpg
4674,15a791567f8043d39cdc82da0387f02a,3309_right.jpg,~/ml4img/f4dficimg/dif_orid5k_balanced/3309_right.jpg,static/img/15a791567f8043d39cdc82da0387f02a_3309_right.jpg
4675,045acbaca5b745209ab5e31338a1b3ed,3310_right.jpg,~/ml4img/f4dficimg/dif_orid5k_balanced/3310_right.jpg,static/img/045acbaca5b745209ab5e31338a1b3ed_3310_right.jpg
4676,60176ab2825e4fdd9015e40646a0b41c,3312_left.jpg,~/ml4img/f4dficimg/dif_orid5k_balanced/3312_left.jpg,static/img/60176ab2825e4fdd9015e40646a0b41c_3312_left.jpg
4677,4e972e653378426aa10da016025392dd,3315_left.jpg,~/ml4img/f4dficimg/dif_orid5k_balanced/3315_left.jpg,static/img/4e972e653378426aa10da016025392dd_3315_left.jpg
4678,e1581dbbd97c4f1aa674026a5c10f64e,3316_right.jpg,~/ml4img/f4dficimg/dif_orid5k_balanced/3316_right.jpg,static/img/e1581dbbd97c4f1aa674026a5c10f64e_3316_right.jpg
4679,8b3413eb684849a48654f7dec8fed294,3317_right.jpg,~/ml4img/f4dficimg/dif_orid5k_balanced/3317_right.jpg,static/img/8b3413eb684849a48654f7dec8fed294_3317_right.jpg
4680,afcb400cd50940c787a5ea5f95acdba3,3318_left.jpg,~/ml4img/f4dficimg/dif_orid5k_balanced/3318_left.jpg,static/img/afcb400cd50940c787a5ea5f95acdba3_3318_left.jpg
4681,65a9c113e29b46a2980a36a3c9554bad,3320_right.jpg,~/ml4img/f4dficimg/dif_orid5k_balanced/3320_right.jpg,static/img/65a9c113e29b46a2980a36a3c9554bad_3320_right.jpg
4682,539fe91ba3134cce8b32dbf6030a7be2,3321_right.jpg,~/ml4img/f4dficimg/dif_orid5k_balanced/3321_right.jpg,static/img/539fe91ba3134cce8b32dbf6030a7be2_3321_right.jpg
4683,4b839f0519484178923e960e94996e83,3325_left.jpg,~/ml4img/f4dficimg/dif_orid5k_balanced/3325_left.jpg,static/img/4b839f0519484178923e960e94996e83_3325_left.jpg
4684,c23dbac6755d458ea3073e2db6a3c69e,3326_left.jpg,~/ml4img/f4dficimg/dif_orid5k_balanced/3326_left.jpg,static/img/c23dbac6755d458ea3073e2db6a3c69e_3326_left.jpg
4685,327405b76f1344b4bfdbe5f2646e3b47,3328_right.jpg,~/ml4img/f4dficimg/dif_orid5k_balanced/3328_right.jpg,static/img/327405b76f1344b4bfdbe5f2646e3b47_3328_right.jpg
4686,9cc69fedb53f44c29773637834bf3e0d,3329_left.jpg,~/ml4img/f4dficimg/dif_orid5k_balanced/3329_left.jpg,static/img/9cc69fedb53f44c29773637834bf3e0d_3329_left.jpg
4687,5b709e81cd764b9589c41d37e4da0c1f,3329_right.jpg,~/ml4img/f4dficimg/dif_orid5k_balanced/3329_right.jpg,static/img/5b709e81cd764b9589c41d37e4da0c1f_3329_right.jpg
4688,f8141562d6a04cb5b6fbd1ca83075ce9,3330_left.jpg,~/ml4img/f4dficimg/dif_orid5k_balanced/3330_left.jpg,static/img/f8141562d6a04cb5b6fbd1ca83075ce9_3330_left.jpg
4689,ee679a2281f54fb1800fdd02153fd613,3332_right.jpg,~/ml4img/f4dficimg/dif_orid5k_balanced/3332_right.jpg,static/img/ee679a2281f54fb1800fdd02153fd613_3332_right.jpg
4690,c3dc8e9cc08e4ea39b6647b4948454e1,3333_left.jpg,~/ml4img/f4dficimg/dif_orid5k_balanced/3333_left.jpg,static/img/c3dc8e9cc08e4ea39b6647b4948454e1_3333_left.jpg
4691,f5279f9237864b258cd3c41b7d2a20f9,3336_right.jpg,~/ml4img/f4dficimg/dif_orid5k_balanced/3336_right.jpg,static/img/f5279f9237864b258cd3c41b7d2a20f9_3336_right.jpg
4692,7a982575f40d41b497c1d6c56db88a72,3337_left.jpg,~/ml4img/f4dficimg/dif_orid5k_balanced/3337_left.jpg,static/img/7a982575f40d41b497c1d6c56db88a72_3337_left.jpg
4693,71fa7ece63df452e9287e22de09e2e3d,3338_left.jpg,~/ml4img/f4dficimg/dif_orid5k_balanced/3338_left.jpg,static/img/71fa7ece63df452e9287e22de09e2e3d_3338_left.jpg
4694,63eceb0ae0ac43f287a83f6e326deb52,3340_right.jpg,~/ml4img/f4dficimg/dif_orid5k_balanced/3340_right.jpg,static/img/63eceb0ae0ac43f287a83f6e326deb52_3340_right.jpg
4695,a3b4077d44704c27ae47d4b9d579f01d,3341_right.jpg,~/ml4img/f4dficimg/dif_orid5k_balanced/3341_right.jpg,static/img/a3b4077d44704c27ae47d4b9d579f01d_3341_right.jpg
4696,1568ac27803144b9a40bf073f1bc9994,3342_right.jpg,~/ml4img/f4dficimg/dif_orid5k_balanced/3342_right.jpg,static/img/1568ac27803144b9a40bf073f1bc9994_3342_right.jpg
4697,9f7e498169274c309303efabdfde2a00,3343_right.jpg,~/ml4img/f4dficimg/dif_orid5k_balanced/3343_right.jpg,static/img/9f7e498169274c309303efabdfde2a00_3343_right.jpg
4698,a0d751bea12b45b68fd950c820b463f5,3345_right.jpg,~/ml4img/f4dficimg/dif_orid5k_balanced/3345_right.jpg,static/img/a0d751bea12b45b68fd950c820b463f5_3345_right.jpg
4699,b77dae617b554ab9840edbb458dec9b3,3346_right.jpg,~/ml4img/f4dficimg/dif_orid5k_balanced/3346_right.jpg,static/img/b77dae617b554ab9840edbb458dec9b3_3346_right.jpg
4700,78f4fde4021c4d3ca24180b026c63e23,3347_left.jpg,~/ml4img/f4dficimg/dif_orid5k_balanced/3347_left.jpg,static/img/78f4fde4021c4d3ca24180b026c63e23_3347_left.jpg
4701,52951defebca457681252ac709057657,3348_right.jpg,~/ml4img/f4dficimg/dif_orid5k_balanced/3348_right.jpg,static/img/52951defebca457681252ac709057657_3348_right.jpg
4702,00b80f4dcd084b6788d3f20fcdca2340,3350_right.jpg,~/ml4img/f4dficimg/dif_orid5k_balanced/3350_right.jpg,static/img/00b80f4dcd084b6788d3f20fcdca2340_3350_right.jpg
4703,61fae40603dc47eb908d2581295d467c,3352_right.jpg,~/ml4img/f4dficimg/dif_orid5k_balanced/3352_right.jpg,static/img/61fae40603dc47eb908d2581295d467c_3352_right.jpg
4704,0de543f6ee0c44dba04f468e66d1668a,3353_left.jpg,~/ml4img/f4dficimg/dif_orid5k_balanced/3353_left.jpg,static/img/0de543f6ee0c44dba04f468e66d1668a_3353_left.jpg
4705,6a67daf3601c457f81988d20f5c2177e,3353_right.jpg,~/ml4img/f4dficimg/dif_orid5k_balanced/3353_right.jpg,static/img/6a67daf3601c457f81988d20f5c2177e_3353_right.jpg
4706,6dae7cd8a81e4a1dac2a128438652a43,3355_left.jpg,~/ml4img/f4dficimg/dif_orid5k_balanced/3355_left.jpg,static/img/6dae7cd8a81e4a1dac2a128438652a43_3355_left.jpg
4707,92869f973e3d467192d0725e43b5f76a,3356_left.jpg,~/ml4img/f4dficimg/dif_orid5k_balanced/3356_left.jpg,static/img/92869f973e3d467192d0725e43b5f76a_3356_left.jpg
4708,d91ac436a9a34eff97d37ffa352afda2,3357_right.jpg,~/ml4img/f4dficimg/dif_orid5k_balanced/3357_right.jpg,static/img/d91ac436a9a34eff97d37ffa352afda2_3357_right.jpg
4709,4b11c9f2de9a4cdcad286f219d957025,3358_left.jpg,~/ml4img/f4dficimg/dif_orid5k_balanced/3358_left.jpg,static/img/4b11c9f2de9a4cdcad286f219d957025_3358_left.jpg
4710,0b67b5ce3aeb45a685156cb8eddca6ad,3360_left.jpg,~/ml4img/f4dficimg/dif_orid5k_balanced/3360_left.jpg,static/img/0b67b5ce3aeb45a685156cb8eddca6ad_3360_left.jpg
4711,234cc1608e634577a3342bfea0d1f348,3361_left.jpg,~/ml4img/f4dficimg/dif_orid5k_balanced/3361_left.jpg,static/img/234cc1608e634577a3342bfea0d1f348_3361_left.jpg
4712,f59b94b9051d497a96848b667c8a2eb9,3361_right.jpg,~/ml4img/f4dficimg/dif_orid5k_balanced/3361_right.jpg,static/img/f59b94b9051d497a96848b667c8a2eb9_3361_right.jpg
4713,34cd72ec266345258e74c9f9ded52cf0,3362_left.jpg,~/ml4img/f4dficimg/dif_orid5k_balanced/3362_left.jpg,static/img/34cd72ec266345258e74c9f9ded52cf0_3362_left.jpg
4714,64fde4aca450477d899fdaf836209272,3362_right.jpg,~/ml4img/f4dficimg/dif_orid5k_balanced/3362_right.jpg,static/img/64fde4aca450477d899fdaf836209272_3362_right.jpg
4715,0883f65fcad8427a907cfdad2a621cc3,3363_right.jpg,~/ml4img/f4dficimg/dif_orid5k_balanced/3363_right.jpg,static/img/0883f65fcad8427a907cfdad2a621cc3_3363_right.jpg
4716,f414da898822433ba0f7d25aee1eb3dd,3364_left.jpg,~/ml4img/f4dficimg/dif_orid5k_balanced/3364_left.jpg,static/img/f414da898822433ba0f7d25aee1eb3dd_3364_left.jpg
4717,0e7cd5d7ee9b49b48b85bfa17d497873,3365_left.jpg,~/ml4img/f4dficimg/dif_orid5k_balanced/3365_left.jpg,static/img/0e7cd5d7ee9b49b48b85bfa17d497873_3365_left.jpg
4718,19708eb8e59946fe8354a2e5fb7a2237,3366_right.jpg,~/ml4img/f4dficimg/dif_orid5k_balanced/3366_right.jpg,static/img/19708eb8e59946fe8354a2e5fb7a2237_3366_right.jpg
4719,0e0e7baa1cbf461a9bd28a1106a43a60,3367_left.jpg,~/ml4img/f4dficimg/dif_orid5k_balanced/3367_left.jpg,static/img/0e0e7baa1cbf461a9bd28a1106a43a60_3367_left.jpg
4720,3f56de0eb3b2457ab7bc9ca218fc0a84,3368_right.jpg,~/ml4img/f4dficimg/dif_orid5k_balanced/3368_right.jpg,static/img/3f56de0eb3b2457ab7bc9ca218fc0a84_3368_right.jpg
4721,1d24e3da275849e79ba2d296f57061cb,3369_left.jpg,~/ml4img/f4dficimg/dif_orid5k_balanced/3369_left.jpg,static/img/1d24e3da275849e79ba2d296f57061cb_3369_left.jpg
4722,b842d992bace44c998e810c7d2ff7e19,3370_right.jpg,~/ml4img/f4dficimg/dif_orid5k_balanced/3370_right.jpg,static/img/b842d992bace44c998e810c7d2ff7e19_3370_right.jpg
4723,e8f91188331d4630822faaef6d624344,3371_left.jpg,~/ml4img/f4dficimg/dif_orid5k_balanced/3371_left.jpg,static/img/e8f91188331d4630822faaef6d624344_3371_left.jpg
4724,bba86fc149144cca8900159e367802a0,3371_right.jpg,~/ml4img/f4dficimg/dif_orid5k_balanced/3371_right.jpg,static/img/bba86fc149144cca8900159e367802a0_3371_right.jpg
4725,f1e1ef67b544490e8d35d50c2cb7e4db,3372_right.jpg,~/ml4img/f4dficimg/dif_orid5k_balanced/3372_right.jpg,static/img/f1e1ef67b544490e8d35d50c2cb7e4db_3372_right.jpg
4726,10f0b65ea39547aaa03d4b4762469c64,3373_right.jpg,~/ml4img/f4dficimg/dif_orid5k_balanced/3373_right.jpg,static/img/10f0b65ea39547aaa03d4b4762469c64_3373_right.jpg
4727,dfb9f97bd4cc455a94e4e773ad9f8e15,3376_right.jpg,~/ml4img/f4dficimg/dif_orid5k_balanced/3376_right.jpg,static/img/dfb9f97bd4cc455a94e4e773ad9f8e15_3376_right.jpg
4728,76d79eea9c644c00b3ba0f00e054bcab,3377_left.jpg,~/ml4img/f4dficimg/dif_orid5k_balanced/3377_left.jpg,static/img/76d79eea9c644c00b3ba0f00e054bcab_3377_left.jpg
4729,a366a2dc163f4d81918a3a8ad79a95f4,3379_right.jpg,~/ml4img/f4dficimg/dif_orid5k_balanced/3379_right.jpg,static/img/a366a2dc163f4d81918a3a8ad79a95f4_3379_right.jpg
4730,40510fe022964243a88531a938eb6463,3380_right.jpg,~/ml4img/f4dficimg/dif_orid5k_balanced/3380_right.jpg,static/img/40510fe022964243a88531a938eb6463_3380_right.jpg
4731,f49d8b7d41324323b8b6df2fac7ec3b1,3382_left.jpg,~/ml4img/f4dficimg/dif_orid5k_balanced/3382_left.jpg,static/img/f49d8b7d41324323b8b6df2fac7ec3b1_3382_left.jpg
4732,674bb8dfdd094b6da694e283c1194822,3384_left.jpg,~/ml4img/f4dficimg/dif_orid5k_balanced/3384_left.jpg,static/img/674bb8dfdd094b6da694e283c1194822_3384_left.jpg
4733,e2bc0238ca0143759f2a2a3aa284e646,3384_right.jpg,~/ml4img/f4dficimg/dif_orid5k_balanced/3384_right.jpg,static/img/e2bc0238ca0143759f2a2a3aa284e646_3384_right.jpg
4734,32115bc697da492bbf5ba9093615afad,3385_right.jpg,~/ml4img/f4dficimg/dif_orid5k_balanced/3385_right.jpg,static/img/32115bc697da492bbf5ba9093615afad_3385_right.jpg
4735,423c94cfe6364fbda3b1000519397df9,3386_right.jpg,~/ml4img/f4dficimg/dif_orid5k_balanced/3386_right.jpg,static/img/423c94cfe6364fbda3b1000519397df9_3386_right.jpg
4736,34f0f45e4d6a4e8899c6f8758c39ece2,3387_left.jpg,~/ml4img/f4dficimg/dif_orid5k_balanced/3387_left.jpg,static/img/34f0f45e4d6a4e8899c6f8758c39ece2_3387_left.jpg
4737,6dfac4c7c01643d29635619aa3dcee98,3387_right.jpg,~/ml4img/f4dficimg/dif_orid5k_balanced/3387_right.jpg,static/img/6dfac4c7c01643d29635619aa3dcee98_3387_right.jpg
4738,406c754c5582414a91d21065858d77fc,3388_right.jpg,~/ml4img/f4dficimg/dif_orid5k_balanced/3388_right.jpg,static/img/406c754c5582414a91d21065858d77fc_3388_right.jpg
4739,301f0f6b2dad4b3f9036b2ca8a15f709,3389_right.jpg,~/ml4img/f4dficimg/dif_orid5k_balanced/3389_right.jpg,static/img/301f0f6b2dad4b3f9036b2ca8a15f709_3389_right.jpg
4740,fedf7f00c5084e5e8faf981501899e86,3390_left.jpg,~/ml4img/f4dficimg/dif_orid5k_balanced/3390_left.jpg,static/img/fedf7f00c5084e5e8faf981501899e86_3390_left.jpg
4741,a4647e410678449993858001d87a27a3,3390_right.jpg,~/ml4img/f4dficimg/dif_orid5k_balanced/3390_right.jpg,static/img/a4647e410678449993858001d87a27a3_3390_right.jpg
4742,ac44aa492e8a4c74a3a358509d404e1d,3391_right.jpg,~/ml4img/f4dficimg/dif_orid5k_balanced/3391_right.jpg,static/img/ac44aa492e8a4c74a3a358509d404e1d_3391_right.jpg
4743,e7fa9e4044924ca692b2fbe5a97919ae,3393_left.jpg,~/ml4img/f4dficimg/dif_orid5k_balanced/3393_left.jpg,static/img/e7fa9e4044924ca692b2fbe5a97919ae_3393_left.jpg
4744,f30305c892a54ec6a5757786f80f65c8,3398_left.jpg,~/ml4img/f4dficimg/dif_orid5k_balanced/3398_left.jpg,static/img/f30305c892a54ec6a5757786f80f65c8_3398_left.jpg
4745,a41df204646745be98603f8948ff844b,3399_left.jpg,~/ml4img/f4dficimg/dif_orid5k_balanced/3399_left.jpg,static/img/a41df204646745be98603f8948ff844b_3399_left.jpg
4746,911839f4de544d2d9ff7f2bd2fc342cf,3400_left.jpg,~/ml4img/f4dficimg/dif_orid5k_balanced/3400_left.jpg,static/img/911839f4de544d2d9ff7f2bd2fc342cf_3400_left.jpg
4747,34a0ebf03b164496af4875276a52f1a8,3401_left.jpg,~/ml4img/f4dficimg/dif_orid5k_balanced/3401_left.jpg,static/img/34a0ebf03b164496af4875276a52f1a8_3401_left.jpg
4748,a263d12f91d840ebba0f8b7e52b5f1d4,3404_left.jpg,~/ml4img/f4dficimg/dif_orid5k_balanced/3404_left.jpg,static/img/a263d12f91d840ebba0f8b7e52b5f1d4_3404_left.jpg
4749,67ac820e6d4346efabd0d510609601d2,3405_left.jpg,~/ml4img/f4dficimg/dif_orid5k_balanced/3405_left.jpg,static/img/67ac820e6d4346efabd0d510609601d2_3405_left.jpg
4750,3cd985f5d46f407bbd8aad830d34ebfa,3406_left.jpg,~/ml4img/f4dficimg/dif_orid5k_balanced/3406_left.jpg,static/img/3cd985f5d46f407bbd8aad830d34ebfa_3406_left.jpg
4751,0d93d85826b14bafbb86281a65852c4f,3406_right.jpg,~/ml4img/f4dficimg/dif_orid5k_balanced/3406_right.jpg,static/img/0d93d85826b14bafbb86281a65852c4f_3406_right.jpg
4752,1bfb01a0f2e74f8bab9b4a71489eafb3,3407_right.jpg,~/ml4img/f4dficimg/dif_orid5k_balanced/3407_right.jpg,static/img/1bfb01a0f2e74f8bab9b4a71489eafb3_3407_right.jpg
4753,744d3ef85bf24a29ada6f7d7a0b1a192,3408_left.jpg,~/ml4img/f4dficimg/dif_orid5k_balanced/3408_left.jpg,static/img/744d3ef85bf24a29ada6f7d7a0b1a192_3408_left.jpg
4754,b8ae19db152d41a0a6f5d2167cb683fd,3408_right.jpg,~/ml4img/f4dficimg/dif_orid5k_balanced/3408_right.jpg,static/img/b8ae19db152d41a0a6f5d2167cb683fd_3408_right.jpg
4755,e23e59915bd4479c8edc50016c944e2e,3410_right.jpg,~/ml4img/f4dficimg/dif_orid5k_balanced/3410_right.jpg,static/img/e23e59915bd4479c8edc50016c944e2e_3410_right.jpg
4756,14ac1e3071c74d05962142ed7746d91b,3411_left.jpg,~/ml4img/f4dficimg/dif_orid5k_balanced/3411_left.jpg,static/img/14ac1e3071c74d05962142ed7746d91b_3411_left.jpg
4757,0bc3d924f7a44964aa52cbb05f4dbfe5,3412_left.jpg,~/ml4img/f4dficimg/dif_orid5k_balanced/3412_left.jpg,static/img/0bc3d924f7a44964aa52cbb05f4dbfe5_3412_left.jpg
4758,3e4625fe9b9d499b80162759a710bfc0,3412_right.jpg,~/ml4img/f4dficimg/dif_orid5k_balanced/3412_right.jpg,static/img/3e4625fe9b9d499b80162759a710bfc0_3412_right.jpg
4759,7e2c87cafbfa45dda5f7c7f53a0e705b,3414_left.jpg,~/ml4img/f4dficimg/dif_orid5k_balanced/3414_left.jpg,static/img/7e2c87cafbfa45dda5f7c7f53a0e705b_3414_left.jpg
4760,0c16c448ee2f49a58926f424eea04c38,3415_left.jpg,~/ml4img/f4dficimg/dif_orid5k_balanced/3415_left.jpg,static/img/0c16c448ee2f49a58926f424eea04c38_3415_left.jpg
4761,d6a27aa762dc478aab98dd571d9fb4ed,3415_right.jpg,~/ml4img/f4dficimg/dif_orid5k_balanced/3415_right.jpg,static/img/d6a27aa762dc478aab98dd571d9fb4ed_3415_right.jpg
4762,b0573e5846bd4f89b7a11be90b0b0ad8,3416_right.jpg,~/ml4img/f4dficimg/dif_orid5k_balanced/3416_right.jpg,static/img/b0573e5846bd4f89b7a11be90b0b0ad8_3416_right.jpg
4763,4854f6a1275942cd882a307f22435815,3417_left.jpg,~/ml4img/f4dficimg/dif_orid5k_balanced/3417_left.jpg,static/img/4854f6a1275942cd882a307f22435815_3417_left.jpg
4764,996b4892ba54400582017b313a597221,3417_right.jpg,~/ml4img/f4dficimg/dif_orid5k_balanced/3417_right.jpg,static/img/996b4892ba54400582017b313a597221_3417_right.jpg
4765,ff93c96f70504a158f2b350b5e7f7449,3419_left.jpg,~/ml4img/f4dficimg/dif_orid5k_balanced/3419_left.jpg,static/img/ff93c96f70504a158f2b350b5e7f7449_3419_left.jpg
4766,87bb4e923b1e48dea45f8fc5b4147bdc,3419_right.jpg,~/ml4img/f4dficimg/dif_orid5k_balanced/3419_right.jpg,static/img/87bb4e923b1e48dea45f8fc5b4147bdc_3419_right.jpg
4767,6f219366e4d04db6b7ca305b9985f9b9,3420_right.jpg,~/ml4img/f4dficimg/dif_orid5k_balanced/3420_right.jpg,static/img/6f219366e4d04db6b7ca305b9985f9b9_3420_right.jpg
4768,bb202e8e940944a9bc92f189c479aae4,3423_right.jpg,~/ml4img/f4dficimg/dif_orid5k_balanced/3423_right.jpg,static/img/bb202e8e940944a9bc92f189c479aae4_3423_right.jpg
4769,75b97442d6ee4c02b61f2b9cb639318a,3424_left.jpg,~/ml4img/f4dficimg/dif_orid5k_balanced/3424_left.jpg,static/img/75b97442d6ee4c02b61f2b9cb639318a_3424_left.jpg
4770,1176ae31026e4165aab62073c86e9dfb,3425_right.jpg,~/ml4img/f4dficimg/dif_orid5k_balanced/3425_right.jpg,static/img/1176ae31026e4165aab62073c86e9dfb_3425_right.jpg
4771,1536eccaaef542b8b4a2fa183240a530,3426_left.jpg,~/ml4img/f4dficimg/dif_orid5k_balanced/3426_left.jpg,static/img/1536eccaaef542b8b4a2fa183240a530_3426_left.jpg
4772,5ed78a1d27264875807dc824094b098a,3427_right.jpg,~/ml4img/f4dficimg/dif_orid5k_balanced/3427_right.jpg,static/img/5ed78a1d27264875807dc824094b098a_3427_right.jpg
4773,354f7bafa0b04e7e83d4eca58687b10e,3429_right.jpg,~/ml4img/f4dficimg/dif_orid5k_balanced/3429_right.jpg,static/img/354f7bafa0b04e7e83d4eca58687b10e_3429_right.jpg
4774,d39a47ce21fc4fc4a1460b23bf8f985d,3430_right.jpg,~/ml4img/f4dficimg/dif_orid5k_balanced/3430_right.jpg,static/img/d39a47ce21fc4fc4a1460b23bf8f985d_3430_right.jpg
4775,204c546a7aed4250a264c061e93cf5d3,3432_left.jpg,~/ml4img/f4dficimg/dif_orid5k_balanced/3432_left.jpg,static/img/204c546a7aed4250a264c061e93cf5d3_3432_left.jpg
4776,c1557b01ae7f4ea5a81359b681045104,3432_right.jpg,~/ml4img/f4dficimg/dif_orid5k_balanced/3432_right.jpg,static/img/c1557b01ae7f4ea5a81359b681045104_3432_right.jpg
4777,81ad00955aad4ceea8d32b3ef62265ad,3433_right.jpg,~/ml4img/f4dficimg/dif_orid5k_balanced/3433_right.jpg,static/img/81ad00955aad4ceea8d32b3ef62265ad_3433_right.jpg
4778,fd82471dae684c84a7c764e7c5b34d90,3434_right.jpg,~/ml4img/f4dficimg/dif_orid5k_balanced/3434_right.jpg,static/img/fd82471dae684c84a7c764e7c5b34d90_3434_right.jpg
4779,ec53c36af5b24319a1abacb6a06c9aa7,3435_left.jpg,~/ml4img/f4dficimg/dif_orid5k_balanced/3435_left.jpg,static/img/ec53c36af5b24319a1abacb6a06c9aa7_3435_left.jpg
4780,d5740adf5dec4ecb9ff82fae1c6456b0,3437_left.jpg,~/ml4img/f4dficimg/dif_orid5k_balanced/3437_left.jpg,static/img/d5740adf5dec4ecb9ff82fae1c6456b0_3437_left.jpg
4781,829edbdc36ce4a058394c301eaa7072b,3437_right.jpg,~/ml4img/f4dficimg/dif_orid5k_balanced/3437_right.jpg,static/img/829edbdc36ce4a058394c301eaa7072b_3437_right.jpg
4782,8afa2cf1b02e453ba4ff95f5864c7bea,3438_right.jpg,~/ml4img/f4dficimg/dif_orid5k_balanced/3438_right.jpg,static/img/8afa2cf1b02e453ba4ff95f5864c7bea_3438_right.jpg
4783,f7c7e5b620de4e8598b4bc6b1fb89ded,3440_left.jpg,~/ml4img/f4dficimg/dif_orid5k_balanced/3440_left.jpg,static/img/f7c7e5b620de4e8598b4bc6b1fb89ded_3440_left.jpg
4784,66b9f66b0b1945ab8145df1186ec1862,3442_left.jpg,~/ml4img/f4dficimg/dif_orid5k_balanced/3442_left.jpg,static/img/66b9f66b0b1945ab8145df1186ec1862_3442_left.jpg
4785,129ae997c8b24e449f905f228ee9a7ce,3444_right.jpg,~/ml4img/f4dficimg/dif_orid5k_balanced/3444_right.jpg,static/img/129ae997c8b24e449f905f228ee9a7ce_3444_right.jpg
4786,e777bcf95cd34fecb4b686d7a13fcaec,3446_left.jpg,~/ml4img/f4dficimg/dif_orid5k_balanced/3446_left.jpg,static/img/e777bcf95cd34fecb4b686d7a13fcaec_3446_left.jpg
4787,8bafb7e2e36a427fbb7fde84b77690cd,3448_left.jpg,~/ml4img/f4dficimg/dif_orid5k_balanced/3448_left.jpg,static/img/8bafb7e2e36a427fbb7fde84b77690cd_3448_left.jpg
4788,83483316263f45eeacabf242132056ed,3485_left.jpg,~/ml4img/f4dficimg/dif_orid5k_balanced/3485_left.jpg,static/img/83483316263f45eeacabf242132056ed_3485_left.jpg
4789,ac798f76904247b594d8279de9678a26,3485_right.jpg,~/ml4img/f4dficimg/dif_orid5k_balanced/3485_right.jpg,static/img/ac798f76904247b594d8279de9678a26_3485_right.jpg
4790,b8ad845457c941539edc004b38250395,3935_right.jpg,~/ml4img/f4dficimg/dif_orid5k_balanced/3935_right.jpg,static/img/b8ad845457c941539edc004b38250395_3935_right.jpg
4791,f87e6c978b8641bfb91c8ac30048a2e4,3936_right.jpg,~/ml4img/f4dficimg/dif_orid5k_balanced/3936_right.jpg,static/img/f87e6c978b8641bfb91c8ac30048a2e4_3936_right.jpg
4792,d95720d49f6d46b9a5798527203381d3,3937_right.jpg,~/ml4img/f4dficimg/dif_orid5k_balanced/3937_right.jpg,static/img/d95720d49f6d46b9a5798527203381d3_3937_right.jpg
4793,09138b930abb447b913536ea35f1cb77,3938_left.jpg,~/ml4img/f4dficimg/dif_orid5k_balanced/3938_left.jpg,static/img/09138b930abb447b913536ea35f1cb77_3938_left.jpg
4794,d3c5500f7c004f1eab8f22442b714106,3938_right.jpg,~/ml4img/f4dficimg/dif_orid5k_balanced/3938_right.jpg,static/img/d3c5500f7c004f1eab8f22442b714106_3938_right.jpg
4795,a1e1a1e820f741d4ba306f6f26c52472,3941_left.jpg,~/ml4img/f4dficimg/dif_orid5k_balanced/3941_left.jpg,static/img/a1e1a1e820f741d4ba306f6f26c52472_3941_left.jpg
4796,513daf9b055849448f77e79db0839aca,3943_left.jpg,~/ml4img/f4dficimg/dif_orid5k_balanced/3943_left.jpg,static/img/513daf9b055849448f77e79db0839aca_3943_left.jpg
4797,596a49405f814ce88962313f744f5ec8,3943_right.jpg,~/ml4img/f4dficimg/dif_orid5k_balanced/3943_right.jpg,static/img/596a49405f814ce88962313f744f5ec8_3943_right.jpg
4798,6faba3b670f34375b32ea4a2de0dc089,3944_left.jpg,~/ml4img/f4dficimg/dif_orid5k_balanced/3944_left.jpg,static/img/6faba3b670f34375b32ea4a2de0dc089_3944_left.jpg
4799,4fa8b64edd4846f5ab2f63da77de75e1,3944_right.jpg,~/ml4img/f4dficimg/dif_orid5k_balanced/3944_right.jpg,static/img/4fa8b64edd4846f5ab2f63da77de75e1_3944_right.jpg
4800,5893c5d441044b09929506f1b66b52e7,3945_left.jpg,~/ml4img/f4dficimg/dif_orid5k_balanced/3945_left.jpg,static/img/5893c5d441044b09929506f1b66b52e7_3945_left.jpg
4801,37b3a98755f148258d3efb3e9aa3e564,3946_right.jpg,~/ml4img/f4dficimg/dif_orid5k_balanced/3946_right.jpg,static/img/37b3a98755f148258d3efb3e9aa3e564_3946_right.jpg
4802,660b05e7d48a440283536824727b3d55,3948_right.jpg,~/ml4img/f4dficimg/dif_orid5k_balanced/3948_right.jpg,static/img/660b05e7d48a440283536824727b3d55_3948_right.jpg
4803,097d4cae96e640b697c13acec9e524a8,3951_left.jpg,~/ml4img/f4dficimg/dif_orid5k_balanced/3951_left.jpg,static/img/097d4cae96e640b697c13acec9e524a8_3951_left.jpg
4804,5f87be0adb724ff79605beb0c9751880,3952_left.jpg,~/ml4img/f4dficimg/dif_orid5k_balanced/3952_left.jpg,static/img/5f87be0adb724ff79605beb0c9751880_3952_left.jpg
4805,05b478870f564e1f86b91871dd194b9a,3954_right.jpg,~/ml4img/f4dficimg/dif_orid5k_balanced/3954_right.jpg,static/img/05b478870f564e1f86b91871dd194b9a_3954_right.jpg
4806,f9d585e592684cfca1277941db31289a,3955_left.jpg,~/ml4img/f4dficimg/dif_orid5k_balanced/3955_left.jpg,static/img/f9d585e592684cfca1277941db31289a_3955_left.jpg
4807,3284a6cd33684da7b0d8cd3d8a0cc0f2,3956_left.jpg,~/ml4img/f4dficimg/dif_orid5k_balanced/3956_left.jpg,static/img/3284a6cd33684da7b0d8cd3d8a0cc0f2_3956_left.jpg
4808,095bbf379b164fdca0e5fa16fac6c98e,3956_right.jpg,~/ml4img/f4dficimg/dif_orid5k_balanced/3956_right.jpg,static/img/095bbf379b164fdca0e5fa16fac6c98e_3956_right.jpg
4809,0cee5030e52642e497af28d42c0d6985,3957_left.jpg,~/ml4img/f4dficimg/dif_orid5k_balanced/3957_left.jpg,static/img/0cee5030e52642e497af28d42c0d6985_3957_left.jpg
4810,ea740ea49e9c4a248f20d249b9c4a107,3958_right.jpg,~/ml4img/f4dficimg/dif_orid5k_balanced/3958_right.jpg,static/img/ea740ea49e9c4a248f20d249b9c4a107_3958_right.jpg
4811,b5663981e7194aef85a1715a73114aeb,3960_right.jpg,~/ml4img/f4dficimg/dif_orid5k_balanced/3960_right.jpg,static/img/b5663981e7194aef85a1715a73114aeb_3960_right.jpg
4812,a1f6ed8dc7d647eda06501ce419a9815,3961_right.jpg,~/ml4img/f4dficimg/dif_orid5k_balanced/3961_right.jpg,static/img/a1f6ed8dc7d647eda06501ce419a9815_3961_right.jpg
4813,fb0c0bbc09de460ca0db1fe19e1b7c05,3962_left.jpg,~/ml4img/f4dficimg/dif_orid5k_balanced/3962_left.jpg,static/img/fb0c0bbc09de460ca0db1fe19e1b7c05_3962_left.jpg
4814,153bc88a6692441593a4fa790a8fa25e,3965_left.jpg,~/ml4img/f4dficimg/dif_orid5k_balanced/3965_left.jpg,static/img/153bc88a6692441593a4fa790a8fa25e_3965_left.jpg
4815,c4ed9fde12084438b89673ebd264b153,3968_right.jpg,~/ml4img/f4dficimg/dif_orid5k_balanced/3968_right.jpg,static/img/c4ed9fde12084438b89673ebd264b153_3968_right.jpg
4816,6422e3ba233e4d6186661b288eddf368,3969_right.jpg,~/ml4img/f4dficimg/dif_orid5k_balanced/3969_right.jpg,static/img/6422e3ba233e4d6186661b288eddf368_3969_right.jpg
4817,9bd6b1e8ba9b43af9dbc8a5ef88d1d25,3970_left.jpg,~/ml4img/f4dficimg/dif_orid5k_balanced/3970_left.jpg,static/img/9bd6b1e8ba9b43af9dbc8a5ef88d1d25_3970_left.jpg
4818,0f90fd9a55b544e1ade9cf45701124c5,3971_right.jpg,~/ml4img/f4dficimg/dif_orid5k_balanced/3971_right.jpg,static/img/0f90fd9a55b544e1ade9cf45701124c5_3971_right.jpg
4819,51de9a2ffb6a4474b65853da0f432227,3972_right.jpg,~/ml4img/f4dficimg/dif_orid5k_balanced/3972_right.jpg,static/img/51de9a2ffb6a4474b65853da0f432227_3972_right.jpg
4820,36eeacf2ce314b57b2506c5c0b99c446,3973_left.jpg,~/ml4img/f4dficimg/dif_orid5k_balanced/3973_left.jpg,static/img/36eeacf2ce314b57b2506c5c0b99c446_3973_left.jpg
4821,9811aae75690488c928ad7fe5bb805af,3973_right.jpg,~/ml4img/f4dficimg/dif_orid5k_balanced/3973_right.jpg,static/img/9811aae75690488c928ad7fe5bb805af_3973_right.jpg
4822,ae0647d39a2f4ccd8d059039b6d43db1,3976_left.jpg,~/ml4img/f4dficimg/dif_orid5k_balanced/3976_left.jpg,static/img/ae0647d39a2f4ccd8d059039b6d43db1_3976_left.jpg
4823,50e35b7af43a4b64a60b9caa28e846c6,3979_right.jpg,~/ml4img/f4dficimg/dif_orid5k_balanced/3979_right.jpg,static/img/50e35b7af43a4b64a60b9caa28e846c6_3979_right.jpg
4824,c5c603bf1e9a443e96bc35475a1eda99,3980_right.jpg,~/ml4img/f4dficimg/dif_orid5k_balanced/3980_right.jpg,static/img/c5c603bf1e9a443e96bc35475a1eda99_3980_right.jpg
4825,2633e3e7b11147958563ae1e10c701e5,3981_left.jpg,~/ml4img/f4dficimg/dif_orid5k_balanced/3981_left.jpg,static/img/2633e3e7b11147958563ae1e10c701e5_3981_left.jpg
4826,e5182e7660ba4fb6b417b1a9bf29fde5,3981_right.jpg,~/ml4img/f4dficimg/dif_orid5k_balanced/3981_right.jpg,static/img/e5182e7660ba4fb6b417b1a9bf29fde5_3981_right.jpg
4827,036ac914a38f47ac920d01a82ba84952,3984_right.jpg,~/ml4img/f4dficimg/dif_orid5k_balanced/3984_right.jpg,static/img/036ac914a38f47ac920d01a82ba84952_3984_right.jpg
4828,152507b1a941479eb98c36fcdb712d11,3986_left.jpg,~/ml4img/f4dficimg/dif_orid5k_balanced/3986_left.jpg,static/img/152507b1a941479eb98c36fcdb712d11_3986_left.jpg
4829,cce63f96954f427a9154a8ab60055cdc,3987_right.jpg,~/ml4img/f4dficimg/dif_orid5k_balanced/3987_right.jpg,static/img/cce63f96954f427a9154a8ab60055cdc_3987_right.jpg
4830,edc0c966592749c7a6e6ca945455be4c,3990_right.jpg,~/ml4img/f4dficimg/dif_orid5k_balanced/3990_right.jpg,static/img/edc0c966592749c7a6e6ca945455be4c_3990_right.jpg
4831,52cce7380e244a1a982eacdcc424a7c1,3993_left.jpg,~/ml4img/f4dficimg/dif_orid5k_balanced/3993_left.jpg,static/img/52cce7380e244a1a982eacdcc424a7c1_3993_left.jpg
4832,1690e154c38a4cf89f55efa6db286726,3993_right.jpg,~/ml4img/f4dficimg/dif_orid5k_balanced/3993_right.jpg,static/img/1690e154c38a4cf89f55efa6db286726_3993_right.jpg
4833,b865489f9ac34f929eda7fdb7d2ef4f4,3996_left.jpg,~/ml4img/f4dficimg/dif_orid5k_balanced/3996_left.jpg,static/img/b865489f9ac34f929eda7fdb7d2ef4f4_3996_left.jpg
4834,9d4dda1987f3491d8d4ca9baaf1875d7,3997_left.jpg,~/ml4img/f4dficimg/dif_orid5k_balanced/3997_left.jpg,static/img/9d4dda1987f3491d8d4ca9baaf1875d7_3997_left.jpg
4835,99ed1c533af34bb28e12133375b89800,3998_right.jpg,~/ml4img/f4dficimg/dif_orid5k_balanced/3998_right.jpg,static/img/99ed1c533af34bb28e12133375b89800_3998_right.jpg
4836,b5f3310b8c5546adba355b2f7775953f,3999_left.jpg,~/ml4img/f4dficimg/dif_orid5k_balanced/3999_left.jpg,static/img/b5f3310b8c5546adba355b2f7775953f_3999_left.jpg
4837,fbf8c0bd8e634fa2b80d96dedadc5d85,4002_left.jpg,~/ml4img/f4dficimg/dif_orid5k_balanced/4002_left.jpg,static/img/fbf8c0bd8e634fa2b80d96dedadc5d85_4002_left.jpg
4838,879eb69bac0444fab9fa82f8795bf3c8,4003_right.jpg,~/ml4img/f4dficimg/dif_orid5k_balanced/4003_right.jpg,static/img/879eb69bac0444fab9fa82f8795bf3c8_4003_right.jpg
4839,42b3028f9fe34409931ababe6ca23959,4007_right.jpg,~/ml4img/f4dficimg/dif_orid5k_balanced/4007_right.jpg,static/img/42b3028f9fe34409931ababe6ca23959_4007_right.jpg
4840,10735f912774493aa00c0985daf5b8b3,4008_left.jpg,~/ml4img/f4dficimg/dif_orid5k_balanced/4008_left.jpg,static/img/10735f912774493aa00c0985daf5b8b3_4008_left.jpg
4841,f842a1c22f7b4b03af1a7acf94acd8e9,4009_left.jpg,~/ml4img/f4dficimg/dif_orid5k_balanced/4009_left.jpg,static/img/f842a1c22f7b4b03af1a7acf94acd8e9_4009_left.jpg
4842,742caf1eb088410fa4d6a63de9de162a,4011_right.jpg,~/ml4img/f4dficimg/dif_orid5k_balanced/4011_right.jpg,static/img/742caf1eb088410fa4d6a63de9de162a_4011_right.jpg
4843,aef2a99e8b244e4fa98b38cf6ff9ead8,4012_right.jpg,~/ml4img/f4dficimg/dif_orid5k_balanced/4012_right.jpg,static/img/aef2a99e8b244e4fa98b38cf6ff9ead8_4012_right.jpg
4844,e7a247f7873d48efaab3be61e4bda5f1,4014_left.jpg,~/ml4img/f4dficimg/dif_orid5k_balanced/4014_left.jpg,static/img/e7a247f7873d48efaab3be61e4bda5f1_4014_left.jpg
4845,466dd8b59df24aa88dabab51d9b8003c,4015_right.jpg,~/ml4img/f4dficimg/dif_orid5k_balanced/4015_right.jpg,static/img/466dd8b59df24aa88dabab51d9b8003c_4015_right.jpg
4846,17a72cdd251240ccba7f9951f85efdc9,4016_right.jpg,~/ml4img/f4dficimg/dif_orid5k_balanced/4016_right.jpg,static/img/17a72cdd251240ccba7f9951f85efdc9_4016_right.jpg
4847,929cf99ab8754411851dc7d9184277b1,4018_left.jpg,~/ml4img/f4dficimg/dif_orid5k_balanced/4018_left.jpg,static/img/929cf99ab8754411851dc7d9184277b1_4018_left.jpg
4848,12b9cf06f8914c4d8760894b49de56f8,4020_left.jpg,~/ml4img/f4dficimg/dif_orid5k_balanced/4020_left.jpg,static/img/12b9cf06f8914c4d8760894b49de56f8_4020_left.jpg
4849,8c8345ac7d0042ff9a93f6274fd29267,4020_right.jpg,~/ml4img/f4dficimg/dif_orid5k_balanced/4020_right.jpg,static/img/8c8345ac7d0042ff9a93f6274fd29267_4020_right.jpg
4850,06889421014e4a10b26a10521ddbf894,4021_left.jpg,~/ml4img/f4dficimg/dif_orid5k_balanced/4021_left.jpg,static/img/06889421014e4a10b26a10521ddbf894_4021_left.jpg
4851,fa2ee45c32164ef49e2067c2478ca17a,4022_left.jpg,~/ml4img/f4dficimg/dif_orid5k_balanced/4022_left.jpg,static/img/fa2ee45c32164ef49e2067c2478ca17a_4022_left.jpg
4852,bac73d12eedd4a828a3d32344b6b06db,4022_right.jpg,~/ml4img/f4dficimg/dif_orid5k_balanced/4022_right.jpg,static/img/bac73d12eedd4a828a3d32344b6b06db_4022_right.jpg
4853,1851e5ee7e69421f93a61fc5a080352a,4023_right.jpg,~/ml4img/f4dficimg/dif_orid5k_balanced/4023_right.jpg,static/img/1851e5ee7e69421f93a61fc5a080352a_4023_right.jpg
4854,71b764879b824a41bdb272a1e4fb1376,4024_left.jpg,~/ml4img/f4dficimg/dif_orid5k_balanced/4024_left.jpg,static/img/71b764879b824a41bdb272a1e4fb1376_4024_left.jpg
4855,9f148c63e5f042f18a6d79da4580c083,4024_right.jpg,~/ml4img/f4dficimg/dif_orid5k_balanced/4024_right.jpg,static/img/9f148c63e5f042f18a6d79da4580c083_4024_right.jpg
4856,bfee8c5162a449e3a79c45e673e5f982,4025_left.jpg,~/ml4img/f4dficimg/dif_orid5k_balanced/4025_left.jpg,static/img/bfee8c5162a449e3a79c45e673e5f982_4025_left.jpg
4857,efc947e55f664494a5f7caed908d5391,4026_right.jpg,~/ml4img/f4dficimg/dif_orid5k_balanced/4026_right.jpg,static/img/efc947e55f664494a5f7caed908d5391_4026_right.jpg
4858,0cebbcb13df045eebd6175eecb489923,4028_right.jpg,~/ml4img/f4dficimg/dif_orid5k_balanced/4028_right.jpg,static/img/0cebbcb13df045eebd6175eecb489923_4028_right.jpg
4859,0ea3e040c20245a7a876eca7968e8f54,4029_left.jpg,~/ml4img/f4dficimg/dif_orid5k_balanced/4029_left.jpg,static/img/0ea3e040c20245a7a876eca7968e8f54_4029_left.jpg
4860,0bf5eb67bb5045cda0274f2cfe500172,4030_left.jpg,~/ml4img/f4dficimg/dif_orid5k_balanced/4030_left.jpg,static/img/0bf5eb67bb5045cda0274f2cfe500172_4030_left.jpg
4861,94cd2e442bcf45729174c443bc727d44,4032_right.jpg,~/ml4img/f4dficimg/dif_orid5k_balanced/4032_right.jpg,static/img/94cd2e442bcf45729174c443bc727d44_4032_right.jpg
4862,2f9d5a9100b04f439cdc80df75647cca,4033_left.jpg,~/ml4img/f4dficimg/dif_orid5k_balanced/4033_left.jpg,static/img/2f9d5a9100b04f439cdc80df75647cca_4033_left.jpg
4863,fed615ec368846a7a9a193b41bb260be,4034_left.jpg,~/ml4img/f4dficimg/dif_orid5k_balanced/4034_left.jpg,static/img/fed615ec368846a7a9a193b41bb260be_4034_left.jpg
4864,b04a06074a3342a193a5c644ae19e5b8,4034_right.jpg,~/ml4img/f4dficimg/dif_orid5k_balanced/4034_right.jpg,static/img/b04a06074a3342a193a5c644ae19e5b8_4034_right.jpg
4865,50a73d95e4f6422fb47a8f9483ec4943,4035_right.jpg,~/ml4img/f4dficimg/dif_orid5k_balanced/4035_right.jpg,static/img/50a73d95e4f6422fb47a8f9483ec4943_4035_right.jpg
4866,50a1cfc69ae24bcc8438901ec942f592,4037_left.jpg,~/ml4img/f4dficimg/dif_orid5k_balanced/4037_left.jpg,static/img/50a1cfc69ae24bcc8438901ec942f592_4037_left.jpg
4867,2fd84f7d73ac4427b8ac4cdb95d87080,4038_right.jpg,~/ml4img/f4dficimg/dif_orid5k_balanced/4038_right.jpg,static/img/2fd84f7d73ac4427b8ac4cdb95d87080_4038_right.jpg
4868,39432114696b4582bd300d13eac56c41,4040_left.jpg,~/ml4img/f4dficimg/dif_orid5k_balanced/4040_left.jpg,static/img/39432114696b4582bd300d13eac56c41_4040_left.jpg
4869,4be09db51bfd4c48ad35613a0b3d63ac,4040_right.jpg,~/ml4img/f4dficimg/dif_orid5k_balanced/4040_right.jpg,static/img/4be09db51bfd4c48ad35613a0b3d63ac_4040_right.jpg
4870,e7b3fc195a41464db94594669f08c1ec,4041_left.jpg,~/ml4img/f4dficimg/dif_orid5k_balanced/4041_left.jpg,static/img/e7b3fc195a41464db94594669f08c1ec_4041_left.jpg
4871,7299b522efd14770bfef9718a4507639,4043_left.jpg,~/ml4img/f4dficimg/dif_orid5k_balanced/4043_left.jpg,static/img/7299b522efd14770bfef9718a4507639_4043_left.jpg
4872,7d4c731ec9b04b70b7818e3bbee14e93,4043_right.jpg,~/ml4img/f4dficimg/dif_orid5k_balanced/4043_right.jpg,static/img/7d4c731ec9b04b70b7818e3bbee14e93_4043_right.jpg
4873,466c01deae3b438583e1fcb3d2b26ab0,4044_left.jpg,~/ml4img/f4dficimg/dif_orid5k_balanced/4044_left.jpg,static/img/466c01deae3b438583e1fcb3d2b26ab0_4044_left.jpg
4874,06bcfa3fcbc141acac58c6b8ccbb6efb,4045_left.jpg,~/ml4img/f4dficimg/dif_orid5k_balanced/4045_left.jpg,static/img/06bcfa3fcbc141acac58c6b8ccbb6efb_4045_left.jpg
4875,1e08c67355cc4ea899153044ebdd7263,4046_right.jpg,~/ml4img/f4dficimg/dif_orid5k_balanced/4046_right.jpg,static/img/1e08c67355cc4ea899153044ebdd7263_4046_right.jpg
4876,0a884697e6b34031bac66cf445be7729,4047_left.jpg,~/ml4img/f4dficimg/dif_orid5k_balanced/4047_left.jpg,static/img/0a884697e6b34031bac66cf445be7729_4047_left.jpg
4877,2e7de2a8ebaf484f8a2b500280ce6a7e,4047_right.jpg,~/ml4img/f4dficimg/dif_orid5k_balanced/4047_right.jpg,static/img/2e7de2a8ebaf484f8a2b500280ce6a7e_4047_right.jpg
4878,f3501fd4e9fe4105af3d2e0b50da63a1,4048_left.jpg,~/ml4img/f4dficimg/dif_orid5k_balanced/4048_left.jpg,static/img/f3501fd4e9fe4105af3d2e0b50da63a1_4048_left.jpg
4879,4dc0651a307f479cbe68ddfe5f21056c,4048_right.jpg,~/ml4img/f4dficimg/dif_orid5k_balanced/4048_right.jpg,static/img/4dc0651a307f479cbe68ddfe5f21056c_4048_right.jpg
4880,393d55cf656144a79cf251f70c317a1c,4049_left.jpg,~/ml4img/f4dficimg/dif_orid5k_balanced/4049_left.jpg,static/img/393d55cf656144a79cf251f70c317a1c_4049_left.jpg
4881,a261d7c0d9db4fe995eb958e9ef6cec2,4049_right.jpg,~/ml4img/f4dficimg/dif_orid5k_balanced/4049_right.jpg,static/img/a261d7c0d9db4fe995eb958e9ef6cec2_4049_right.jpg
4882,8b3a2907549f4dd8a9983a3e1f075bd6,4050_right.jpg,~/ml4img/f4dficimg/dif_orid5k_balanced/4050_right.jpg,static/img/8b3a2907549f4dd8a9983a3e1f075bd6_4050_right.jpg
4883,89d47f08941b4af2b9bf528d3cc8cba6,4051_left.jpg,~/ml4img/f4dficimg/dif_orid5k_balanced/4051_left.jpg,static/img/89d47f08941b4af2b9bf528d3cc8cba6_4051_left.jpg
4884,e46fdb6457d4455d9eba11f194936979,4053_left.jpg,~/ml4img/f4dficimg/dif_orid5k_balanced/4053_left.jpg,static/img/e46fdb6457d4455d9eba11f194936979_4053_left.jpg
4885,2508c8f04dae4c519d150e6dab748a61,4053_right.jpg,~/ml4img/f4dficimg/dif_orid5k_balanced/4053_right.jpg,static/img/2508c8f04dae4c519d150e6dab748a61_4053_right.jpg
4886,87f19b809eb34b69b3a05048f964ccee,4055_left.jpg,~/ml4img/f4dficimg/dif_orid5k_balanced/4055_left.jpg,static/img/87f19b809eb34b69b3a05048f964ccee_4055_left.jpg
4887,cd70118a4b14495883f0d76b4893608f,4056_left.jpg,~/ml4img/f4dficimg/dif_orid5k_balanced/4056_left.jpg,static/img/cd70118a4b14495883f0d76b4893608f_4056_left.jpg
4888,6c98b7925b474813b2f56ef00a11a799,4058_left.jpg,~/ml4img/f4dficimg/dif_orid5k_balanced/4058_left.jpg,static/img/6c98b7925b474813b2f56ef00a11a799_4058_left.jpg
4889,8ce13524ae074b69b234e44fe6ca3496,4059_left.jpg,~/ml4img/f4dficimg/dif_orid5k_balanced/4059_left.jpg,static/img/8ce13524ae074b69b234e44fe6ca3496_4059_left.jpg
4890,b21a1786636644b5b0139c60b1f360fc,4061_left.jpg,~/ml4img/f4dficimg/dif_orid5k_balanced/4061_left.jpg,static/img/b21a1786636644b5b0139c60b1f360fc_4061_left.jpg
4891,13e08409901044aabec4f61fa67ff03b,4061_right.jpg,~/ml4img/f4dficimg/dif_orid5k_balanced/4061_right.jpg,static/img/13e08409901044aabec4f61fa67ff03b_4061_right.jpg
4892,6ec93a2547774f80bcca10c1b130603e,4063_left.jpg,~/ml4img/f4dficimg/dif_orid5k_balanced/4063_left.jpg,static/img/6ec93a2547774f80bcca10c1b130603e_4063_left.jpg
4893,f1a78840467f482f8ecfb7ab966d4a80,4063_right.jpg,~/ml4img/f4dficimg/dif_orid5k_balanced/4063_right.jpg,static/img/f1a78840467f482f8ecfb7ab966d4a80_4063_right.jpg
4894,40503bd1296442798bb6c79b57ca8e0d,4067_left.jpg,~/ml4img/f4dficimg/dif_orid5k_balanced/4067_left.jpg,static/img/40503bd1296442798bb6c79b57ca8e0d_4067_left.jpg
4895,22bd7c83e858454db2041d711bc0c355,4072_left.jpg,~/ml4img/f4dficimg/dif_orid5k_balanced/4072_left.jpg,static/img/22bd7c83e858454db2041d711bc0c355_4072_left.jpg
4896,3fe1d4fce40e4ad0b746c8573b303026,4072_right.jpg,~/ml4img/f4dficimg/dif_orid5k_balanced/4072_right.jpg,static/img/3fe1d4fce40e4ad0b746c8573b303026_4072_right.jpg
4897,8835a4f179a840c0924f9305ed31ffcc,4073_left.jpg,~/ml4img/f4dficimg/dif_orid5k_balanced/4073_left.jpg,static/img/8835a4f179a840c0924f9305ed31ffcc_4073_left.jpg
4898,399bce19c6ef4f5a80265c11ba9ed760,4074_left.jpg,~/ml4img/f4dficimg/dif_orid5k_balanced/4074_left.jpg,static/img/399bce19c6ef4f5a80265c11ba9ed760_4074_left.jpg
4899,aaa712db8bca4de59afe400e756876d8,4076_left.jpg,~/ml4img/f4dficimg/dif_orid5k_balanced/4076_left.jpg,static/img/aaa712db8bca4de59afe400e756876d8_4076_left.jpg
4900,d95f887ac3e14785af0e5f3baeb7a43a,4077_left.jpg,~/ml4img/f4dficimg/dif_orid5k_balanced/4077_left.jpg,static/img/d95f887ac3e14785af0e5f3baeb7a43a_4077_left.jpg
4901,db814880cfb148c882d432b76a371360,4077_right.jpg,~/ml4img/f4dficimg/dif_orid5k_balanced/4077_right.jpg,static/img/db814880cfb148c882d432b76a371360_4077_right.jpg
4902,918e634c48f14371aedcfd1d2c873efa,4078_left.jpg,~/ml4img/f4dficimg/dif_orid5k_balanced/4078_left.jpg,static/img/918e634c48f14371aedcfd1d2c873efa_4078_left.jpg
4903,3f73878e613d473cbe86ed632980322f,4079_right.jpg,~/ml4img/f4dficimg/dif_orid5k_balanced/4079_right.jpg,static/img/3f73878e613d473cbe86ed632980322f_4079_right.jpg
4904,7f7365597c1d42f39f8680cc9e8275ea,4080_left.jpg,~/ml4img/f4dficimg/dif_orid5k_balanced/4080_left.jpg,static/img/7f7365597c1d42f39f8680cc9e8275ea_4080_left.jpg
4905,76d2cab7d20e41aca01b866f578caaa8,4080_right.jpg,~/ml4img/f4dficimg/dif_orid5k_balanced/4080_right.jpg,static/img/76d2cab7d20e41aca01b866f578caaa8_4080_right.jpg
4906,014435ffbc1348ca8a3bd678337579f3,4082_right.jpg,~/ml4img/f4dficimg/dif_orid5k_balanced/4082_right.jpg,static/img/014435ffbc1348ca8a3bd678337579f3_4082_right.jpg
4907,2ddade838d8a4715867e345769a66bfc,4083_right.jpg,~/ml4img/f4dficimg/dif_orid5k_balanced/4083_right.jpg,static/img/2ddade838d8a4715867e345769a66bfc_4083_right.jpg
4908,1a2b6621848a442096870d9e72af0196,4084_right.jpg,~/ml4img/f4dficimg/dif_orid5k_balanced/4084_right.jpg,static/img/1a2b6621848a442096870d9e72af0196_4084_right.jpg
4909,9c00af38bed0494587e310bc7d05fa41,4086_left.jpg,~/ml4img/f4dficimg/dif_orid5k_balanced/4086_left.jpg,static/img/9c00af38bed0494587e310bc7d05fa41_4086_left.jpg
4910,ad7478415f414a6d9f33051c7689f7d0,4087_right.jpg,~/ml4img/f4dficimg/dif_orid5k_balanced/4087_right.jpg,static/img/ad7478415f414a6d9f33051c7689f7d0_4087_right.jpg
4911,b3d5b890e3fd42a7a9410ad9b23377ed,4088_left.jpg,~/ml4img/f4dficimg/dif_orid5k_balanced/4088_left.jpg,static/img/b3d5b890e3fd42a7a9410ad9b23377ed_4088_left.jpg
4912,0c60e6c59dbf430aaa179f42876ceeef,4088_right.jpg,~/ml4img/f4dficimg/dif_orid5k_balanced/4088_right.jpg,static/img/0c60e6c59dbf430aaa179f42876ceeef_4088_right.jpg
4913,3c3d64f93a7e4ed8909d768b9ab57724,4091_left.jpg,~/ml4img/f4dficimg/dif_orid5k_balanced/4091_left.jpg,static/img/3c3d64f93a7e4ed8909d768b9ab57724_4091_left.jpg
4914,6c148fd468184e9fa1cf41af1c2f37cd,4093_left.jpg,~/ml4img/f4dficimg/dif_orid5k_balanced/4093_left.jpg,static/img/6c148fd468184e9fa1cf41af1c2f37cd_4093_left.jpg
4915,6ed529cbc4734827937df8b267e000cd,4095_right.jpg,~/ml4img/f4dficimg/dif_orid5k_balanced/4095_right.jpg,static/img/6ed529cbc4734827937df8b267e000cd_4095_right.jpg
4916,ecc8db2a353e430f852fb360a6614c41,4098_left.jpg,~/ml4img/f4dficimg/dif_orid5k_balanced/4098_left.jpg,static/img/ecc8db2a353e430f852fb360a6614c41_4098_left.jpg
4917,7fd59176695046daa2ff6dd8639d8761,4098_right.jpg,~/ml4img/f4dficimg/dif_orid5k_balanced/4098_right.jpg,static/img/7fd59176695046daa2ff6dd8639d8761_4098_right.jpg
4918,1e0ea4c913e849b78610e2e1f3e4e7ce,4099_left.jpg,~/ml4img/f4dficimg/dif_orid5k_balanced/4099_left.jpg,static/img/1e0ea4c913e849b78610e2e1f3e4e7ce_4099_left.jpg
4919,fbb4c54f942146309c89f2426e8a389d,4100_left.jpg,~/ml4img/f4dficimg/dif_orid5k_balanced/4100_left.jpg,static/img/fbb4c54f942146309c89f2426e8a389d_4100_left.jpg
4920,829b8a8d08424d01b9b5f5d8a25c27c6,4100_right.jpg,~/ml4img/f4dficimg/dif_orid5k_balanced/4100_right.jpg,static/img/829b8a8d08424d01b9b5f5d8a25c27c6_4100_right.jpg
4921,33329e021c894bccb41a58e81281b430,4101_left.jpg,~/ml4img/f4dficimg/dif_orid5k_balanced/4101_left.jpg,static/img/33329e021c894bccb41a58e81281b430_4101_left.jpg
4922,a8e16d08c3c74ea69bec2cf7c71d0838,4102_left.jpg,~/ml4img/f4dficimg/dif_orid5k_balanced/4102_left.jpg,static/img/a8e16d08c3c74ea69bec2cf7c71d0838_4102_left.jpg
4923,5395b6ab8d03447499da86d9e8af84a4,4105_right.jpg,~/ml4img/f4dficimg/dif_orid5k_balanced/4105_right.jpg,static/img/5395b6ab8d03447499da86d9e8af84a4_4105_right.jpg
4924,49bf44ef28f74d5da2aa2c7553d5c07c,4107_left.jpg,~/ml4img/f4dficimg/dif_orid5k_balanced/4107_left.jpg,static/img/49bf44ef28f74d5da2aa2c7553d5c07c_4107_left.jpg
4925,66445e6018a84b50902494a0a3736b18,4111_right.jpg,~/ml4img/f4dficimg/dif_orid5k_balanced/4111_right.jpg,static/img/66445e6018a84b50902494a0a3736b18_4111_right.jpg
4926,54d55aeee3d045068c0dbaf7825cac01,4112_left.jpg,~/ml4img/f4dficimg/dif_orid5k_balanced/4112_left.jpg,static/img/54d55aeee3d045068c0dbaf7825cac01_4112_left.jpg
4927,96c215aef9f44d25a6a07c8b16d11a6f,4113_left.jpg,~/ml4img/f4dficimg/dif_orid5k_balanced/4113_left.jpg,static/img/96c215aef9f44d25a6a07c8b16d11a6f_4113_left.jpg
4928,a4fcd8d7797743dcb355d7c33470ec27,4113_right.jpg,~/ml4img/f4dficimg/dif_orid5k_balanced/4113_right.jpg,static/img/a4fcd8d7797743dcb355d7c33470ec27_4113_right.jpg
4929,5b54f2d7ed284029b207269b53f5dc7b,4114_left.jpg,~/ml4img/f4dficimg/dif_orid5k_balanced/4114_left.jpg,static/img/5b54f2d7ed284029b207269b53f5dc7b_4114_left.jpg
4930,2ada82a8a44f4c259e596d701e56e6fa,4115_left.jpg,~/ml4img/f4dficimg/dif_orid5k_balanced/4115_left.jpg,static/img/2ada82a8a44f4c259e596d701e56e6fa_4115_left.jpg
4931,37a07bae05a04d36a440f5cbe070a5a5,4115_right.jpg,~/ml4img/f4dficimg/dif_orid5k_balanced/4115_right.jpg,static/img/37a07bae05a04d36a440f5cbe070a5a5_4115_right.jpg
4932,cbaae38df7d64413bc66327337ba103f,4116_left.jpg,~/ml4img/f4dficimg/dif_orid5k_balanced/4116_left.jpg,static/img/cbaae38df7d64413bc66327337ba103f_4116_left.jpg
4933,24c8a59abfe44c28aed08ce0f92c324d,4117_left.jpg,~/ml4img/f4dficimg/dif_orid5k_balanced/4117_left.jpg,static/img/24c8a59abfe44c28aed08ce0f92c324d_4117_left.jpg
4934,1c6bdc0fdc9e4b3595fb6071a9d9cd41,4118_right.jpg,~/ml4img/f4dficimg/dif_orid5k_balanced/4118_right.jpg,static/img/1c6bdc0fdc9e4b3595fb6071a9d9cd41_4118_right.jpg
4935,b1d4953b60ae44348dcea3956fde1b70,4119_left.jpg,~/ml4img/f4dficimg/dif_orid5k_balanced/4119_left.jpg,static/img/b1d4953b60ae44348dcea3956fde1b70_4119_left.jpg
4936,4a4458f47e824e8fba8139fa5111acb6,4120_right.jpg,~/ml4img/f4dficimg/dif_orid5k_balanced/4120_right.jpg,static/img/4a4458f47e824e8fba8139fa5111acb6_4120_right.jpg
4937,b8ada178e3f84a45ac38f0f76f90365f,4123_left.jpg,~/ml4img/f4dficimg/dif_orid5k_balanced/4123_left.jpg,static/img/b8ada178e3f84a45ac38f0f76f90365f_4123_left.jpg
4938,3a7e26df1c774ae8bdac48761ee002f0,4123_right.jpg,~/ml4img/f4dficimg/dif_orid5k_balanced/4123_right.jpg,static/img/3a7e26df1c774ae8bdac48761ee002f0_4123_right.jpg
4939,fdffe423999047eaa3bf6b4b6883c6ff,4126_left.jpg,~/ml4img/f4dficimg/dif_orid5k_balanced/4126_left.jpg,static/img/fdffe423999047eaa3bf6b4b6883c6ff_4126_left.jpg
4940,e76e267c7a294f3abd2495e04b27516e,4127_left.jpg,~/ml4img/f4dficimg/dif_orid5k_balanced/4127_left.jpg,static/img/e76e267c7a294f3abd2495e04b27516e_4127_left.jpg
4941,65ae7003fa104de2a0eb03393ba79e5a,4128_left.jpg,~/ml4img/f4dficimg/dif_orid5k_balanced/4128_left.jpg,static/img/65ae7003fa104de2a0eb03393ba79e5a_4128_left.jpg
4942,ae96e9fc48cb4b9cb27d3acdc7305d3e,4128_right.jpg,~/ml4img/f4dficimg/dif_orid5k_balanced/4128_right.jpg,static/img/ae96e9fc48cb4b9cb27d3acdc7305d3e_4128_right.jpg
4943,f5756b86f639435b9cf51d9471fe96f1,4131_right.jpg,~/ml4img/f4dficimg/dif_orid5k_balanced/4131_right.jpg,static/img/f5756b86f639435b9cf51d9471fe96f1_4131_right.jpg
4944,ea86a487de6b4401884dcb14b15deb26,4133_left.jpg,~/ml4img/f4dficimg/dif_orid5k_balanced/4133_left.jpg,static/img/ea86a487de6b4401884dcb14b15deb26_4133_left.jpg
4945,7555d7e0afa04c2d9f91236753ea5ce4,4133_right.jpg,~/ml4img/f4dficimg/dif_orid5k_balanced/4133_right.jpg,static/img/7555d7e0afa04c2d9f91236753ea5ce4_4133_right.jpg
4946,e2c1e4a84f004ef2887c0a593d2d37a7,4134_left.jpg,~/ml4img/f4dficimg/dif_orid5k_balanced/4134_left.jpg,static/img/e2c1e4a84f004ef2887c0a593d2d37a7_4134_left.jpg
4947,add4a658f4874b0884c18f3ae29d54b2,4136_left.jpg,~/ml4img/f4dficimg/dif_orid5k_balanced/4136_left.jpg,static/img/add4a658f4874b0884c18f3ae29d54b2_4136_left.jpg
4948,8f608d82b62e49fb9f9cbac559572099,4139_right.jpg,~/ml4img/f4dficimg/dif_orid5k_balanced/4139_right.jpg,static/img/8f608d82b62e49fb9f9cbac559572099_4139_right.jpg
4949,8326578d4dfb4d7197083fb7f5a8d48c,4140_right.jpg,~/ml4img/f4dficimg/dif_orid5k_balanced/4140_right.jpg,static/img/8326578d4dfb4d7197083fb7f5a8d48c_4140_right.jpg
4950,0b4c6263d6fe4a15a1596f502071661c,4141_left.jpg,~/ml4img/f4dficimg/dif_orid5k_balanced/4141_left.jpg,static/img/0b4c6263d6fe4a15a1596f502071661c_4141_left.jpg
4951,f75c74033a40468f8ee354546e40829c,4141_right.jpg,~/ml4img/f4dficimg/dif_orid5k_balanced/4141_right.jpg,static/img/f75c74033a40468f8ee354546e40829c_4141_right.jpg
4952,8606cd795b1c4405ba253509e23655f1,4142_right.jpg,~/ml4img/f4dficimg/dif_orid5k_balanced/4142_right.jpg,static/img/8606cd795b1c4405ba253509e23655f1_4142_right.jpg
4953,fd90fc49b770452481a4352dfe203673,4144_right.jpg,~/ml4img/f4dficimg/dif_orid5k_balanced/4144_right.jpg,static/img/fd90fc49b770452481a4352dfe203673_4144_right.jpg
4954,d430cc51b79740e6ae383b8c725ea48a,4148_left.jpg,~/ml4img/f4dficimg/dif_orid5k_balanced/4148_left.jpg,static/img/d430cc51b79740e6ae383b8c725ea48a_4148_left.jpg
4955,5d3380fdf5364d839f65389650bc854a,4151_left.jpg,~/ml4img/f4dficimg/dif_orid5k_balanced/4151_left.jpg,static/img/5d3380fdf5364d839f65389650bc854a_4151_left.jpg
4956,1d3fb1f71e7f4f96beb19826779b5b58,4151_right.jpg,~/ml4img/f4dficimg/dif_orid5k_balanced/4151_right.jpg,static/img/1d3fb1f71e7f4f96beb19826779b5b58_4151_right.jpg
4957,131100ec9b214ce59e708b67bc0610b3,4154_right.jpg,~/ml4img/f4dficimg/dif_orid5k_balanced/4154_right.jpg,static/img/131100ec9b214ce59e708b67bc0610b3_4154_right.jpg
4958,14366ab050d942df9a10b3ea850a1ba2,4155_left.jpg,~/ml4img/f4dficimg/dif_orid5k_balanced/4155_left.jpg,static/img/14366ab050d942df9a10b3ea850a1ba2_4155_left.jpg
4959,9281548731b84363ba4dcfd0392492fe,4156_right.jpg,~/ml4img/f4dficimg/dif_orid5k_balanced/4156_right.jpg,static/img/9281548731b84363ba4dcfd0392492fe_4156_right.jpg
4960,831b8ac2faa844819302e0e2e8843791,4159_left.jpg,~/ml4img/f4dficimg/dif_orid5k_balanced/4159_left.jpg,static/img/831b8ac2faa844819302e0e2e8843791_4159_left.jpg
4961,b1a98e64d9da4721a0f468b2790446c1,4160_left.jpg,~/ml4img/f4dficimg/dif_orid5k_balanced/4160_left.jpg,static/img/b1a98e64d9da4721a0f468b2790446c1_4160_left.jpg
4962,ccc9afe8ee0942dab21969a565dc9ea3,4160_right.jpg,~/ml4img/f4dficimg/dif_orid5k_balanced/4160_right.jpg,static/img/ccc9afe8ee0942dab21969a565dc9ea3_4160_right.jpg
4963,6c4ab40a13194a4b92042bd4fde57c77,4161_right.jpg,~/ml4img/f4dficimg/dif_orid5k_balanced/4161_right.jpg,static/img/6c4ab40a13194a4b92042bd4fde57c77_4161_right.jpg
4964,5bf83877b3ac42e4856ed17479f3cc8b,4163_left.jpg,~/ml4img/f4dficimg/dif_orid5k_balanced/4163_left.jpg,static/img/5bf83877b3ac42e4856ed17479f3cc8b_4163_left.jpg
4965,b5910be7ec294fba85f11e23be1f4dbb,4163_right.jpg,~/ml4img/f4dficimg/dif_orid5k_balanced/4163_right.jpg,static/img/b5910be7ec294fba85f11e23be1f4dbb_4163_right.jpg
4966,930d45b881924790a2f8f655c9b9345e,4164_left.jpg,~/ml4img/f4dficimg/dif_orid5k_balanced/4164_left.jpg,static/img/930d45b881924790a2f8f655c9b9345e_4164_left.jpg
4967,d7cde401b6e048fe9d43633f5dc1bfda,4164_right.jpg,~/ml4img/f4dficimg/dif_orid5k_balanced/4164_right.jpg,static/img/d7cde401b6e048fe9d43633f5dc1bfda_4164_right.jpg
4968,b84a6c02a60346c1a058a27af56e7efe,4166_left.jpg,~/ml4img/f4dficimg/dif_orid5k_balanced/4166_left.jpg,static/img/b84a6c02a60346c1a058a27af56e7efe_4166_left.jpg
4969,69a7c614f2514eafbfe250be9e1c2d21,4168_right.jpg,~/ml4img/f4dficimg/dif_orid5k_balanced/4168_right.jpg,static/img/69a7c614f2514eafbfe250be9e1c2d21_4168_right.jpg
4970,1599742f1a9d48988823f13241dc452a,4169_right.jpg,~/ml4img/f4dficimg/dif_orid5k_balanced/4169_right.jpg,static/img/1599742f1a9d48988823f13241dc452a_4169_right.jpg
4971,ff929af7c761414b9206d005a21ecfac,4171_left.jpg,~/ml4img/f4dficimg/dif_orid5k_balanced/4171_left.jpg,static/img/ff929af7c761414b9206d005a21ecfac_4171_left.jpg
4972,1dee32d190804bfbbe45412d3386fc00,4173_right.jpg,~/ml4img/f4dficimg/dif_orid5k_balanced/4173_right.jpg,static/img/1dee32d190804bfbbe45412d3386fc00_4173_right.jpg
4973,345511704f4a43f7932cebf8d712d99e,4174_right.jpg,~/ml4img/f4dficimg/dif_orid5k_balanced/4174_right.jpg,static/img/345511704f4a43f7932cebf8d712d99e_4174_right.jpg
4974,24d942a8b1d24b12b16c9948d21834be,4175_left.jpg,~/ml4img/f4dficimg/dif_orid5k_balanced/4175_left.jpg,static/img/24d942a8b1d24b12b16c9948d21834be_4175_left.jpg
4975,0457dc94f72245e893f79615f1e86122,4175_right.jpg,~/ml4img/f4dficimg/dif_orid5k_balanced/4175_right.jpg,static/img/0457dc94f72245e893f79615f1e86122_4175_right.jpg
4976,09f157ff6d2d488fbc28068a0b0b6bda,4176_left.jpg,~/ml4img/f4dficimg/dif_orid5k_balanced/4176_left.jpg,static/img/09f157ff6d2d488fbc28068a0b0b6bda_4176_left.jpg
4977,2bdc7871b2a041ae8f84bef9f5160294,4178_left.jpg,~/ml4img/f4dficimg/dif_orid5k_balanced/4178_left.jpg,static/img/2bdc7871b2a041ae8f84bef9f5160294_4178_left.jpg
4978,c0c01336db3e467aa81e407301f055eb,4179_right.jpg,~/ml4img/f4dficimg/dif_orid5k_balanced/4179_right.jpg,static/img/c0c01336db3e467aa81e407301f055eb_4179_right.jpg
4979,c3ee6f4e015f423987e0aa1719b97a98,4180_left.jpg,~/ml4img/f4dficimg/dif_orid5k_balanced/4180_left.jpg,static/img/c3ee6f4e015f423987e0aa1719b97a98_4180_left.jpg
4980,053256123445401baa4c9653fc977da8,4181_right.jpg,~/ml4img/f4dficimg/dif_orid5k_balanced/4181_right.jpg,static/img/053256123445401baa4c9653fc977da8_4181_right.jpg
4981,b5bb344b69d7479d8644ced8ad3b10ad,4182_left.jpg,~/ml4img/f4dficimg/dif_orid5k_balanced/4182_left.jpg,static/img/b5bb344b69d7479d8644ced8ad3b10ad_4182_left.jpg
4982,c38a21d4299c4481ae16ea766743d003,4183_left.jpg,~/ml4img/f4dficimg/dif_orid5k_balanced/4183_left.jpg,static/img/c38a21d4299c4481ae16ea766743d003_4183_left.jpg
4983,2dfa68eb048a4051810bdd50d93fefb8,4184_left.jpg,~/ml4img/f4dficimg/dif_orid5k_balanced/4184_left.jpg,static/img/2dfa68eb048a4051810bdd50d93fefb8_4184_left.jpg
4984,401bb65aa3664a1086f0fbb017ba6f3c,4185_right.jpg,~/ml4img/f4dficimg/dif_orid5k_balanced/4185_right.jpg,static/img/401bb65aa3664a1086f0fbb017ba6f3c_4185_right.jpg
4985,676996c31eb54929888123de21ea7f31,4186_left.jpg,~/ml4img/f4dficimg/dif_orid5k_balanced/4186_left.jpg,static/img/676996c31eb54929888123de21ea7f31_4186_left.jpg
4986,10b2774acb5b49ff81523caddfd075bf,4188_right.jpg,~/ml4img/f4dficimg/dif_orid5k_balanced/4188_right.jpg,static/img/10b2774acb5b49ff81523caddfd075bf_4188_right.jpg
4987,c2fd697a81214ce9a20fefa7c36d4969,4191_left.jpg,~/ml4img/f4dficimg/dif_orid5k_balanced/4191_left.jpg,static/img/c2fd697a81214ce9a20fefa7c36d4969_4191_left.jpg
4988,01515f79e0064d6c97266763efe7b379,4193_left.jpg,~/ml4img/f4dficimg/dif_orid5k_balanced/4193_left.jpg,static/img/01515f79e0064d6c97266763efe7b379_4193_left.jpg
4989,27dc5ea423384d71ac4175277227bcff,4194_right.jpg,~/ml4img/f4dficimg/dif_orid5k_balanced/4194_right.jpg,static/img/27dc5ea423384d71ac4175277227bcff_4194_right.jpg
4990,bd254847caaa41e19652316a41a33d56,4197_left.jpg,~/ml4img/f4dficimg/dif_orid5k_balanced/4197_left.jpg,static/img/bd254847caaa41e19652316a41a33d56_4197_left.jpg
4991,5e6c5889b2ad49d280a1943f7921b23f,4197_right.jpg,~/ml4img/f4dficimg/dif_orid5k_balanced/4197_right.jpg,static/img/5e6c5889b2ad49d280a1943f7921b23f_4197_right.jpg
4992,81eddc7f3b7b45a4b14d4c672cb2f8da,4198_left.jpg,~/ml4img/f4dficimg/dif_orid5k_balanced/4198_left.jpg,static/img/81eddc7f3b7b45a4b14d4c672cb2f8da_4198_left.jpg
4993,41f45c160c9047aa84ef11bb3626eac5,4199_left.jpg,~/ml4img/f4dficimg/dif_orid5k_balanced/4199_left.jpg,static/img/41f45c160c9047aa84ef11bb3626eac5_4199_left.jpg
4994,1219cdfee03441fdad879032659003fb,4200_right.jpg,~/ml4img/f4dficimg/dif_orid5k_balanced/4200_right.jpg,static/img/1219cdfee03441fdad879032659003fb_4200_right.jpg
4995,496758999ba8418b8e43ad823a21e599,4201_left.jpg,~/ml4img/f4dficimg/dif_orid5k_balanced/4201_left.jpg,static/img/496758999ba8418b8e43ad823a21e599_4201_left.jpg
4996,745379b14d3b403487cd11311b95091b,4202_right.jpg,~/ml4img/f4dficimg/dif_orid5k_balanced/4202_right.jpg,static/img/745379b14d3b403487cd11311b95091b_4202_right.jpg
4997,651030de4ce045c8bb71ae189e50355a,4205_right.jpg,~/ml4img/f4dficimg/dif_orid5k_balanced/4205_right.jpg,static/img/651030de4ce045c8bb71ae189e50355a_4205_right.jpg
4998,e368f40733dd4b79a39dc3276e2c4899,4206_left.jpg,~/ml4img/f4dficimg/dif_orid5k_balanced/4206_left.jpg,static/img/e368f40733dd4b79a39dc3276e2c4899_4206_left.jpg
4999,b40334ea4b7242e39fbf111e162a702a,4206_right.jpg,~/ml4img/f4dficimg/dif_orid5k_balanced/4206_right.jpg,static/img/b40334ea4b7242e39fbf111e162a702a_4206_right.jpg
5000,369544b85971409a886b68390edd1076,4207_left.jpg,~/ml4img/f4dficimg/dif_orid5k_balanced/4207_left.jpg,static/img/369544b85971409a886b68390edd1076_4207_left.jpg
5001,502a61b4946d4d78a021c24f63e78550,4208_left.jpg,~/ml4img/f4dficimg/dif_orid5k_balanced/4208_left.jpg,static/img/502a61b4946d4d78a021c24f63e78550_4208_left.jpg
5002,8087432a8fc547f7951f46895a3993f1,4209_left.jpg,~/ml4img/f4dficimg/dif_orid5k_balanced/4209_left.jpg,static/img/8087432a8fc547f7951f46895a3993f1_4209_left.jpg
5003,43c98b2da3c54c6798d32d8abfd14dbe,4210_left.jpg,~/ml4img/f4dficimg/dif_orid5k_balanced/4210_left.jpg,static/img/43c98b2da3c54c6798d32d8abfd14dbe_4210_left.jpg
5004,4f78d2dad8a949c6a5346c1a1d4fc842,4211_right.jpg,~/ml4img/f4dficimg/dif_orid5k_balanced/4211_right.jpg,static/img/4f78d2dad8a949c6a5346c1a1d4fc842_4211_right.jpg
5005,d237acd599f44586844a3c8551c869d0,4212_left.jpg,~/ml4img/f4dficimg/dif_orid5k_balanced/4212_left.jpg,static/img/d237acd599f44586844a3c8551c869d0_4212_left.jpg
5006,3b85e5304da24dd282f3343c9114aa8c,4214_right.jpg,~/ml4img/f4dficimg/dif_orid5k_balanced/4214_right.jpg,static/img/3b85e5304da24dd282f3343c9114aa8c_4214_right.jpg
5007,24f37fac15d3463a9b84c4fafbb3506f,4215_right.jpg,~/ml4img/f4dficimg/dif_orid5k_balanced/4215_right.jpg,static/img/24f37fac15d3463a9b84c4fafbb3506f_4215_right.jpg
5008,7fe74d504da74fe4817e6038e27555b3,4217_left.jpg,~/ml4img/f4dficimg/dif_orid5k_balanced/4217_left.jpg,static/img/7fe74d504da74fe4817e6038e27555b3_4217_left.jpg
5009,54a3b6412b9d4c129f6cbd1db30b11fd,4217_right.jpg,~/ml4img/f4dficimg/dif_orid5k_balanced/4217_right.jpg,static/img/54a3b6412b9d4c129f6cbd1db30b11fd_4217_right.jpg
5010,9f20170b0802465bb0e1465a32a1526c,4218_left.jpg,~/ml4img/f4dficimg/dif_orid5k_balanced/4218_left.jpg,static/img/9f20170b0802465bb0e1465a32a1526c_4218_left.jpg
5011,1a69c77b8a9f41d7944cf0a8ac23049f,4218_right.jpg,~/ml4img/f4dficimg/dif_orid5k_balanced/4218_right.jpg,static/img/1a69c77b8a9f41d7944cf0a8ac23049f_4218_right.jpg
5012,9756106497b74f178572262167d4e762,4219_left.jpg,~/ml4img/f4dficimg/dif_orid5k_balanced/4219_left.jpg,static/img/9756106497b74f178572262167d4e762_4219_left.jpg
5013,3e741a2307c844dd926d6b4e9c7b1197,4220_left.jpg,~/ml4img/f4dficimg/dif_orid5k_balanced/4220_left.jpg,static/img/3e741a2307c844dd926d6b4e9c7b1197_4220_left.jpg
5014,b5e8dc233a9145dd8f63a01b887d38e1,4221_right.jpg,~/ml4img/f4dficimg/dif_orid5k_balanced/4221_right.jpg,static/img/b5e8dc233a9145dd8f63a01b887d38e1_4221_right.jpg
5015,f65eb73a6967497dbec3b09947e01c9f,4222_right.jpg,~/ml4img/f4dficimg/dif_orid5k_balanced/4222_right.jpg,static/img/f65eb73a6967497dbec3b09947e01c9f_4222_right.jpg
5016,26377a355e1a47b5b303d5a26b184000,4223_left.jpg,~/ml4img/f4dficimg/dif_orid5k_balanced/4223_left.jpg,static/img/26377a355e1a47b5b303d5a26b184000_4223_left.jpg
5017,6309f17e36f748aea15e2394b2633e61,4223_right.jpg,~/ml4img/f4dficimg/dif_orid5k_balanced/4223_right.jpg,static/img/6309f17e36f748aea15e2394b2633e61_4223_right.jpg
5018,a4f7a6a75d03483ca6ae48f8f30189a9,4225_right.jpg,~/ml4img/f4dficimg/dif_orid5k_balanced/4225_right.jpg,static/img/a4f7a6a75d03483ca6ae48f8f30189a9_4225_right.jpg
5019,9206ad5f785d42ac938e1677520ea2c1,4226_left.jpg,~/ml4img/f4dficimg/dif_orid5k_balanced/4226_left.jpg,static/img/9206ad5f785d42ac938e1677520ea2c1_4226_left.jpg
5020,a5788041fa264a91bcf02fbf4e302401,4226_right.jpg,~/ml4img/f4dficimg/dif_orid5k_balanced/4226_right.jpg,static/img/a5788041fa264a91bcf02fbf4e302401_4226_right.jpg
5021,49626ff767fd4b84b20b3d6e9e2c145c,4227_right.jpg,~/ml4img/f4dficimg/dif_orid5k_balanced/4227_right.jpg,static/img/49626ff767fd4b84b20b3d6e9e2c145c_4227_right.jpg
5022,2a027a1da0e04501a90fa18fe099ad2f,4230_right.jpg,~/ml4img/f4dficimg/dif_orid5k_balanced/4230_right.jpg,static/img/2a027a1da0e04501a90fa18fe099ad2f_4230_right.jpg
5023,f0f0f99f48654a10b23ac6f035efca8b,4231_left.jpg,~/ml4img/f4dficimg/dif_orid5k_balanced/4231_left.jpg,static/img/f0f0f99f48654a10b23ac6f035efca8b_4231_left.jpg
5024,eab5f300d1494e999ba26cf1c74ebcd6,4231_right.jpg,~/ml4img/f4dficimg/dif_orid5k_balanced/4231_right.jpg,static/img/eab5f300d1494e999ba26cf1c74ebcd6_4231_right.jpg
5025,c51b7f225c184ff7ad923376c98eed9f,4232_right.jpg,~/ml4img/f4dficimg/dif_orid5k_balanced/4232_right.jpg,static/img/c51b7f225c184ff7ad923376c98eed9f_4232_right.jpg
5026,d10366777afa49aeaba757f0c00e5241,4233_right.jpg,~/ml4img/f4dficimg/dif_orid5k_balanced/4233_right.jpg,static/img/d10366777afa49aeaba757f0c00e5241_4233_right.jpg
5027,2c24c413303047e48cf2ad4b582b85ca,4234_left.jpg,~/ml4img/f4dficimg/dif_orid5k_balanced/4234_left.jpg,static/img/2c24c413303047e48cf2ad4b582b85ca_4234_left.jpg
5028,419dd15b0d14447ea68b04dbeed4560a,4234_right.jpg,~/ml4img/f4dficimg/dif_orid5k_balanced/4234_right.jpg,static/img/419dd15b0d14447ea68b04dbeed4560a_4234_right.jpg
5029,3fe59ef4b0704b8c841516010553084d,4235_left.jpg,~/ml4img/f4dficimg/dif_orid5k_balanced/4235_left.jpg,static/img/3fe59ef4b0704b8c841516010553084d_4235_left.jpg
5030,eb36988480be4c918114db4da7b800d9,4236_left.jpg,~/ml4img/f4dficimg/dif_orid5k_balanced/4236_left.jpg,static/img/eb36988480be4c918114db4da7b800d9_4236_left.jpg
5031,3938d4098d0a42918d12499f5cfec309,4237_left.jpg,~/ml4img/f4dficimg/dif_orid5k_balanced/4237_left.jpg,static/img/3938d4098d0a42918d12499f5cfec309_4237_left.jpg
5032,78bbd72a8da841cb87de8e31e8c0d478,4238_right.jpg,~/ml4img/f4dficimg/dif_orid5k_balanced/4238_right.jpg,static/img/78bbd72a8da841cb87de8e31e8c0d478_4238_right.jpg
5033,3145242d63444781ab187fc8e3e478cf,4239_left.jpg,~/ml4img/f4dficimg/dif_orid5k_balanced/4239_left.jpg,static/img/3145242d63444781ab187fc8e3e478cf_4239_left.jpg
5034,b6459d8be7cc42288723d85ccfe840e3,4239_right.jpg,~/ml4img/f4dficimg/dif_orid5k_balanced/4239_right.jpg,static/img/b6459d8be7cc42288723d85ccfe840e3_4239_right.jpg
5035,1e5c993ecaf142da888b12e02a4cdb6b,4240_left.jpg,~/ml4img/f4dficimg/dif_orid5k_balanced/4240_left.jpg,static/img/1e5c993ecaf142da888b12e02a4cdb6b_4240_left.jpg
5036,ed11a8f62b844ceea908be2fbb54cbc5,4240_right.jpg,~/ml4img/f4dficimg/dif_orid5k_balanced/4240_right.jpg,static/img/ed11a8f62b844ceea908be2fbb54cbc5_4240_right.jpg
5037,b6fa8ea49b9c417b845b500b299048c0,4241_left.jpg,~/ml4img/f4dficimg/dif_orid5k_balanced/4241_left.jpg,static/img/b6fa8ea49b9c417b845b500b299048c0_4241_left.jpg
5038,c3afec5037274f3c8abaa504b34e7b5c,4241_right.jpg,~/ml4img/f4dficimg/dif_orid5k_balanced/4241_right.jpg,static/img/c3afec5037274f3c8abaa504b34e7b5c_4241_right.jpg
5039,c8c313623c744a828c046966c4672390,4242_left.jpg,~/ml4img/f4dficimg/dif_orid5k_balanced/4242_left.jpg,static/img/c8c313623c744a828c046966c4672390_4242_left.jpg
5040,5c08f4c65ac8472a9bd264693c4155c7,4243_left.jpg,~/ml4img/f4dficimg/dif_orid5k_balanced/4243_left.jpg,static/img/5c08f4c65ac8472a9bd264693c4155c7_4243_left.jpg
5041,4a881a78fa2942e19a0de87334ac6fa3,4244_right.jpg,~/ml4img/f4dficimg/dif_orid5k_balanced/4244_right.jpg,static/img/4a881a78fa2942e19a0de87334ac6fa3_4244_right.jpg
5042,d898b3ab820445978881f2b6c00366a5,4245_left.jpg,~/ml4img/f4dficimg/dif_orid5k_balanced/4245_left.jpg,static/img/d898b3ab820445978881f2b6c00366a5_4245_left.jpg
5043,e012adabad504ab8b78ccd84ae182b36,4245_right.jpg,~/ml4img/f4dficimg/dif_orid5k_balanced/4245_right.jpg,static/img/e012adabad504ab8b78ccd84ae182b36_4245_right.jpg
5044,80e09726fbdf443f98b65fa233b858ab,4247_left.jpg,~/ml4img/f4dficimg/dif_orid5k_balanced/4247_left.jpg,static/img/80e09726fbdf443f98b65fa233b858ab_4247_left.jpg
5045,4522d4df0e7f4277a2297c360b9140ad,4247_right.jpg,~/ml4img/f4dficimg/dif_orid5k_balanced/4247_right.jpg,static/img/4522d4df0e7f4277a2297c360b9140ad_4247_right.jpg
5046,f3e74b59df294435b2d97c91cee062fe,4248_right.jpg,~/ml4img/f4dficimg/dif_orid5k_balanced/4248_right.jpg,static/img/f3e74b59df294435b2d97c91cee062fe_4248_right.jpg
5047,74d85bb8cc124a2da366293f64bd5e83,4251_left.jpg,~/ml4img/f4dficimg/dif_orid5k_balanced/4251_left.jpg,static/img/74d85bb8cc124a2da366293f64bd5e83_4251_left.jpg
5048,acaafd9dcbd44537a4b5a3b3396c258a,4252_right.jpg,~/ml4img/f4dficimg/dif_orid5k_balanced/4252_right.jpg,static/img/acaafd9dcbd44537a4b5a3b3396c258a_4252_right.jpg
5049,9edf7bc870e743d3bcfbc4ac65741e82,4253_left.jpg,~/ml4img/f4dficimg/dif_orid5k_balanced/4253_left.jpg,static/img/9edf7bc870e743d3bcfbc4ac65741e82_4253_left.jpg
5050,814a2edcb5e241f8bfb61be2f5f93909,4254_right.jpg,~/ml4img/f4dficimg/dif_orid5k_balanced/4254_right.jpg,static/img/814a2edcb5e241f8bfb61be2f5f93909_4254_right.jpg
5051,f504f95b0243456788fc28fbfdd97b13,4260_right.jpg,~/ml4img/f4dficimg/dif_orid5k_balanced/4260_right.jpg,static/img/f504f95b0243456788fc28fbfdd97b13_4260_right.jpg
5052,a42ba4977f624d13b5cff62e32b927be,4263_left.jpg,~/ml4img/f4dficimg/dif_orid5k_balanced/4263_left.jpg,static/img/a42ba4977f624d13b5cff62e32b927be_4263_left.jpg
5053,5172af04af9e44d5b7d76ad99bf74471,4265_left.jpg,~/ml4img/f4dficimg/dif_orid5k_balanced/4265_left.jpg,static/img/5172af04af9e44d5b7d76ad99bf74471_4265_left.jpg
5054,3382ba43c77644e6a33f9a4819b5fcda,4265_right.jpg,~/ml4img/f4dficimg/dif_orid5k_balanced/4265_right.jpg,static/img/3382ba43c77644e6a33f9a4819b5fcda_4265_right.jpg
5055,62cf6d1eb647484984b41b8a86100668,4266_right.jpg,~/ml4img/f4dficimg/dif_orid5k_balanced/4266_right.jpg,static/img/62cf6d1eb647484984b41b8a86100668_4266_right.jpg
5056,8a456e7cbe8047d09fe43a2b096476e3,4267_right.jpg,~/ml4img/f4dficimg/dif_orid5k_balanced/4267_right.jpg,static/img/8a456e7cbe8047d09fe43a2b096476e3_4267_right.jpg
5057,878913db4b7943ba9181289074e02557,4269_left.jpg,~/ml4img/f4dficimg/dif_orid5k_balanced/4269_left.jpg,static/img/878913db4b7943ba9181289074e02557_4269_left.jpg
5058,3de4ba1d20484255a9038aa7ef3f3df7,4270_left.jpg,~/ml4img/f4dficimg/dif_orid5k_balanced/4270_left.jpg,static/img/3de4ba1d20484255a9038aa7ef3f3df7_4270_left.jpg
5059,ce01904b9aa249599a72f395f379db6b,4271_left.jpg,~/ml4img/f4dficimg/dif_orid5k_balanced/4271_left.jpg,static/img/ce01904b9aa249599a72f395f379db6b_4271_left.jpg
5060,92be6ea9a71b4fef8ba950750019de3a,4271_right.jpg,~/ml4img/f4dficimg/dif_orid5k_balanced/4271_right.jpg,static/img/92be6ea9a71b4fef8ba950750019de3a_4271_right.jpg
5061,494166b1b3b2479a97cb53d76e9da868,4272_left.jpg,~/ml4img/f4dficimg/dif_orid5k_balanced/4272_left.jpg,static/img/494166b1b3b2479a97cb53d76e9da868_4272_left.jpg
5062,d0dc232c42594d218387f523fcc710aa,4272_right.jpg,~/ml4img/f4dficimg/dif_orid5k_balanced/4272_right.jpg,static/img/d0dc232c42594d218387f523fcc710aa_4272_right.jpg
5063,535d0f2423a84581ae4bd2e1703736ed,4273_right.jpg,~/ml4img/f4dficimg/dif_orid5k_balanced/4273_right.jpg,static/img/535d0f2423a84581ae4bd2e1703736ed_4273_right.jpg
5064,d4dab5874f674e2b918d7a55a01d7a38,4274_right.jpg,~/ml4img/f4dficimg/dif_orid5k_balanced/4274_right.jpg,static/img/d4dab5874f674e2b918d7a55a01d7a38_4274_right.jpg
5065,176955fa43844c62a0842850e5f82388,4275_right.jpg,~/ml4img/f4dficimg/dif_orid5k_balanced/4275_right.jpg,static/img/176955fa43844c62a0842850e5f82388_4275_right.jpg
5066,23aeea4e8a244a77847485e3e4bad2a0,4276_left.jpg,~/ml4img/f4dficimg/dif_orid5k_balanced/4276_left.jpg,static/img/23aeea4e8a244a77847485e3e4bad2a0_4276_left.jpg
5067,610632f3a2e84f669cdf4d4de3329cf1,4277_left.jpg,~/ml4img/f4dficimg/dif_orid5k_balanced/4277_left.jpg,static/img/610632f3a2e84f669cdf4d4de3329cf1_4277_left.jpg
5068,98bc56995f46424b9404ad3fb6930735,4278_left.jpg,~/ml4img/f4dficimg/dif_orid5k_balanced/4278_left.jpg,static/img/98bc56995f46424b9404ad3fb6930735_4278_left.jpg
5069,5c69cb12123d47199045756e4d02cd82,4278_right.jpg,~/ml4img/f4dficimg/dif_orid5k_balanced/4278_right.jpg,static/img/5c69cb12123d47199045756e4d02cd82_4278_right.jpg
5070,ed6ecec60bb7430fb04f214e6e986e53,4279_right.jpg,~/ml4img/f4dficimg/dif_orid5k_balanced/4279_right.jpg,static/img/ed6ecec60bb7430fb04f214e6e986e53_4279_right.jpg
5071,3d767cdc11dc44288a6f536c6176b2d2,4280_left.jpg,~/ml4img/f4dficimg/dif_orid5k_balanced/4280_left.jpg,static/img/3d767cdc11dc44288a6f536c6176b2d2_4280_left.jpg
5072,e37a187d09d04b68848bb6ee4bc1296b,4280_right.jpg,~/ml4img/f4dficimg/dif_orid5k_balanced/4280_right.jpg,static/img/e37a187d09d04b68848bb6ee4bc1296b_4280_right.jpg
5073,a1f72c5059e84fdc989b6fb1fed16783,4281_left.jpg,~/ml4img/f4dficimg/dif_orid5k_balanced/4281_left.jpg,static/img/a1f72c5059e84fdc989b6fb1fed16783_4281_left.jpg
5074,cc13d8d5454b4dbab2024c55aa35f090,4285_right.jpg,~/ml4img/f4dficimg/dif_orid5k_balanced/4285_right.jpg,static/img/cc13d8d5454b4dbab2024c55aa35f090_4285_right.jpg
5075,9503dcb904df4fd3be82c679b4b5c53a,4287_left.jpg,~/ml4img/f4dficimg/dif_orid5k_balanced/4287_left.jpg,static/img/9503dcb904df4fd3be82c679b4b5c53a_4287_left.jpg
5076,5e58681148784aef99cbff7fbd2ec4e8,4287_right.jpg,~/ml4img/f4dficimg/dif_orid5k_balanced/4287_right.jpg,static/img/5e58681148784aef99cbff7fbd2ec4e8_4287_right.jpg
5077,7304ba37cab64ef596613791861f5173,4288_left.jpg,~/ml4img/f4dficimg/dif_orid5k_balanced/4288_left.jpg,static/img/7304ba37cab64ef596613791861f5173_4288_left.jpg
5078,d006ebd85ae24156ae70f009cd91479c,4289_right.jpg,~/ml4img/f4dficimg/dif_orid5k_balanced/4289_right.jpg,static/img/d006ebd85ae24156ae70f009cd91479c_4289_right.jpg
5079,b955cb3d2e3a47cab015d9d15ed4bccb,4291_left.jpg,~/ml4img/f4dficimg/dif_orid5k_balanced/4291_left.jpg,static/img/b955cb3d2e3a47cab015d9d15ed4bccb_4291_left.jpg
5080,5d8860d59af74501b856a7d22d112c89,4291_right.jpg,~/ml4img/f4dficimg/dif_orid5k_balanced/4291_right.jpg,static/img/5d8860d59af74501b856a7d22d112c89_4291_right.jpg
5081,efb9931782a84cefac4c19fec5f7e9d5,4292_right.jpg,~/ml4img/f4dficimg/dif_orid5k_balanced/4292_right.jpg,static/img/efb9931782a84cefac4c19fec5f7e9d5_4292_right.jpg
5082,b87e47a512834aa89a558eda9dad24fa,4293_left.jpg,~/ml4img/f4dficimg/dif_orid5k_balanced/4293_left.jpg,static/img/b87e47a512834aa89a558eda9dad24fa_4293_left.jpg
5083,f235a187a18947a19e5904b30286746a,4293_right.jpg,~/ml4img/f4dficimg/dif_orid5k_balanced/4293_right.jpg,static/img/f235a187a18947a19e5904b30286746a_4293_right.jpg
5084,1362d24e8e0b4f99a58702dfb81db815,4294_right.jpg,~/ml4img/f4dficimg/dif_orid5k_balanced/4294_right.jpg,static/img/1362d24e8e0b4f99a58702dfb81db815_4294_right.jpg
5085,3e5f748d079d40d08f8bac02fd771a6d,4295_right.jpg,~/ml4img/f4dficimg/dif_orid5k_balanced/4295_right.jpg,static/img/3e5f748d079d40d08f8bac02fd771a6d_4295_right.jpg
5086,983121aeef17410d92fb2a8a64e2f075,4298_right.jpg,~/ml4img/f4dficimg/dif_orid5k_balanced/4298_right.jpg,static/img/983121aeef17410d92fb2a8a64e2f075_4298_right.jpg
5087,b3a46088e89e4fed871288a421116ff0,4300_left.jpg,~/ml4img/f4dficimg/dif_orid5k_balanced/4300_left.jpg,static/img/b3a46088e89e4fed871288a421116ff0_4300_left.jpg
5088,68ada8878cf84c6db38c206e664a4964,4301_left.jpg,~/ml4img/f4dficimg/dif_orid5k_balanced/4301_left.jpg,static/img/68ada8878cf84c6db38c206e664a4964_4301_left.jpg
5089,c04a3e6d95914363849879afa0f1ef2b,4302_left.jpg,~/ml4img/f4dficimg/dif_orid5k_balanced/4302_left.jpg,static/img/c04a3e6d95914363849879afa0f1ef2b_4302_left.jpg
5090,cb6d8c47be8a450eb1976e80cf7e63b2,4302_right.jpg,~/ml4img/f4dficimg/dif_orid5k_balanced/4302_right.jpg,static/img/cb6d8c47be8a450eb1976e80cf7e63b2_4302_right.jpg
5091,cfc3c489ac0343ce98043dba5b88b14b,4303_left.jpg,~/ml4img/f4dficimg/dif_orid5k_balanced/4303_left.jpg,static/img/cfc3c489ac0343ce98043dba5b88b14b_4303_left.jpg
5092,6789097b65084786b2781691bf39bdc4,4303_right.jpg,~/ml4img/f4dficimg/dif_orid5k_balanced/4303_right.jpg,static/img/6789097b65084786b2781691bf39bdc4_4303_right.jpg
5093,125d9a61aa3e49bb9f44f7e2274f6cc4,4305_left.jpg,~/ml4img/f4dficimg/dif_orid5k_balanced/4305_left.jpg,static/img/125d9a61aa3e49bb9f44f7e2274f6cc4_4305_left.jpg
5094,d7025eda90b64d4b8e67eacec69c27cd,4305_right.jpg,~/ml4img/f4dficimg/dif_orid5k_balanced/4305_right.jpg,static/img/d7025eda90b64d4b8e67eacec69c27cd_4305_right.jpg
5095,990ce54cc1d447f29ac46a268e816cfc,4306_left.jpg,~/ml4img/f4dficimg/dif_orid5k_balanced/4306_left.jpg,static/img/990ce54cc1d447f29ac46a268e816cfc_4306_left.jpg
5096,dfd36dcf7875490b9a58d62ba8df9592,4307_left.jpg,~/ml4img/f4dficimg/dif_orid5k_balanced/4307_left.jpg,static/img/dfd36dcf7875490b9a58d62ba8df9592_4307_left.jpg
5097,baa923ab0a0e4a0ea2b99150cf587d7c,4307_right.jpg,~/ml4img/f4dficimg/dif_orid5k_balanced/4307_right.jpg,static/img/baa923ab0a0e4a0ea2b99150cf587d7c_4307_right.jpg
5098,bd407bdf9dfc40d699b674dd95a7f52a,4308_right.jpg,~/ml4img/f4dficimg/dif_orid5k_balanced/4308_right.jpg,static/img/bd407bdf9dfc40d699b674dd95a7f52a_4308_right.jpg
5099,83b9185c0560497c8b0303a7cc9edb35,4310_left.jpg,~/ml4img/f4dficimg/dif_orid5k_balanced/4310_left.jpg,static/img/83b9185c0560497c8b0303a7cc9edb35_4310_left.jpg
5100,6ffc59aa2ffe4b9282003fbb26321ca2,4310_right.jpg,~/ml4img/f4dficimg/dif_orid5k_balanced/4310_right.jpg,static/img/6ffc59aa2ffe4b9282003fbb26321ca2_4310_right.jpg
5101,26f5099c3c4b49e3b3f667be4de71c61,4315_right.jpg,~/ml4img/f4dficimg/dif_orid5k_balanced/4315_right.jpg,static/img/26f5099c3c4b49e3b3f667be4de71c61_4315_right.jpg
5102,7bc71866629d431f95e1e7b5187f62ed,4317_left.jpg,~/ml4img/f4dficimg/dif_orid5k_balanced/4317_left.jpg,static/img/7bc71866629d431f95e1e7b5187f62ed_4317_left.jpg
5103,56125acd9c6a462fbf82eb83b03b1166,4319_left.jpg,~/ml4img/f4dficimg/dif_orid5k_balanced/4319_left.jpg,static/img/56125acd9c6a462fbf82eb83b03b1166_4319_left.jpg
5104,c1924f15540c4ab0beee36ea36691c54,4320_right.jpg,~/ml4img/f4dficimg/dif_orid5k_balanced/4320_right.jpg,static/img/c1924f15540c4ab0beee36ea36691c54_4320_right.jpg
5105,b3d0c42b312948709cd7a8f9c909e2ae,4322_right.jpg,~/ml4img/f4dficimg/dif_orid5k_balanced/4322_right.jpg,static/img/b3d0c42b312948709cd7a8f9c909e2ae_4322_right.jpg
5106,ddce7988975e4cd283c3da95f01c73fd,4323_right.jpg,~/ml4img/f4dficimg/dif_orid5k_balanced/4323_right.jpg,static/img/ddce7988975e4cd283c3da95f01c73fd_4323_right.jpg
5107,c798b129fb3841a6b577107a7cbceff5,4325_right.jpg,~/ml4img/f4dficimg/dif_orid5k_balanced/4325_right.jpg,static/img/c798b129fb3841a6b577107a7cbceff5_4325_right.jpg
5108,970f7be081484f6b89cc4fc6bdfba72e,4326_left.jpg,~/ml4img/f4dficimg/dif_orid5k_balanced/4326_left.jpg,static/img/970f7be081484f6b89cc4fc6bdfba72e_4326_left.jpg
5109,11ff6ea4d07643799ecebcf7ad78af0b,4332_left.jpg,~/ml4img/f4dficimg/dif_orid5k_balanced/4332_left.jpg,static/img/11ff6ea4d07643799ecebcf7ad78af0b_4332_left.jpg
5110,4b190abcbb334b3da6f5d2e0ce9c01a3,4333_left.jpg,~/ml4img/f4dficimg/dif_orid5k_balanced/4333_left.jpg,static/img/4b190abcbb334b3da6f5d2e0ce9c01a3_4333_left.jpg
5111,46057d6da5f94fc4822bad5793f4a48f,4334_right.jpg,~/ml4img/f4dficimg/dif_orid5k_balanced/4334_right.jpg,static/img/46057d6da5f94fc4822bad5793f4a48f_4334_right.jpg
5112,276df013ec8a41b1b3c766f020fb255a,4335_right.jpg,~/ml4img/f4dficimg/dif_orid5k_balanced/4335_right.jpg,static/img/276df013ec8a41b1b3c766f020fb255a_4335_right.jpg
5113,e5f3372168be4042bf695314e76882cb,4336_left.jpg,~/ml4img/f4dficimg/dif_orid5k_balanced/4336_left.jpg,static/img/e5f3372168be4042bf695314e76882cb_4336_left.jpg
5114,fb012fc7b8244cbcbea7c297ea34e575,4337_left.jpg,~/ml4img/f4dficimg/dif_orid5k_balanced/4337_left.jpg,static/img/fb012fc7b8244cbcbea7c297ea34e575_4337_left.jpg
5115,50539a73f02445c9bfc252bf3a6b114b,4337_right.jpg,~/ml4img/f4dficimg/dif_orid5k_balanced/4337_right.jpg,static/img/50539a73f02445c9bfc252bf3a6b114b_4337_right.jpg
5116,16f91ce5d1a7418a8025f3702a576b13,4338_left.jpg,~/ml4img/f4dficimg/dif_orid5k_balanced/4338_left.jpg,static/img/16f91ce5d1a7418a8025f3702a576b13_4338_left.jpg
5117,ee453833f31744bd81b9b4b77605e7be,4339_right.jpg,~/ml4img/f4dficimg/dif_orid5k_balanced/4339_right.jpg,static/img/ee453833f31744bd81b9b4b77605e7be_4339_right.jpg
5118,430a00011750438db38bfb31d8369552,4340_left.jpg,~/ml4img/f4dficimg/dif_orid5k_balanced/4340_left.jpg,static/img/430a00011750438db38bfb31d8369552_4340_left.jpg
5119,4ec0bef1bfb8474194819eb70c78e541,4341_left.jpg,~/ml4img/f4dficimg/dif_orid5k_balanced/4341_left.jpg,static/img/4ec0bef1bfb8474194819eb70c78e541_4341_left.jpg
5120,fd9654a94f274a44be3e1bd88afb0445,4344_right.jpg,~/ml4img/f4dficimg/dif_orid5k_balanced/4344_right.jpg,static/img/fd9654a94f274a44be3e1bd88afb0445_4344_right.jpg
5121,1e073b7023754c529de0d14039625061,4345_left.jpg,~/ml4img/f4dficimg/dif_orid5k_balanced/4345_left.jpg,static/img/1e073b7023754c529de0d14039625061_4345_left.jpg
5122,926d7e2c3dc84e739deba1192cca85cf,4345_right.jpg,~/ml4img/f4dficimg/dif_orid5k_balanced/4345_right.jpg,static/img/926d7e2c3dc84e739deba1192cca85cf_4345_right.jpg
5123,40100761924643c89747ab22883958d5,4347_left.jpg,~/ml4img/f4dficimg/dif_orid5k_balanced/4347_left.jpg,static/img/40100761924643c89747ab22883958d5_4347_left.jpg
5124,8d34721bc90c4b0897c48ca86e323e37,4349_right.jpg,~/ml4img/f4dficimg/dif_orid5k_balanced/4349_right.jpg,static/img/8d34721bc90c4b0897c48ca86e323e37_4349_right.jpg
5125,b246a8fdf22a44a6aa98a5eb64492f40,4350_left.jpg,~/ml4img/f4dficimg/dif_orid5k_balanced/4350_left.jpg,static/img/b246a8fdf22a44a6aa98a5eb64492f40_4350_left.jpg
5126,badca6db2aee4c6084bdc3c44087609c,4351_left.jpg,~/ml4img/f4dficimg/dif_orid5k_balanced/4351_left.jpg,static/img/badca6db2aee4c6084bdc3c44087609c_4351_left.jpg
5127,45c27e4f28b14695a05b08b4e7bd3969,4351_right.jpg,~/ml4img/f4dficimg/dif_orid5k_balanced/4351_right.jpg,static/img/45c27e4f28b14695a05b08b4e7bd3969_4351_right.jpg
5128,5a9788fda67841e2a42dee127c739221,4355_left.jpg,~/ml4img/f4dficimg/dif_orid5k_balanced/4355_left.jpg,static/img/5a9788fda67841e2a42dee127c739221_4355_left.jpg
5129,1a815a79c100411e9622afd381a2db02,4355_right.jpg,~/ml4img/f4dficimg/dif_orid5k_balanced/4355_right.jpg,static/img/1a815a79c100411e9622afd381a2db02_4355_right.jpg
5130,cfe89fd4974d4636bbea95f3459f1bd6,4356_left.jpg,~/ml4img/f4dficimg/dif_orid5k_balanced/4356_left.jpg,static/img/cfe89fd4974d4636bbea95f3459f1bd6_4356_left.jpg
5131,5acfc9efe180459ea9e1c1f81ffea4aa,4357_left.jpg,~/ml4img/f4dficimg/dif_orid5k_balanced/4357_left.jpg,static/img/5acfc9efe180459ea9e1c1f81ffea4aa_4357_left.jpg
5132,3a5a5fda4afc4d0c81e96c180fb16074,4358_left.jpg,~/ml4img/f4dficimg/dif_orid5k_balanced/4358_left.jpg,static/img/3a5a5fda4afc4d0c81e96c180fb16074_4358_left.jpg
5133,b79a5ad05bce4c9fbf759bb499bcc4bb,4358_right.jpg,~/ml4img/f4dficimg/dif_orid5k_balanced/4358_right.jpg,static/img/b79a5ad05bce4c9fbf759bb499bcc4bb_4358_right.jpg
5134,21fb0850eafb4f64b1196b5376e9299a,4359_left.jpg,~/ml4img/f4dficimg/dif_orid5k_balanced/4359_left.jpg,static/img/21fb0850eafb4f64b1196b5376e9299a_4359_left.jpg
5135,2afb1997dcbf4a558eadd8d761e0bc63,4360_right.jpg,~/ml4img/f4dficimg/dif_orid5k_balanced/4360_right.jpg,static/img/2afb1997dcbf4a558eadd8d761e0bc63_4360_right.jpg
5136,849a3437579b43759b2bceca7c9bff39,4361_left.jpg,~/ml4img/f4dficimg/dif_orid5k_balanced/4361_left.jpg,static/img/849a3437579b43759b2bceca7c9bff39_4361_left.jpg
5137,89d75a3a61d94ed3a841f262dcd754d4,4362_left.jpg,~/ml4img/f4dficimg/dif_orid5k_balanced/4362_left.jpg,static/img/89d75a3a61d94ed3a841f262dcd754d4_4362_left.jpg
5138,4210b0a2e6e44642bc49200995780438,4365_right.jpg,~/ml4img/f4dficimg/dif_orid5k_balanced/4365_right.jpg,static/img/4210b0a2e6e44642bc49200995780438_4365_right.jpg
5139,123b765c59044a3c8ef139ff054b81a8,4367_left.jpg,~/ml4img/f4dficimg/dif_orid5k_balanced/4367_left.jpg,static/img/123b765c59044a3c8ef139ff054b81a8_4367_left.jpg
5140,da4db2f72b414a9888d4302f1ec89e96,4368_right.jpg,~/ml4img/f4dficimg/dif_orid5k_balanced/4368_right.jpg,static/img/da4db2f72b414a9888d4302f1ec89e96_4368_right.jpg
5141,b7155a0119a344a69d38784689253d55,4369_right.jpg,~/ml4img/f4dficimg/dif_orid5k_balanced/4369_right.jpg,static/img/b7155a0119a344a69d38784689253d55_4369_right.jpg
5142,f4cc2609574549cc8f61b84c1b63ffe1,4371_left.jpg,~/ml4img/f4dficimg/dif_orid5k_balanced/4371_left.jpg,static/img/f4cc2609574549cc8f61b84c1b63ffe1_4371_left.jpg
5143,60b764ebe7864937acf776fde24dfc0c,4372_left.jpg,~/ml4img/f4dficimg/dif_orid5k_balanced/4372_left.jpg,static/img/60b764ebe7864937acf776fde24dfc0c_4372_left.jpg
5144,67e6741b1a994571bc0ae2be008e6021,4372_right.jpg,~/ml4img/f4dficimg/dif_orid5k_balanced/4372_right.jpg,static/img/67e6741b1a994571bc0ae2be008e6021_4372_right.jpg
5145,42d420a7f8694f5baee7f5a660686167,4373_left.jpg,~/ml4img/f4dficimg/dif_orid5k_balanced/4373_left.jpg,static/img/42d420a7f8694f5baee7f5a660686167_4373_left.jpg
5146,dc5e6fb43df34607a103c33a7e40f6ef,4375_right.jpg,~/ml4img/f4dficimg/dif_orid5k_balanced/4375_right.jpg,static/img/dc5e6fb43df34607a103c33a7e40f6ef_4375_right.jpg
5147,f285f99da77745fba5c42022e3dade6d,4377_left.jpg,~/ml4img/f4dficimg/dif_orid5k_balanced/4377_left.jpg,static/img/f285f99da77745fba5c42022e3dade6d_4377_left.jpg
5148,f0564ac88dbf40099a3c954b22be1171,4379_right.jpg,~/ml4img/f4dficimg/dif_orid5k_balanced/4379_right.jpg,static/img/f0564ac88dbf40099a3c954b22be1171_4379_right.jpg
5149,64626034782b4af09d557376191f6bcc,4381_left.jpg,~/ml4img/f4dficimg/dif_orid5k_balanced/4381_left.jpg,static/img/64626034782b4af09d557376191f6bcc_4381_left.jpg
5150,617921e4853d496da8683c8c3677206d,4381_right.jpg,~/ml4img/f4dficimg/dif_orid5k_balanced/4381_right.jpg,static/img/617921e4853d496da8683c8c3677206d_4381_right.jpg
5151,12d7b84bf99e453785fd8bd5d9f8eec3,4384_right.jpg,~/ml4img/f4dficimg/dif_orid5k_balanced/4384_right.jpg,static/img/12d7b84bf99e453785fd8bd5d9f8eec3_4384_right.jpg
5152,4e41d35d538b4bcc95e8401889cf9553,4386_right.jpg,~/ml4img/f4dficimg/dif_orid5k_balanced/4386_right.jpg,static/img/4e41d35d538b4bcc95e8401889cf9553_4386_right.jpg
5153,406f97094acb419c9b3005f867f175d4,4387_left.jpg,~/ml4img/f4dficimg/dif_orid5k_balanced/4387_left.jpg,static/img/406f97094acb419c9b3005f867f175d4_4387_left.jpg
5154,63350e1aa64f42a7a702fad33a641ca2,4388_left.jpg,~/ml4img/f4dficimg/dif_orid5k_balanced/4388_left.jpg,static/img/63350e1aa64f42a7a702fad33a641ca2_4388_left.jpg
5155,81dd68df1b26423d8f99da11b9a8b10d,4392_left.jpg,~/ml4img/f4dficimg/dif_orid5k_balanced/4392_left.jpg,static/img/81dd68df1b26423d8f99da11b9a8b10d_4392_left.jpg
5156,8bc8965b3dce4b1da349c10803858f35,4393_left.jpg,~/ml4img/f4dficimg/dif_orid5k_balanced/4393_left.jpg,static/img/8bc8965b3dce4b1da349c10803858f35_4393_left.jpg
5157,87453604417d4139aa36a2145da2605c,4393_right.jpg,~/ml4img/f4dficimg/dif_orid5k_balanced/4393_right.jpg,static/img/87453604417d4139aa36a2145da2605c_4393_right.jpg
5158,d4c0c7ed0b7f44a497e93fe72c98ab9b,4394_left.jpg,~/ml4img/f4dficimg/dif_orid5k_balanced/4394_left.jpg,static/img/d4c0c7ed0b7f44a497e93fe72c98ab9b_4394_left.jpg
5159,b25efad30bc04248b214eefab7864c02,4395_left.jpg,~/ml4img/f4dficimg/dif_orid5k_balanced/4395_left.jpg,static/img/b25efad30bc04248b214eefab7864c02_4395_left.jpg
5160,9b22e9f5a75f4196b0c54e3a1017fa87,4396_left.jpg,~/ml4img/f4dficimg/dif_orid5k_balanced/4396_left.jpg,static/img/9b22e9f5a75f4196b0c54e3a1017fa87_4396_left.jpg
5161,7cacd520fb9b45b1b2b5b5e1987c5754,4397_right.jpg,~/ml4img/f4dficimg/dif_orid5k_balanced/4397_right.jpg,static/img/7cacd520fb9b45b1b2b5b5e1987c5754_4397_right.jpg
5162,90c4ddc514a8407da750dcb0053eaaba,4398_right.jpg,~/ml4img/f4dficimg/dif_orid5k_balanced/4398_right.jpg,static/img/90c4ddc514a8407da750dcb0053eaaba_4398_right.jpg
5163,14863976465f443e9397c1ba754c2554,4399_right.jpg,~/ml4img/f4dficimg/dif_orid5k_balanced/4399_right.jpg,static/img/14863976465f443e9397c1ba754c2554_4399_right.jpg
5164,680c7893ab21417b82339ebeda1597a2,4400_right.jpg,~/ml4img/f4dficimg/dif_orid5k_balanced/4400_right.jpg,static/img/680c7893ab21417b82339ebeda1597a2_4400_right.jpg
5165,8369c301ef33439189ecd1cbaa211269,4401_right.jpg,~/ml4img/f4dficimg/dif_orid5k_balanced/4401_right.jpg,static/img/8369c301ef33439189ecd1cbaa211269_4401_right.jpg
5166,49bd1ddf308d4dc39faba2cfa87acd8f,4402_right.jpg,~/ml4img/f4dficimg/dif_orid5k_balanced/4402_right.jpg,static/img/49bd1ddf308d4dc39faba2cfa87acd8f_4402_right.jpg
5167,b87d7a715ba54beab71988521175fc91,4403_left.jpg,~/ml4img/f4dficimg/dif_orid5k_balanced/4403_left.jpg,static/img/b87d7a715ba54beab71988521175fc91_4403_left.jpg
5168,2bf6028f87314aaba82e8b0db8c6acfa,4406_left.jpg,~/ml4img/f4dficimg/dif_orid5k_balanced/4406_left.jpg,static/img/2bf6028f87314aaba82e8b0db8c6acfa_4406_left.jpg
5169,600b3abc3a664ca1a0360abc4ab8eedf,4407_left.jpg,~/ml4img/f4dficimg/dif_orid5k_balanced/4407_left.jpg,static/img/600b3abc3a664ca1a0360abc4ab8eedf_4407_left.jpg
5170,bbddd98b902a40dba54e2607aca67728,4411_right.jpg,~/ml4img/f4dficimg/dif_orid5k_balanced/4411_right.jpg,static/img/bbddd98b902a40dba54e2607aca67728_4411_right.jpg
5171,8fee1b9379cd4d64822d8812b3849050,4412_left.jpg,~/ml4img/f4dficimg/dif_orid5k_balanced/4412_left.jpg,static/img/8fee1b9379cd4d64822d8812b3849050_4412_left.jpg
5172,444bbb8954e0454bb2f701158507c18f,4413_left.jpg,~/ml4img/f4dficimg/dif_orid5k_balanced/4413_left.jpg,static/img/444bbb8954e0454bb2f701158507c18f_4413_left.jpg
5173,47c489830bb14dee95937ad6a6620427,4415_left.jpg,~/ml4img/f4dficimg/dif_orid5k_balanced/4415_left.jpg,static/img/47c489830bb14dee95937ad6a6620427_4415_left.jpg
5174,600d102fbd76422f8e0e9977ff9ebebc,4417_left.jpg,~/ml4img/f4dficimg/dif_orid5k_balanced/4417_left.jpg,static/img/600d102fbd76422f8e0e9977ff9ebebc_4417_left.jpg
5175,d302ac19d00d49358b99e0ea6f933ff2,4417_right.jpg,~/ml4img/f4dficimg/dif_orid5k_balanced/4417_right.jpg,static/img/d302ac19d00d49358b99e0ea6f933ff2_4417_right.jpg
5176,144c48270c5b4a8585e823d93ec27ab9,4419_left.jpg,~/ml4img/f4dficimg/dif_orid5k_balanced/4419_left.jpg,static/img/144c48270c5b4a8585e823d93ec27ab9_4419_left.jpg
5177,cfba5a5dcf0b499e8cbe7093db28e48a,4420_left.jpg,~/ml4img/f4dficimg/dif_orid5k_balanced/4420_left.jpg,static/img/cfba5a5dcf0b499e8cbe7093db28e48a_4420_left.jpg
5178,eff48fa17d8049839054bc2b300415c4,4420_right.jpg,~/ml4img/f4dficimg/dif_orid5k_balanced/4420_right.jpg,static/img/eff48fa17d8049839054bc2b300415c4_4420_right.jpg
5179,fc56ba93ba04418d84abe631b6b09fe7,4421_right.jpg,~/ml4img/f4dficimg/dif_orid5k_balanced/4421_right.jpg,static/img/fc56ba93ba04418d84abe631b6b09fe7_4421_right.jpg
5180,e972d5da3c3646d69dbe3ce86c0601ab,4424_left.jpg,~/ml4img/f4dficimg/dif_orid5k_balanced/4424_left.jpg,static/img/e972d5da3c3646d69dbe3ce86c0601ab_4424_left.jpg
5181,9650633c39174b1c9b39e18acc0a86bf,4425_left.jpg,~/ml4img/f4dficimg/dif_orid5k_balanced/4425_left.jpg,static/img/9650633c39174b1c9b39e18acc0a86bf_4425_left.jpg
5182,fd895173f41d4d4ebc3e2e92d2fdf1da,4426_right.jpg,~/ml4img/f4dficimg/dif_orid5k_balanced/4426_right.jpg,static/img/fd895173f41d4d4ebc3e2e92d2fdf1da_4426_right.jpg
5183,fb421c41c8b54aa4b4a7274732816248,4427_left.jpg,~/ml4img/f4dficimg/dif_orid5k_balanced/4427_left.jpg,static/img/fb421c41c8b54aa4b4a7274732816248_4427_left.jpg
5184,f64d6b5d6569490e88c24118aceb4829,4428_left.jpg,~/ml4img/f4dficimg/dif_orid5k_balanced/4428_left.jpg,static/img/f64d6b5d6569490e88c24118aceb4829_4428_left.jpg
5185,020df2a0ea6f40feb305115a58e20ba4,4428_right.jpg,~/ml4img/f4dficimg/dif_orid5k_balanced/4428_right.jpg,static/img/020df2a0ea6f40feb305115a58e20ba4_4428_right.jpg
5186,f55b5303d755448a8b1d4f35d983fc2f,4429_left.jpg,~/ml4img/f4dficimg/dif_orid5k_balanced/4429_left.jpg,static/img/f55b5303d755448a8b1d4f35d983fc2f_4429_left.jpg
5187,848784ce1edd4b66b6663764c03854b9,4430_left.jpg,~/ml4img/f4dficimg/dif_orid5k_balanced/4430_left.jpg,static/img/848784ce1edd4b66b6663764c03854b9_4430_left.jpg
5188,60357f8a72b04c5daaf91f58e1229812,4431_left.jpg,~/ml4img/f4dficimg/dif_orid5k_balanced/4431_left.jpg,static/img/60357f8a72b04c5daaf91f58e1229812_4431_left.jpg
5189,ee776de765644615b63ffc5ddd5583d1,4432_right.jpg,~/ml4img/f4dficimg/dif_orid5k_balanced/4432_right.jpg,static/img/ee776de765644615b63ffc5ddd5583d1_4432_right.jpg
5190,b9c96274b03d41679c6cbce964bd0e9c,4433_right.jpg,~/ml4img/f4dficimg/dif_orid5k_balanced/4433_right.jpg,static/img/b9c96274b03d41679c6cbce964bd0e9c_4433_right.jpg
5191,dba64df14f5f4c3286a7e00941cd7f1c,4437_right.jpg,~/ml4img/f4dficimg/dif_orid5k_balanced/4437_right.jpg,static/img/dba64df14f5f4c3286a7e00941cd7f1c_4437_right.jpg
5192,a21f15dab00e4232b39f2a50257593c5,4439_right.jpg,~/ml4img/f4dficimg/dif_orid5k_balanced/4439_right.jpg,static/img/a21f15dab00e4232b39f2a50257593c5_4439_right.jpg
5193,b7e6370da9014de9882f468162450b0b,4440_left.jpg,~/ml4img/f4dficimg/dif_orid5k_balanced/4440_left.jpg,static/img/b7e6370da9014de9882f468162450b0b_4440_left.jpg
5194,ca61a92a467c478aacc0734de5159d83,4444_left.jpg,~/ml4img/f4dficimg/dif_orid5k_balanced/4444_left.jpg,static/img/ca61a92a467c478aacc0734de5159d83_4444_left.jpg
5195,a3f1c1d02de84762b5110ebcff20ab04,4445_left.jpg,~/ml4img/f4dficimg/dif_orid5k_balanced/4445_left.jpg,static/img/a3f1c1d02de84762b5110ebcff20ab04_4445_left.jpg
5196,bbb6a4d406de42e89f515df3166d827d,4445_right.jpg,~/ml4img/f4dficimg/dif_orid5k_balanced/4445_right.jpg,static/img/bbb6a4d406de42e89f515df3166d827d_4445_right.jpg
5197,3fc404adf08247e5ace6d6addce5f9ee,4447_left.jpg,~/ml4img/f4dficimg/dif_orid5k_balanced/4447_left.jpg,static/img/3fc404adf08247e5ace6d6addce5f9ee_4447_left.jpg
5198,b26bdad7f2504d0b9c2fa1eb7b549ec6,4447_right.jpg,~/ml4img/f4dficimg/dif_orid5k_balanced/4447_right.jpg,static/img/b26bdad7f2504d0b9c2fa1eb7b549ec6_4447_right.jpg
5199,5bddecf3e735411ea306f4bfd55f89c2,4449_right.jpg,~/ml4img/f4dficimg/dif_orid5k_balanced/4449_right.jpg,static/img/5bddecf3e735411ea306f4bfd55f89c2_4449_right.jpg
5200,fa83a639e2d1460a81e0ec6332ec2809,4450_right.jpg,~/ml4img/f4dficimg/dif_orid5k_balanced/4450_right.jpg,static/img/fa83a639e2d1460a81e0ec6332ec2809_4450_right.jpg
5201,63373b3ca9e34385a36d4e0d3d52e1a8,4452_right.jpg,~/ml4img/f4dficimg/dif_orid5k_balanced/4452_right.jpg,static/img/63373b3ca9e34385a36d4e0d3d52e1a8_4452_right.jpg
5202,b95a8af425b140088eb19d7e1d2cdd6b,4455_right.jpg,~/ml4img/f4dficimg/dif_orid5k_balanced/4455_right.jpg,static/img/b95a8af425b140088eb19d7e1d2cdd6b_4455_right.jpg
5203,563e7b6c32794c739d0fe40ff81ba57e,4458_left.jpg,~/ml4img/f4dficimg/dif_orid5k_balanced/4458_left.jpg,static/img/563e7b6c32794c739d0fe40ff81ba57e_4458_left.jpg
5204,59251d6e49ab401db80177187a34df26,4459_left.jpg,~/ml4img/f4dficimg/dif_orid5k_balanced/4459_left.jpg,static/img/59251d6e49ab401db80177187a34df26_4459_left.jpg
5205,9bae87956e25424686b41c7bfe3d5849,4461_left.jpg,~/ml4img/f4dficimg/dif_orid5k_balanced/4461_left.jpg,static/img/9bae87956e25424686b41c7bfe3d5849_4461_left.jpg
5206,bd055eec0184437aa261fe8e26cd3ba4,4464_right.jpg,~/ml4img/f4dficimg/dif_orid5k_balanced/4464_right.jpg,static/img/bd055eec0184437aa261fe8e26cd3ba4_4464_right.jpg
5207,372047e4c9044406877c429e2c5d92e5,4465_left.jpg,~/ml4img/f4dficimg/dif_orid5k_balanced/4465_left.jpg,static/img/372047e4c9044406877c429e2c5d92e5_4465_left.jpg
5208,613ea413461d43f880ebb9c045131014,4465_right.jpg,~/ml4img/f4dficimg/dif_orid5k_balanced/4465_right.jpg,static/img/613ea413461d43f880ebb9c045131014_4465_right.jpg
5209,752d2ec3f4534038b08dd3263bf883a6,4467_left.jpg,~/ml4img/f4dficimg/dif_orid5k_balanced/4467_left.jpg,static/img/752d2ec3f4534038b08dd3263bf883a6_4467_left.jpg
5210,59ea355f4a9c47949c5974c7606a4e09,4468_left.jpg,~/ml4img/f4dficimg/dif_orid5k_balanced/4468_left.jpg,static/img/59ea355f4a9c47949c5974c7606a4e09_4468_left.jpg
5211,7deaf18df5d14a8cb2131fed45d970f2,4470_right.jpg,~/ml4img/f4dficimg/dif_orid5k_balanced/4470_right.jpg,static/img/7deaf18df5d14a8cb2131fed45d970f2_4470_right.jpg
5212,2b48272c84b14a618d9604b67f78716d,4471_right.jpg,~/ml4img/f4dficimg/dif_orid5k_balanced/4471_right.jpg,static/img/2b48272c84b14a618d9604b67f78716d_4471_right.jpg
5213,50f4b608f35342c593f5266a259ca162,4476_left.jpg,~/ml4img/f4dficimg/dif_orid5k_balanced/4476_left.jpg,static/img/50f4b608f35342c593f5266a259ca162_4476_left.jpg
5214,d69b769f1c924a74897ab201eb437451,4477_left.jpg,~/ml4img/f4dficimg/dif_orid5k_balanced/4477_left.jpg,static/img/d69b769f1c924a74897ab201eb437451_4477_left.jpg
5215,e32e1521b7174bf3bc045341b02a42cf,4478_left.jpg,~/ml4img/f4dficimg/dif_orid5k_balanced/4478_left.jpg,static/img/e32e1521b7174bf3bc045341b02a42cf_4478_left.jpg
5216,5cad08a36f694249a0df495d24f715e6,4478_right.jpg,~/ml4img/f4dficimg/dif_orid5k_balanced/4478_right.jpg,static/img/5cad08a36f694249a0df495d24f715e6_4478_right.jpg
5217,816dbf42d1bf4dc2a1ff2cd17efc84a2,4480_right.jpg,~/ml4img/f4dficimg/dif_orid5k_balanced/4480_right.jpg,static/img/816dbf42d1bf4dc2a1ff2cd17efc84a2_4480_right.jpg
5218,9ff96db5041f4aa288acac9e8fc37379,4484_left.jpg,~/ml4img/f4dficimg/dif_orid5k_balanced/4484_left.jpg,static/img/9ff96db5041f4aa288acac9e8fc37379_4484_left.jpg
5219,13656536ddeb46ac94d2c334af557789,4484_right.jpg,~/ml4img/f4dficimg/dif_orid5k_balanced/4484_right.jpg,static/img/13656536ddeb46ac94d2c334af557789_4484_right.jpg
5220,15481304df9c4221966a2af0c92d652f,4486_right.jpg,~/ml4img/f4dficimg/dif_orid5k_balanced/4486_right.jpg,static/img/15481304df9c4221966a2af0c92d652f_4486_right.jpg
5221,4eb1053543b44da68f8b5f8ea97a9281,4488_left.jpg,~/ml4img/f4dficimg/dif_orid5k_balanced/4488_left.jpg,static/img/4eb1053543b44da68f8b5f8ea97a9281_4488_left.jpg
5222,4bb922bff5014c24b2646b07b2caa79b,4488_right.jpg,~/ml4img/f4dficimg/dif_orid5k_balanced/4488_right.jpg,static/img/4bb922bff5014c24b2646b07b2caa79b_4488_right.jpg
5223,3088fa24875a40f180d9ef65e8d82beb,4492_left.jpg,~/ml4img/f4dficimg/dif_orid5k_balanced/4492_left.jpg,static/img/3088fa24875a40f180d9ef65e8d82beb_4492_left.jpg
5224,25dc8ee173194df5a7c762aa73c5a7b6,4492_right.jpg,~/ml4img/f4dficimg/dif_orid5k_balanced/4492_right.jpg,static/img/25dc8ee173194df5a7c762aa73c5a7b6_4492_right.jpg
5225,1d305dbfde004cb5a7c143934551c2aa,4496_left.jpg,~/ml4img/f4dficimg/dif_orid5k_balanced/4496_left.jpg,static/img/1d305dbfde004cb5a7c143934551c2aa_4496_left.jpg
5226,c62e986994b34e51a175c9fefe663499,4496_right.jpg,~/ml4img/f4dficimg/dif_orid5k_balanced/4496_right.jpg,static/img/c62e986994b34e51a175c9fefe663499_4496_right.jpg
5227,ccdc931cbfa143278cabd79bc013a876,4497_right.jpg,~/ml4img/f4dficimg/dif_orid5k_balanced/4497_right.jpg,static/img/ccdc931cbfa143278cabd79bc013a876_4497_right.jpg
5228,af44bebef3854dc58e65ec1f939b199c,4498_left.jpg,~/ml4img/f4dficimg/dif_orid5k_balanced/4498_left.jpg,static/img/af44bebef3854dc58e65ec1f939b199c_4498_left.jpg
5229,85914f59c46c44e3aaf9bae4828d5eff,4498_right.jpg,~/ml4img/f4dficimg/dif_orid5k_balanced/4498_right.jpg,static/img/85914f59c46c44e3aaf9bae4828d5eff_4498_right.jpg
5230,646d382d3f37497085e927c0ea8547b1,4499_left.jpg,~/ml4img/f4dficimg/dif_orid5k_balanced/4499_left.jpg,static/img/646d382d3f37497085e927c0ea8547b1_4499_left.jpg
5231,8016a3ad1ffa46d8a5dbcecca91c92d9,4500_right.jpg,~/ml4img/f4dficimg/dif_orid5k_balanced/4500_right.jpg,static/img/8016a3ad1ffa46d8a5dbcecca91c92d9_4500_right.jpg
5232,ecf98ffc2817472eaaf66c382614b3f6,4502_right.jpg,~/ml4img/f4dficimg/dif_orid5k_balanced/4502_right.jpg,static/img/ecf98ffc2817472eaaf66c382614b3f6_4502_right.jpg
5233,0880845ad30a496cbe55a6749139c3f1,4506_right.jpg,~/ml4img/f4dficimg/dif_orid5k_balanced/4506_right.jpg,static/img/0880845ad30a496cbe55a6749139c3f1_4506_right.jpg
5234,77a7468ed504434e91fbf3ae7424d782,4507_right.jpg,~/ml4img/f4dficimg/dif_orid5k_balanced/4507_right.jpg,static/img/77a7468ed504434e91fbf3ae7424d782_4507_right.jpg
5235,fb935e5691354b5aa60ca6ed29d1624c,4508_right.jpg,~/ml4img/f4dficimg/dif_orid5k_balanced/4508_right.jpg,static/img/fb935e5691354b5aa60ca6ed29d1624c_4508_right.jpg
5236,f9a8475bf71e4fa3ab1c6c5e4ecc4147,4509_left.jpg,~/ml4img/f4dficimg/dif_orid5k_balanced/4509_left.jpg,static/img/f9a8475bf71e4fa3ab1c6c5e4ecc4147_4509_left.jpg
5237,6f6c14bda7ea4f138e4454a5125c301a,4511_left.jpg,~/ml4img/f4dficimg/dif_orid5k_balanced/4511_left.jpg,static/img/6f6c14bda7ea4f138e4454a5125c301a_4511_left.jpg
5238,60858bde8e5a4b128a507ef52507166a,4511_right.jpg,~/ml4img/f4dficimg/dif_orid5k_balanced/4511_right.jpg,static/img/60858bde8e5a4b128a507ef52507166a_4511_right.jpg
5239,8bada119054442118fe7ece070ea78e5,4512_left.jpg,~/ml4img/f4dficimg/dif_orid5k_balanced/4512_left.jpg,static/img/8bada119054442118fe7ece070ea78e5_4512_left.jpg
5240,86fda528a1744c5ea30c8e2f8f9d010b,4515_left.jpg,~/ml4img/f4dficimg/dif_orid5k_balanced/4515_left.jpg,static/img/86fda528a1744c5ea30c8e2f8f9d010b_4515_left.jpg
5241,02674e15ef3742d7b18c6ded522cb134,4515_right.jpg,~/ml4img/f4dficimg/dif_orid5k_balanced/4515_right.jpg,static/img/02674e15ef3742d7b18c6ded522cb134_4515_right.jpg
5242,65085b92ce8645bfadb6d86d97b88c69,4516_right.jpg,~/ml4img/f4dficimg/dif_orid5k_balanced/4516_right.jpg,static/img/65085b92ce8645bfadb6d86d97b88c69_4516_right.jpg
5243,f1c8c4c07fde4607b04e0e8bfe71cfad,4520_left.jpg,~/ml4img/f4dficimg/dif_orid5k_balanced/4520_left.jpg,static/img/f1c8c4c07fde4607b04e0e8bfe71cfad_4520_left.jpg
5244,3af5b3c5aeb04e9584f488c1a2ce276b,4522_right.jpg,~/ml4img/f4dficimg/dif_orid5k_balanced/4522_right.jpg,static/img/3af5b3c5aeb04e9584f488c1a2ce276b_4522_right.jpg
5245,9102ca6e49a64cf795718033d0f71be1,4524_right.jpg,~/ml4img/f4dficimg/dif_orid5k_balanced/4524_right.jpg,static/img/9102ca6e49a64cf795718033d0f71be1_4524_right.jpg
5246,20f43776160b48998ea0c29cff2cfd76,4525_right.jpg,~/ml4img/f4dficimg/dif_orid5k_balanced/4525_right.jpg,static/img/20f43776160b48998ea0c29cff2cfd76_4525_right.jpg
5247,de08917841b9400db281198173c77677,4527_left.jpg,~/ml4img/f4dficimg/dif_orid5k_balanced/4527_left.jpg,static/img/de08917841b9400db281198173c77677_4527_left.jpg
5248,a1060167f107401bb0347b879c43999f,4530_left.jpg,~/ml4img/f4dficimg/dif_orid5k_balanced/4530_left.jpg,static/img/a1060167f107401bb0347b879c43999f_4530_left.jpg
5249,d381dc8554fd4ccf8a9eea32d7b8a403,4536_left.jpg,~/ml4img/f4dficimg/dif_orid5k_balanced/4536_left.jpg,static/img/d381dc8554fd4ccf8a9eea32d7b8a403_4536_left.jpg
5250,f1e33a40326042e3a8efdf8330e4f9c7,4536_right.jpg,~/ml4img/f4dficimg/dif_orid5k_balanced/4536_right.jpg,static/img/f1e33a40326042e3a8efdf8330e4f9c7_4536_right.jpg
5251,1a219e41c0cf4a9186e92627ea32b204,4538_left.jpg,~/ml4img/f4dficimg/dif_orid5k_balanced/4538_left.jpg,static/img/1a219e41c0cf4a9186e92627ea32b204_4538_left.jpg
5252,261a0d3339554b458258daaba6484062,4538_right.jpg,~/ml4img/f4dficimg/dif_orid5k_balanced/4538_right.jpg,static/img/261a0d3339554b458258daaba6484062_4538_right.jpg
5253,5ce1f815ad81410ca257a3355787fda8,4539_right.jpg,~/ml4img/f4dficimg/dif_orid5k_balanced/4539_right.jpg,static/img/5ce1f815ad81410ca257a3355787fda8_4539_right.jpg
5254,fb2b8d87c07c447e8b3b2ba23d58c7cd,4543_left.jpg,~/ml4img/f4dficimg/dif_orid5k_balanced/4543_left.jpg,static/img/fb2b8d87c07c447e8b3b2ba23d58c7cd_4543_left.jpg
5255,3991ddaacb7f453489fe2906d9afe73c,4544_left.jpg,~/ml4img/f4dficimg/dif_orid5k_balanced/4544_left.jpg,static/img/3991ddaacb7f453489fe2906d9afe73c_4544_left.jpg
5256,c34127876b3d48688a4f073a40e03720,4545_right.jpg,~/ml4img/f4dficimg/dif_orid5k_balanced/4545_right.jpg,static/img/c34127876b3d48688a4f073a40e03720_4545_right.jpg
5257,6918323092e5469c87b70f2820a31643,4547_left.jpg,~/ml4img/f4dficimg/dif_orid5k_balanced/4547_left.jpg,static/img/6918323092e5469c87b70f2820a31643_4547_left.jpg
5258,d8c96b67f73e46c4a2423349f7dc38b7,4548_left.jpg,~/ml4img/f4dficimg/dif_orid5k_balanced/4548_left.jpg,static/img/d8c96b67f73e46c4a2423349f7dc38b7_4548_left.jpg
5259,8f99903cf49b4fd184d2840fee8179ef,4549_left.jpg,~/ml4img/f4dficimg/dif_orid5k_balanced/4549_left.jpg,static/img/8f99903cf49b4fd184d2840fee8179ef_4549_left.jpg
5260,bce59fe01b5e4cdea9feb0d4d016a074,4550_left.jpg,~/ml4img/f4dficimg/dif_orid5k_balanced/4550_left.jpg,static/img/bce59fe01b5e4cdea9feb0d4d016a074_4550_left.jpg
5261,fb1e9d1ee83444dda3490fb10452b080,4555_left.jpg,~/ml4img/f4dficimg/dif_orid5k_balanced/4555_left.jpg,static/img/fb1e9d1ee83444dda3490fb10452b080_4555_left.jpg
5262,a27ca6df9a3a4cf9832124be8f482434,4556_right.jpg,~/ml4img/f4dficimg/dif_orid5k_balanced/4556_right.jpg,static/img/a27ca6df9a3a4cf9832124be8f482434_4556_right.jpg
5263,3caf6dc109f04ebcaf77874c04c39ab5,4557_right.jpg,~/ml4img/f4dficimg/dif_orid5k_balanced/4557_right.jpg,static/img/3caf6dc109f04ebcaf77874c04c39ab5_4557_right.jpg
5264,0440ca34599b4dc3ab28f80708162c30,4558_left.jpg,~/ml4img/f4dficimg/dif_orid5k_balanced/4558_left.jpg,static/img/0440ca34599b4dc3ab28f80708162c30_4558_left.jpg
5265,83b9f1828a51464488534f7b73f726f1,4559_right.jpg,~/ml4img/f4dficimg/dif_orid5k_balanced/4559_right.jpg,static/img/83b9f1828a51464488534f7b73f726f1_4559_right.jpg
5266,b964e335ac9d46329b478c2f7a94c594,4560_left.jpg,~/ml4img/f4dficimg/dif_orid5k_balanced/4560_left.jpg,static/img/b964e335ac9d46329b478c2f7a94c594_4560_left.jpg
5267,301001f8a1ca452082dea68527f471e4,4561_right.jpg,~/ml4img/f4dficimg/dif_orid5k_balanced/4561_right.jpg,static/img/301001f8a1ca452082dea68527f471e4_4561_right.jpg
5268,79dc1eb176e04c64a507d3795749f8d7,4562_right.jpg,~/ml4img/f4dficimg/dif_orid5k_balanced/4562_right.jpg,static/img/79dc1eb176e04c64a507d3795749f8d7_4562_right.jpg
5269,ba94b73d553a40ba84f8b9447d85ae40,4563_left.jpg,~/ml4img/f4dficimg/dif_orid5k_balanced/4563_left.jpg,static/img/ba94b73d553a40ba84f8b9447d85ae40_4563_left.jpg
5270,f19e288edf9e49539048f34f770c8d14,4564_right.jpg,~/ml4img/f4dficimg/dif_orid5k_balanced/4564_right.jpg,static/img/f19e288edf9e49539048f34f770c8d14_4564_right.jpg
5271,d6ae1f9c38cd4ff29163ab5a7e0fd396,4568_right.jpg,~/ml4img/f4dficimg/dif_orid5k_balanced/4568_right.jpg,static/img/d6ae1f9c38cd4ff29163ab5a7e0fd396_4568_right.jpg
5272,995877aa0da844c1b5624ffb0fd27f2a,4570_left.jpg,~/ml4img/f4dficimg/dif_orid5k_balanced/4570_left.jpg,static/img/995877aa0da844c1b5624ffb0fd27f2a_4570_left.jpg
5273,011f07c64e6d49209cabcfee60e74c23,4570_right.jpg,~/ml4img/f4dficimg/dif_orid5k_balanced/4570_right.jpg,static/img/011f07c64e6d49209cabcfee60e74c23_4570_right.jpg
5274,d2d0112d34fb4907b33f9cfe45dd5389,4571_left.jpg,~/ml4img/f4dficimg/dif_orid5k_balanced/4571_left.jpg,static/img/d2d0112d34fb4907b33f9cfe45dd5389_4571_left.jpg
5275,562161d39424447194fda51bf9056a81,4572_left.jpg,~/ml4img/f4dficimg/dif_orid5k_balanced/4572_left.jpg,static/img/562161d39424447194fda51bf9056a81_4572_left.jpg
5276,ec179d0e3fcf4189a8b431ce8f0a28ba,4573_left.jpg,~/ml4img/f4dficimg/dif_orid5k_balanced/4573_left.jpg,static/img/ec179d0e3fcf4189a8b431ce8f0a28ba_4573_left.jpg
5277,60a68e88d6884659a2048f78f87a1202,4574_left.jpg,~/ml4img/f4dficimg/dif_orid5k_balanced/4574_left.jpg,static/img/60a68e88d6884659a2048f78f87a1202_4574_left.jpg
5278,c66d3e5038e6410f9f0353cf05c409c0,4575_left.jpg,~/ml4img/f4dficimg/dif_orid5k_balanced/4575_left.jpg,static/img/c66d3e5038e6410f9f0353cf05c409c0_4575_left.jpg
5279,48a83c924cd84791981924bcf2151d60,4577_left.jpg,~/ml4img/f4dficimg/dif_orid5k_balanced/4577_left.jpg,static/img/48a83c924cd84791981924bcf2151d60_4577_left.jpg
5280,ab2e4ce253ec4d8e961c55f2db86bfed,4578_left.jpg,~/ml4img/f4dficimg/dif_orid5k_balanced/4578_left.jpg,static/img/ab2e4ce253ec4d8e961c55f2db86bfed_4578_left.jpg
5281,9ca866d91a7f4e70b7bb58ab1bb6f090,4579_left.jpg,~/ml4img/f4dficimg/dif_orid5k_balanced/4579_left.jpg,static/img/9ca866d91a7f4e70b7bb58ab1bb6f090_4579_left.jpg
5282,6f7c707c80c144f88800f94c199ea959,4579_right.jpg,~/ml4img/f4dficimg/dif_orid5k_balanced/4579_right.jpg,static/img/6f7c707c80c144f88800f94c199ea959_4579_right.jpg
5283,49210a64bf124d6facc0b9dd785f45bf,4580_right.jpg,~/ml4img/f4dficimg/dif_orid5k_balanced/4580_right.jpg,static/img/49210a64bf124d6facc0b9dd785f45bf_4580_right.jpg
5284,b3c0c9a85d9c4db3a842a356fc14dba5,4581_left.jpg,~/ml4img/f4dficimg/dif_orid5k_balanced/4581_left.jpg,static/img/b3c0c9a85d9c4db3a842a356fc14dba5_4581_left.jpg
5285,d3cd1cdef779424a8f6fa62923dfb03d,4581_right.jpg,~/ml4img/f4dficimg/dif_orid5k_balanced/4581_right.jpg,static/img/d3cd1cdef779424a8f6fa62923dfb03d_4581_right.jpg
5286,db097a74fc7f4b32a8fc69df87dce54a,4583_left.jpg,~/ml4img/f4dficimg/dif_orid5k_balanced/4583_left.jpg,static/img/db097a74fc7f4b32a8fc69df87dce54a_4583_left.jpg
5287,5b0126b004f4440f941be3c17f1f1079,4584_left.jpg,~/ml4img/f4dficimg/dif_orid5k_balanced/4584_left.jpg,static/img/5b0126b004f4440f941be3c17f1f1079_4584_left.jpg
5288,c9289c6dad854206b7403cdf56edaac6,4584_right.jpg,~/ml4img/f4dficimg/dif_orid5k_balanced/4584_right.jpg,static/img/c9289c6dad854206b7403cdf56edaac6_4584_right.jpg
5289,1a56c497bc394a20b16018b9817e2d16,4585_left.jpg,~/ml4img/f4dficimg/dif_orid5k_balanced/4585_left.jpg,static/img/1a56c497bc394a20b16018b9817e2d16_4585_left.jpg
5290,df6a580680624572ab66abd37d6a725b,4586_left.jpg,~/ml4img/f4dficimg/dif_orid5k_balanced/4586_left.jpg,static/img/df6a580680624572ab66abd37d6a725b_4586_left.jpg
5291,5343586d085e48af8c4ab27b61f1f86d,4586_right.jpg,~/ml4img/f4dficimg/dif_orid5k_balanced/4586_right.jpg,static/img/5343586d085e48af8c4ab27b61f1f86d_4586_right.jpg
5292,442ba099fe534e2f8033bb31616a5ef5,4587_right.jpg,~/ml4img/f4dficimg/dif_orid5k_balanced/4587_right.jpg,static/img/442ba099fe534e2f8033bb31616a5ef5_4587_right.jpg
5293,5124d91c733d432ca29614c58bf95c96,4588_left.jpg,~/ml4img/f4dficimg/dif_orid5k_balanced/4588_left.jpg,static/img/5124d91c733d432ca29614c58bf95c96_4588_left.jpg
5294,d3eb831e3ba9451394b1ec0a9cbbc124,4589_right.jpg,~/ml4img/f4dficimg/dif_orid5k_balanced/4589_right.jpg,static/img/d3eb831e3ba9451394b1ec0a9cbbc124_4589_right.jpg
5295,cfb762ba54194c0389df0d3b66707653,4590_right.jpg,~/ml4img/f4dficimg/dif_orid5k_balanced/4590_right.jpg,static/img/cfb762ba54194c0389df0d3b66707653_4590_right.jpg
5296,4ec1d7b4865540aa89e1c007e70401c9,4591_left.jpg,~/ml4img/f4dficimg/dif_orid5k_balanced/4591_left.jpg,static/img/4ec1d7b4865540aa89e1c007e70401c9_4591_left.jpg
5297,302420da52f74c968c918cdc9041d5a2,4592_left.jpg,~/ml4img/f4dficimg/dif_orid5k_balanced/4592_left.jpg,static/img/302420da52f74c968c918cdc9041d5a2_4592_left.jpg
5298,5f5dc05f836f48f0858afaaf0225d3d4,4594_left.jpg,~/ml4img/f4dficimg/dif_orid5k_balanced/4594_left.jpg,static/img/5f5dc05f836f48f0858afaaf0225d3d4_4594_left.jpg
5299,9761b15bad084d96804de52af75e7317,4596_left.jpg,~/ml4img/f4dficimg/dif_orid5k_balanced/4596_left.jpg,static/img/9761b15bad084d96804de52af75e7317_4596_left.jpg
5300,2c6b3616e9e64c85b76b604ad0a338a5,4596_right.jpg,~/ml4img/f4dficimg/dif_orid5k_balanced/4596_right.jpg,static/img/2c6b3616e9e64c85b76b604ad0a338a5_4596_right.jpg
5301,72ca084d170b4962a696e73bf6f7db99,4597_left.jpg,~/ml4img/f4dficimg/dif_orid5k_balanced/4597_left.jpg,static/img/72ca084d170b4962a696e73bf6f7db99_4597_left.jpg
5302,9c910dad47b24897a657a127f930888a,4603_left.jpg,~/ml4img/f4dficimg/dif_orid5k_balanced/4603_left.jpg,static/img/9c910dad47b24897a657a127f930888a_4603_left.jpg
5303,b66aba4e868d4229b003e7ef8be52647,4603_right.jpg,~/ml4img/f4dficimg/dif_orid5k_balanced/4603_right.jpg,static/img/b66aba4e868d4229b003e7ef8be52647_4603_right.jpg
5304,d0fc44b330d54c80ad690e3c614f095a,4605_left.jpg,~/ml4img/f4dficimg/dif_orid5k_balanced/4605_left.jpg,static/img/d0fc44b330d54c80ad690e3c614f095a_4605_left.jpg
5305,2c612d7848dd442e9109319ad876643a,4605_right.jpg,~/ml4img/f4dficimg/dif_orid5k_balanced/4605_right.jpg,static/img/2c612d7848dd442e9109319ad876643a_4605_right.jpg
5306,b598391280214a2c9a95ebec563af9cf,4607_left.jpg,~/ml4img/f4dficimg/dif_orid5k_balanced/4607_left.jpg,static/img/b598391280214a2c9a95ebec563af9cf_4607_left.jpg
5307,93e6425a7cca46e09527e5a44f9cf1de,4607_right.jpg,~/ml4img/f4dficimg/dif_orid5k_balanced/4607_right.jpg,static/img/93e6425a7cca46e09527e5a44f9cf1de_4607_right.jpg
5308,e761643d34ce423f91a1023e12bb8b7a,4608_left.jpg,~/ml4img/f4dficimg/dif_orid5k_balanced/4608_left.jpg,static/img/e761643d34ce423f91a1023e12bb8b7a_4608_left.jpg
5309,9d523fdd155e4e86bc2d52ca7d6477c6,4610_left.jpg,~/ml4img/f4dficimg/dif_orid5k_balanced/4610_left.jpg,static/img/9d523fdd155e4e86bc2d52ca7d6477c6_4610_left.jpg
5310,d51b1338be194983a0b4415f427ee014,4613_left.jpg,~/ml4img/f4dficimg/dif_orid5k_balanced/4613_left.jpg,static/img/d51b1338be194983a0b4415f427ee014_4613_left.jpg
5311,c7209bd7cb97444db35c6c7d55482c20,4614_left.jpg,~/ml4img/f4dficimg/dif_orid5k_balanced/4614_left.jpg,static/img/c7209bd7cb97444db35c6c7d55482c20_4614_left.jpg
5312,2b23515d54074b1494b844a302c9ad30,4614_right.jpg,~/ml4img/f4dficimg/dif_orid5k_balanced/4614_right.jpg,static/img/2b23515d54074b1494b844a302c9ad30_4614_right.jpg
5313,249a0c3098594101a4cda9f8576b2dbd,4615_left.jpg,~/ml4img/f4dficimg/dif_orid5k_balanced/4615_left.jpg,static/img/249a0c3098594101a4cda9f8576b2dbd_4615_left.jpg
5314,4a6f4fd9766243c28a5aa543e27a24df,4616_left.jpg,~/ml4img/f4dficimg/dif_orid5k_balanced/4616_left.jpg,static/img/4a6f4fd9766243c28a5aa543e27a24df_4616_left.jpg
5315,25e60da15d7f41858f8541963c87b846,4616_right.jpg,~/ml4img/f4dficimg/dif_orid5k_balanced/4616_right.jpg,static/img/25e60da15d7f41858f8541963c87b846_4616_right.jpg
5316,c47fa81f0ae64c5493724289c9274611,4617_left.jpg,~/ml4img/f4dficimg/dif_orid5k_balanced/4617_left.jpg,static/img/c47fa81f0ae64c5493724289c9274611_4617_left.jpg
5317,a6448a9c697645a0afa655d709f92612,4618_left.jpg,~/ml4img/f4dficimg/dif_orid5k_balanced/4618_left.jpg,static/img/a6448a9c697645a0afa655d709f92612_4618_left.jpg
5318,8d52fc90bde3490a8f900f979fa429e0,4620_left.jpg,~/ml4img/f4dficimg/dif_orid5k_balanced/4620_left.jpg,static/img/8d52fc90bde3490a8f900f979fa429e0_4620_left.jpg
5319,f1ae11e152194e52a73aa517dbf35bd1,4622_left.jpg,~/ml4img/f4dficimg/dif_orid5k_balanced/4622_left.jpg,static/img/f1ae11e152194e52a73aa517dbf35bd1_4622_left.jpg
5320,b6bfc347adc2414abe3bd57a1444d97f,4623_right.jpg,~/ml4img/f4dficimg/dif_orid5k_balanced/4623_right.jpg,static/img/b6bfc347adc2414abe3bd57a1444d97f_4623_right.jpg
5321,5574e3736b864c208a0cfb87232498df,4624_left.jpg,~/ml4img/f4dficimg/dif_orid5k_balanced/4624_left.jpg,static/img/5574e3736b864c208a0cfb87232498df_4624_left.jpg
5322,83bcfba10489404bb42cb44f393e4557,4627_left.jpg,~/ml4img/f4dficimg/dif_orid5k_balanced/4627_left.jpg,static/img/83bcfba10489404bb42cb44f393e4557_4627_left.jpg
5323,24cfd979700a41c79442357cf3f96352,4628_left.jpg,~/ml4img/f4dficimg/dif_orid5k_balanced/4628_left.jpg,static/img/24cfd979700a41c79442357cf3f96352_4628_left.jpg
5324,da351e580c3e4806abbe0efc39561eb1,4628_right.jpg,~/ml4img/f4dficimg/dif_orid5k_balanced/4628_right.jpg,static/img/da351e580c3e4806abbe0efc39561eb1_4628_right.jpg
5325,1c897fc1c76441a0a364b1121727514e,4629_right.jpg,~/ml4img/f4dficimg/dif_orid5k_balanced/4629_right.jpg,static/img/1c897fc1c76441a0a364b1121727514e_4629_right.jpg
5326,384fbb8d56eb441b84774cfa574f5725,4630_left.jpg,~/ml4img/f4dficimg/dif_orid5k_balanced/4630_left.jpg,static/img/384fbb8d56eb441b84774cfa574f5725_4630_left.jpg
5327,8ec901604f02427eadaea73271aff546,4630_right.jpg,~/ml4img/f4dficimg/dif_orid5k_balanced/4630_right.jpg,static/img/8ec901604f02427eadaea73271aff546_4630_right.jpg
5328,b9c94e8db7c7424dbefff0bba4246524,4631_left.jpg,~/ml4img/f4dficimg/dif_orid5k_balanced/4631_left.jpg,static/img/b9c94e8db7c7424dbefff0bba4246524_4631_left.jpg
5329,8840cbdd496a453b8bdd659b69bfd06b,4631_right.jpg,~/ml4img/f4dficimg/dif_orid5k_balanced/4631_right.jpg,static/img/8840cbdd496a453b8bdd659b69bfd06b_4631_right.jpg
5330,b83f0144b890440f8b392fa82b2e1daf,4632_right.jpg,~/ml4img/f4dficimg/dif_orid5k_balanced/4632_right.jpg,static/img/b83f0144b890440f8b392fa82b2e1daf_4632_right.jpg
5331,831d7de36a594d80882125a0734e1113,4633_left.jpg,~/ml4img/f4dficimg/dif_orid5k_balanced/4633_left.jpg,static/img/831d7de36a594d80882125a0734e1113_4633_left.jpg
5332,641e3cd57e1d489482b8722d81e3ee4e,4634_right.jpg,~/ml4img/f4dficimg/dif_orid5k_balanced/4634_right.jpg,static/img/641e3cd57e1d489482b8722d81e3ee4e_4634_right.jpg
5333,d404c46206ea4bd5afa60dab0b2f4e1e,4635_right.jpg,~/ml4img/f4dficimg/dif_orid5k_balanced/4635_right.jpg,static/img/d404c46206ea4bd5afa60dab0b2f4e1e_4635_right.jpg
5334,0056c4d6931341ff947697e68d6bb341,4636_left.jpg,~/ml4img/f4dficimg/dif_orid5k_balanced/4636_left.jpg,static/img/0056c4d6931341ff947697e68d6bb341_4636_left.jpg
5335,8923a466e5d84feeb3e8f6fa7835cbba,4637_right.jpg,~/ml4img/f4dficimg/dif_orid5k_balanced/4637_right.jpg,static/img/8923a466e5d84feeb3e8f6fa7835cbba_4637_right.jpg
5336,8e03824de01e4eb29f7f5073092d7882,4639_left.jpg,~/ml4img/f4dficimg/dif_orid5k_balanced/4639_left.jpg,static/img/8e03824de01e4eb29f7f5073092d7882_4639_left.jpg
5337,8c5c9f95a6cc4a199dc06ce2b7048a01,4640_left.jpg,~/ml4img/f4dficimg/dif_orid5k_balanced/4640_left.jpg,static/img/8c5c9f95a6cc4a199dc06ce2b7048a01_4640_left.jpg
5338,1d71d78ff2954f7e978e5e99176b8490,4641_left.jpg,~/ml4img/f4dficimg/dif_orid5k_balanced/4641_left.jpg,static/img/1d71d78ff2954f7e978e5e99176b8490_4641_left.jpg
5339,992020540deb4d488330f4d11d701df6,4641_right.jpg,~/ml4img/f4dficimg/dif_orid5k_balanced/4641_right.jpg,static/img/992020540deb4d488330f4d11d701df6_4641_right.jpg
5340,e5e644f9950e482eace044d28cd58a10,4642_left.jpg,~/ml4img/f4dficimg/dif_orid5k_balanced/4642_left.jpg,static/img/e5e644f9950e482eace044d28cd58a10_4642_left.jpg
5341,dcf67aabe4384da993c9872db42eb90c,4642_right.jpg,~/ml4img/f4dficimg/dif_orid5k_balanced/4642_right.jpg,static/img/dcf67aabe4384da993c9872db42eb90c_4642_right.jpg
5342,37f1347cdd51404bb94508312017c7c6,4643_left.jpg,~/ml4img/f4dficimg/dif_orid5k_balanced/4643_left.jpg,static/img/37f1347cdd51404bb94508312017c7c6_4643_left.jpg
5343,cbf3ced95f5c462ba296006bb2916017,4645_right.jpg,~/ml4img/f4dficimg/dif_orid5k_balanced/4645_right.jpg,static/img/cbf3ced95f5c462ba296006bb2916017_4645_right.jpg
5344,60fe859a77f7459fa59a246ee2013fbd,4647_right.jpg,~/ml4img/f4dficimg/dif_orid5k_balanced/4647_right.jpg,static/img/60fe859a77f7459fa59a246ee2013fbd_4647_right.jpg
5345,f6fef6a27ec740ce8dd26abd2e9c74aa,4651_right.jpg,~/ml4img/f4dficimg/dif_orid5k_balanced/4651_right.jpg,static/img/f6fef6a27ec740ce8dd26abd2e9c74aa_4651_right.jpg
5346,f1e92b2cb5bf44e0a913b5dd7f9812bc,4653_right.jpg,~/ml4img/f4dficimg/dif_orid5k_balanced/4653_right.jpg,static/img/f1e92b2cb5bf44e0a913b5dd7f9812bc_4653_right.jpg
5347,9e3d2e500ca9451c959df85144b5d4f3,4655_left.jpg,~/ml4img/f4dficimg/dif_orid5k_balanced/4655_left.jpg,static/img/9e3d2e500ca9451c959df85144b5d4f3_4655_left.jpg
5348,f398db6a8ebd4431ae168008e2cbdd2f,4657_left.jpg,~/ml4img/f4dficimg/dif_orid5k_balanced/4657_left.jpg,static/img/f398db6a8ebd4431ae168008e2cbdd2f_4657_left.jpg
5349,dcb7ad106bde46e991d1a579c16a092f,4658_left.jpg,~/ml4img/f4dficimg/dif_orid5k_balanced/4658_left.jpg,static/img/dcb7ad106bde46e991d1a579c16a092f_4658_left.jpg
5350,4fca2f34e16647e69c4648aa9b477fb0,4658_right.jpg,~/ml4img/f4dficimg/dif_orid5k_balanced/4658_right.jpg,static/img/4fca2f34e16647e69c4648aa9b477fb0_4658_right.jpg
5351,b896895d92db4aabb34920ce01da1205,4659_left.jpg,~/ml4img/f4dficimg/dif_orid5k_balanced/4659_left.jpg,static/img/b896895d92db4aabb34920ce01da1205_4659_left.jpg
5352,d0e84192f2574048b6045e13ebab5695,4660_right.jpg,~/ml4img/f4dficimg/dif_orid5k_balanced/4660_right.jpg,static/img/d0e84192f2574048b6045e13ebab5695_4660_right.jpg
5353,df72d5e544ee4b61a3c930e57d03fc71,4664_right.jpg,~/ml4img/f4dficimg/dif_orid5k_balanced/4664_right.jpg,static/img/df72d5e544ee4b61a3c930e57d03fc71_4664_right.jpg
5354,88b35ca938ed451e8b060612ee6f61ed,4669_right.jpg,~/ml4img/f4dficimg/dif_orid5k_balanced/4669_right.jpg,static/img/88b35ca938ed451e8b060612ee6f61ed_4669_right.jpg
5355,73ba0ba51cb743239cf6ec79db802b62,4670_right.jpg,~/ml4img/f4dficimg/dif_orid5k_balanced/4670_right.jpg,static/img/73ba0ba51cb743239cf6ec79db802b62_4670_right.jpg
5356,c17b3b4d91e64574ba88fb1f46d7af07,4671_right.jpg,~/ml4img/f4dficimg/dif_orid5k_balanced/4671_right.jpg,static/img/c17b3b4d91e64574ba88fb1f46d7af07_4671_right.jpg
5357,5db8fe906b584e9892d83b2722ce73ec,4672_right.jpg,~/ml4img/f4dficimg/dif_orid5k_balanced/4672_right.jpg,static/img/5db8fe906b584e9892d83b2722ce73ec_4672_right.jpg
5358,6f37c5becb204636a99f5d9355f8c179,4673_left.jpg,~/ml4img/f4dficimg/dif_orid5k_balanced/4673_left.jpg,static/img/6f37c5becb204636a99f5d9355f8c179_4673_left.jpg
5359,0aaded48d14a4046a888236686a160f1,4676_right.jpg,~/ml4img/f4dficimg/dif_orid5k_balanced/4676_right.jpg,static/img/0aaded48d14a4046a888236686a160f1_4676_right.jpg
5360,0c53d5321636459d8e057c5bb987fb37,4677_left.jpg,~/ml4img/f4dficimg/dif_orid5k_balanced/4677_left.jpg,static/img/0c53d5321636459d8e057c5bb987fb37_4677_left.jpg
5361,ff21c71053e6455094246f500ff50c36,4677_right.jpg,~/ml4img/f4dficimg/dif_orid5k_balanced/4677_right.jpg,static/img/ff21c71053e6455094246f500ff50c36_4677_right.jpg
5362,909f3a80012c47bd9dc980eda3d50e04,4678_right.jpg,~/ml4img/f4dficimg/dif_orid5k_balanced/4678_right.jpg,static/img/909f3a80012c47bd9dc980eda3d50e04_4678_right.jpg
5363,cf9fd74b0f8d4f98ae16daaab288a837,4679_right.jpg,~/ml4img/f4dficimg/dif_orid5k_balanced/4679_right.jpg,static/img/cf9fd74b0f8d4f98ae16daaab288a837_4679_right.jpg
5364,62ba5bd4637649eb8b63a012f5016afb,4682_left.jpg,~/ml4img/f4dficimg/dif_orid5k_balanced/4682_left.jpg,static/img/62ba5bd4637649eb8b63a012f5016afb_4682_left.jpg
5365,7380ac8711394849ac02fa3b83f15555,4683_right.jpg,~/ml4img/f4dficimg/dif_orid5k_balanced/4683_right.jpg,static/img/7380ac8711394849ac02fa3b83f15555_4683_right.jpg
5366,e5854774911a4724948dc1e65b90af2e,4688_left.jpg,~/ml4img/f4dficimg/dif_orid5k_balanced/4688_left.jpg,static/img/e5854774911a4724948dc1e65b90af2e_4688_left.jpg
5367,2daca1fe02c0487997b154f824663923,4784_left.jpg,~/ml4img/f4dficimg/dif_orid5k_balanced/4784_left.jpg,static/img/2daca1fe02c0487997b154f824663923_4784_left.jpg
5368,53abd6fd411f4bbf868db73b9cd4f8a2,4784_right.jpg,~/ml4img/f4dficimg/dif_orid5k_balanced/4784_right.jpg,static/img/53abd6fd411f4bbf868db73b9cd4f8a2_4784_right.jpg
