image_id,uuid_prefix,original_filename,f4dficimg_path,xlsx_image_path
5369,9404a7017326433cbafbf98a6d0c8e83,gl-0010.jpg,~/ml4img/f4dficimg/dif_MRItumor/gl-0010.jpg,static/img/9404a7017326433cbafbf98a6d0c8e83_gl-0010.jpg
5370,157ebdfb8b2049d48b69ede4eb529c42,gl-0014.jpg,~/ml4img/f4dficimg/dif_MRItumor/gl-0014.jpg,static/img/157ebdfb8b2049d48b69ede4eb529c42_gl-0014.jpg
5371,da86c3953b8143e0a5f6be67db398c65,gl-0016.jpg,~/ml4img/f4dficimg/dif_MRItumor/gl-0016.jpg,static/img/da86c3953b8143e0a5f6be67db398c65_gl-0016.jpg
5372,1dbce150689b4651b61d78001797a5e7,gl-0020.jpg,~/ml4img/f4dficimg/dif_MRItumor/gl-0020.jpg,static/img/1dbce150689b4651b61d78001797a5e7_gl-0020.jpg
5373,52b5944ae40544e89b26e670de6cc07a,gl-0021.jpg,~/ml4img/f4dficimg/dif_MRItumor/gl-0021.jpg,static/img/52b5944ae40544e89b26e670de6cc07a_gl-0021.jpg
5374,78e2f2d33ab14521a269f3ffceac9fc2,gl-0022.jpg,~/ml4img/f4dficimg/dif_MRItumor/gl-0022.jpg,static/img/78e2f2d33ab14521a269f3ffceac9fc2_gl-0022.jpg
5375,35cb3dfa873848f9b1faa5e1af55b2e7,gl-0030.jpg,~/ml4img/f4dficimg/dif_MRItumor/gl-0030.jpg,static/img/35cb3dfa873848f9b1faa5e1af55b2e7_gl-0030.jpg
5376,8e8f3e19e68e4e98b233084d6624fb1f,gl-0035.jpg,~/ml4img/f4dficimg/dif_MRItumor/gl-0035.jpg,static/img/8e8f3e19e68e4e98b233084d6624fb1f_gl-0035.jpg
5377,e47451d88e13455dbc7d2704a1f69c2a,gl-0036.jpg,~/ml4img/f4dficimg/dif_MRItumor/gl-0036.jpg,static/img/e47451d88e13455dbc7d2704a1f69c2a_gl-0036.jpg
5378,59df1807a7d14ddcb4ec32d813e91888,gl-0045.jpg,~/ml4img/f4dficimg/dif_MRItumor/gl-0045.jpg,static/img/59df1807a7d14ddcb4ec32d813e91888_gl-0045.jpg
5379,9ec4745fbb8a45d2ac12cab01736448e,gl-0049.jpg,~/ml4img/f4dficimg/dif_MRItumor/gl-0049.jpg,static/img/9ec4745fbb8a45d2ac12cab01736448e_gl-0049.jpg
5380,d524ee40d3864572b719862805d23fdc,gl-0056.jpg,~/ml4img/f4dficimg/dif_MRItumor/gl-0056.jpg,static/img/d524ee40d3864572b719862805d23fdc_gl-0056.jpg
5381,8a6fe40a7e9d42e0afd33e3e901993c6,gl-0057.jpg,~/ml4img/f4dficimg/dif_MRItumor/gl-0057.jpg,static/img/8a6fe40a7e9d42e0afd33e3e901993c6_gl-0057.jpg
5382,395c44120ce0482ab6e48481710ec1fc,gl-0060.jpg,~/ml4img/f4dficimg/dif_MRItumor/gl-0060.jpg,static/img/395c44120ce0482ab6e48481710ec1fc_gl-0060.jpg
5383,7aa6125403b847fc88721ed51e03cea4,gl-0065.jpg,~/ml4img/f4dficimg/dif_MRItumor/gl-0065.jpg,static/img/7aa6125403b847fc88721ed51e03cea4_gl-0065.jpg
5384,e12e28e8c3774d6d878f0f8d37cac05d,gl-0072.jpg,~/ml4img/f4dficimg/dif_MRItumor/gl-0072.jpg,static/img/e12e28e8c3774d6d878f0f8d37cac05d_gl-0072.jpg
5385,0a9c4f39d10e4829a489e1c3cae5ea08,gl-0084.jpg,~/ml4img/f4dficimg/dif_MRItumor/gl-0084.jpg,static/img/0a9c4f39d10e4829a489e1c3cae5ea08_gl-0084.jpg
5386,ff2c322c0034439a9cfa8d4eed264b53,gl-0087.jpg,~/ml4img/f4dficimg/dif_MRItumor/gl-0087.jpg,static/img/ff2c322c0034439a9cfa8d4eed264b53_gl-0087.jpg
5387,56305afc69404cc6be488a37f1fd82fd,gl-0088.jpg,~/ml4img/f4dficimg/dif_MRItumor/gl-0088.jpg,static/img/56305afc69404cc6be488a37f1fd82fd_gl-0088.jpg
5388,8a252e151ac94cc494a2294ec32f43df,gl-0089.jpg,~/ml4img/f4dficimg/dif_MRItumor/gl-0089.jpg,static/img/8a252e151ac94cc494a2294ec32f43df_gl-0089.jpg
5389,37671947be174397a9e08c4b8d3c0e97,gl-0093.jpg,~/ml4img/f4dficimg/dif_MRItumor/gl-0093.jpg,static/img/37671947be174397a9e08c4b8d3c0e97_gl-0093.jpg
5390,83e08e8c6aa64c49ab49ff5056ffa745,gl-0094.jpg,~/ml4img/f4dficimg/dif_MRItumor/gl-0094.jpg,static/img/83e08e8c6aa64c49ab49ff5056ffa745_gl-0094.jpg
5391,e3c8d4398ed74620b4e62b11225489ca,gl-0095.jpg,~/ml4img/f4dficimg/dif_MRItumor/gl-0095.jpg,static/img/e3c8d4398ed74620b4e62b11225489ca_gl-0095.jpg
5392,f694af2ae9b84c339b6bb4a2126fc52b,gl-0099.jpg,~/ml4img/f4dficimg/dif_MRItumor/gl-0099.jpg,static/img/f694af2ae9b84c339b6bb4a2126fc52b_gl-0099.jpg
5393,f443cf96ab124295b06b45d4c43deca3,gl-0100.jpg,~/ml4img/f4dficimg/dif_MRItumor/gl-0100.jpg,static/img/f443cf96ab124295b06b45d4c43deca3_gl-0100.jpg
5394,7a0020214bae4c16b8c027e931a34dd6,gl-0108.jpg,~/ml4img/f4dficimg/dif_MRItumor/gl-0108.jpg,static/img/7a0020214bae4c16b8c027e931a34dd6_gl-0108.jpg
5395,7083963389fe441bbf6acec5c0e6baa6,gl-0109.jpg,~/ml4img/f4dficimg/dif_MRItumor/gl-0109.jpg,static/img/7083963389fe441bbf6acec5c0e6baa6_gl-0109.jpg
5396,4f35a10e90914890bfbe7a395fc0b43b,gl-0110.jpg,~/ml4img/f4dficimg/dif_MRItumor/gl-0110.jpg,static/img/4f35a10e90914890bfbe7a395fc0b43b_gl-0110.jpg
5397,91322ec8f3074f0d9a9b871ceab1e93f,gl-0113.jpg,~/ml4img/f4dficimg/dif_MRItumor/gl-0113.jpg,static/img/91322ec8f3074f0d9a9b871ceab1e93f_gl-0113.jpg
5398,9e12f9df3aaa4386aab522e393fc948d,gl-0116.jpg,~/ml4img/f4dficimg/dif_MRItumor/gl-0116.jpg,static/img/9e12f9df3aaa4386aab522e393fc948d_gl-0116.jpg
5399,c636a5f5be2a42e28c71a8cb5a7ceca7,gl-0117.jpg,~/ml4img/f4dficimg/dif_MRItumor/gl-0117.jpg,static/img/c636a5f5be2a42e28c71a8cb5a7ceca7_gl-0117.jpg
5400,0733fef5352f4c4eab42b6bfbd06af89,gl-0119.jpg,~/ml4img/f4dficimg/dif_MRItumor/gl-0119.jpg,static/img/0733fef5352f4c4eab42b6bfbd06af89_gl-0119.jpg
5401,8d2d70837aa34c248d316223b717574d,gl-0125.jpg,~/ml4img/f4dficimg/dif_MRItumor/gl-0125.jpg,static/img/8d2d70837aa34c248d316223b717574d_gl-0125.jpg
5402,ad569af1c7d342109a1716b123690f91,gl-0126.jpg,~/ml4img/f4dficimg/dif_MRItumor/gl-0126.jpg,static/img/ad569af1c7d342109a1716b123690f91_gl-0126.jpg
5403,a6a487c4a3bb4c8bbe63bbb1faebb5ae,gl-0127.jpg,~/ml4img/f4dficimg/dif_MRItumor/gl-0127.jpg,static/img/a6a487c4a3bb4c8bbe63bbb1faebb5ae_gl-0127.jpg
5404,fc542cfb63cb4a58a3ce5176c1bc3e3f,gl-0129.jpg,~/ml4img/f4dficimg/dif_MRItumor/gl-0129.jpg,static/img/fc542cfb63cb4a58a3ce5176c1bc3e3f_gl-0129.jpg
5405,830abae30a654186af52978a87070107,gl-0130.jpg,~/ml4img/f4dficimg/dif_MRItumor/gl-0130.jpg,static/img/830abae30a654186af52978a87070107_gl-0130.jpg
5406,19327e74228947d4b1854557a861a3d4,gl-0131.jpg,~/ml4img/f4dficimg/dif_MRItumor/gl-0131.jpg,static/img/19327e74228947d4b1854557a861a3d4_gl-0131.jpg
5407,a1083a7ecf6942bcbb173a33c89ad739,gl-0134.jpg,~/ml4img/f4dficimg/dif_MRItumor/gl-0134.jpg,static/img/a1083a7ecf6942bcbb173a33c89ad739_gl-0134.jpg
5408,5784f335573442ef91144bef8ed2f57c,gl-0136.jpg,~/ml4img/f4dficimg/dif_MRItumor/gl-0136.jpg,static/img/5784f335573442ef91144bef8ed2f57c_gl-0136.jpg
5409,6c59fc89dc044083b29c95ae20d26618,gl-0137.jpg,~/ml4img/f4dficimg/dif_MRItumor/gl-0137.jpg,static/img/6c59fc89dc044083b29c95ae20d26618_gl-0137.jpg
5410,982a6fa377b94b91af01562732542880,gl-0138.jpg,~/ml4img/f4dficimg/dif_MRItumor/gl-0138.jpg,static/img/982a6fa377b94b91af01562732542880_gl-0138.jpg
5411,b51cec3e55104c86820a4b1a4982f915,gl-0140.jpg,~/ml4img/f4dficimg/dif_MRItumor/gl-0140.jpg,static/img/b51cec3e55104c86820a4b1a4982f915_gl-0140.jpg
5412,e598b9575e35428aacf53f2a83806926,gl-0146.jpg,~/ml4img/f4dficimg/dif_MRItumor/gl-0146.jpg,static/img/e598b9575e35428aacf53f2a83806926_gl-0146.jpg
5413,c80d71d558de491897e89e558f53052b,gl-0151.jpg,~/ml4img/f4dficimg/dif_MRItumor/gl-0151.jpg,static/img/c80d71d558de491897e89e558f53052b_gl-0151.jpg
5414,0cc9ba3ce0f34b888270098b16593676,gl-0160.jpg,~/ml4img/f4dficimg/dif_MRItumor/gl-0160.jpg,static/img/0cc9ba3ce0f34b888270098b16593676_gl-0160.jpg
5415,e06236e16d0a4ae7ab71ebc1a5394612,gl-0161.jpg,~/ml4img/f4dficimg/dif_MRItumor/gl-0161.jpg,static/img/e06236e16d0a4ae7ab71ebc1a5394612_gl-0161.jpg
5416,bd99717a188c492d85152f147f406429,gl-0162.jpg,~/ml4img/f4dficimg/dif_MRItumor/gl-0162.jpg,static/img/bd99717a188c492d85152f147f406429_gl-0162.jpg
5417,0aa8d6de643e482480225d5c1949d2e0,gl-0163.jpg,~/ml4img/f4dficimg/dif_MRItumor/gl-0163.jpg,static/img/0aa8d6de643e482480225d5c1949d2e0_gl-0163.jpg
5418,a7517125496f458798df056f917f2db9,gl-0170.jpg,~/ml4img/f4dficimg/dif_MRItumor/gl-0170.jpg,static/img/a7517125496f458798df056f917f2db9_gl-0170.jpg
5419,d65adaab292f4b23bd20cf4fda09aeb8,gl-0172.jpg,~/ml4img/f4dficimg/dif_MRItumor/gl-0172.jpg,static/img/d65adaab292f4b23bd20cf4fda09aeb8_gl-0172.jpg
5420,1190f45f35b440ec9e6cf51b0c079a13,gl-0179.jpg,~/ml4img/f4dficimg/dif_MRItumor/gl-0179.jpg,static/img/1190f45f35b440ec9e6cf51b0c079a13_gl-0179.jpg
5421,7240a703c99744e4b792c80c7570fa20,gl-0187.jpg,~/ml4img/f4dficimg/dif_MRItumor/gl-0187.jpg,static/img/7240a703c99744e4b792c80c7570fa20_gl-0187.jpg
5422,202fb09d5bb747e687d9af60d7e28788,gl-0189.jpg,~/ml4img/f4dficimg/dif_MRItumor/gl-0189.jpg,static/img/202fb09d5bb747e687d9af60d7e28788_gl-0189.jpg
5423,150927a3924b4848a1e3a65f0b01ba62,gl-0191.jpg,~/ml4img/f4dficimg/dif_MRItumor/gl-0191.jpg,static/img/150927a3924b4848a1e3a65f0b01ba62_gl-0191.jpg
5424,020fbe5db8f24cc4ab0c09ac4e521fb2,gl-0192.jpg,~/ml4img/f4dficimg/dif_MRItumor/gl-0192.jpg,static/img/020fbe5db8f24cc4ab0c09ac4e521fb2_gl-0192.jpg
5425,e8045e4104fb49048241a49295bde052,gl-0193.jpg,~/ml4img/f4dficimg/dif_MRItumor/gl-0193.jpg,static/img/e8045e4104fb49048241a49295bde052_gl-0193.jpg
5426,4a4960e5442c45c69838a98c934fb006,gl-0194.jpg,~/ml4img/f4dficimg/dif_MRItumor/gl-0194.jpg,static/img/4a4960e5442c45c69838a98c934fb006_gl-0194.jpg
5427,0a946221405740bba975780230a3b32a,gl-0200.jpg,~/ml4img/f4dficimg/dif_MRItumor/gl-0200.jpg,static/img/0a946221405740bba975780230a3b32a_gl-0200.jpg
5428,6de3894402c74fe7b4691078ee5acdad,gl-0204.jpg,~/ml4img/f4dficimg/dif_MRItumor/gl-0204.jpg,static/img/6de3894402c74fe7b4691078ee5acdad_gl-0204.jpg
5429,052f9e346a434bad84cf607ecfa99d0b,gl-0205.jpg,~/ml4img/f4dficimg/dif_MRItumor/gl-0205.jpg,static/img/052f9e346a434bad84cf607ecfa99d0b_gl-0205.jpg
5430,881098877b7f446f996882106bbade44,gl-0207.jpg,~/ml4img/f4dficimg/dif_MRItumor/gl-0207.jpg,static/img/881098877b7f446f996882106bbade44_gl-0207.jpg
5431,13428a396f294d8cb378f2691d045d91,gl-0208.jpg,~/ml4img/f4dficimg/dif_MRItumor/gl-0208.jpg,static/img/13428a396f294d8cb378f2691d045d91_gl-0208.jpg
5432,a0c848d435164702b895853598cd6922,gl-0211.jpg,~/ml4img/f4dficimg/dif_MRItumor/gl-0211.jpg,static/img/a0c848d435164702b895853598cd6922_gl-0211.jpg
5433,41759088b0d04a9395cbd2476759a5ce,gl-0214.jpg,~/ml4img/f4dficimg/dif_MRItumor/gl-0214.jpg,static/img/41759088b0d04a9395cbd2476759a5ce_gl-0214.jpg
5434,e456b39a910f46cf8b4cf1964176d53b,gl-0216.jpg,~/ml4img/f4dficimg/dif_MRItumor/gl-0216.jpg,static/img/e456b39a910f46cf8b4cf1964176d53b_gl-0216.jpg
5435,1e8e949a67fb4831925162fbef329815,gl-0219.jpg,~/ml4img/f4dficimg/dif_MRItumor/gl-0219.jpg,static/img/1e8e949a67fb4831925162fbef329815_gl-0219.jpg
5436,7ecf7bd2c5d74c3d9006da34ffbb4fc2,gl-0220.jpg,~/ml4img/f4dficimg/dif_MRItumor/gl-0220.jpg,static/img/7ecf7bd2c5d74c3d9006da34ffbb4fc2_gl-0220.jpg
5437,bcd670c357c441e5af77ee24bf6c8321,gl-0221.jpg,~/ml4img/f4dficimg/dif_MRItumor/gl-0221.jpg,static/img/bcd670c357c441e5af77ee24bf6c8321_gl-0221.jpg
5438,21a490a1c0ca41589e889ffce8d8325f,gl-0225.jpg,~/ml4img/f4dficimg/dif_MRItumor/gl-0225.jpg,static/img/21a490a1c0ca41589e889ffce8d8325f_gl-0225.jpg
5439,8a9f3cb8a61c4196a105305419c06a28,gl-0228.jpg,~/ml4img/f4dficimg/dif_MRItumor/gl-0228.jpg,static/img/8a9f3cb8a61c4196a105305419c06a28_gl-0228.jpg
5440,7d6c54d48b8a4425b89deb6c7042dcb0,gl-0229.jpg,~/ml4img/f4dficimg/dif_MRItumor/gl-0229.jpg,static/img/7d6c54d48b8a4425b89deb6c7042dcb0_gl-0229.jpg
5441,3fe56bc22f564bf194d72316e0e927d7,gl-0233.jpg,~/ml4img/f4dficimg/dif_MRItumor/gl-0233.jpg,static/img/3fe56bc22f564bf194d72316e0e927d7_gl-0233.jpg
5442,9c454f360d8149aa9a302d5874808371,gl-0239.jpg,~/ml4img/f4dficimg/dif_MRItumor/gl-0239.jpg,static/img/9c454f360d8149aa9a302d5874808371_gl-0239.jpg
5443,b4a47f488bf14d76bc9a09a55d3640e4,gl-0241.jpg,~/ml4img/f4dficimg/dif_MRItumor/gl-0241.jpg,static/img/b4a47f488bf14d76bc9a09a55d3640e4_gl-0241.jpg
5444,2cc69afd47644859adcd2ec35a0656f1,gl-0244.jpg,~/ml4img/f4dficimg/dif_MRItumor/gl-0244.jpg,static/img/2cc69afd47644859adcd2ec35a0656f1_gl-0244.jpg
5445,f629cff6115f46d380f1ce882a3ea024,gl-0245.jpg,~/ml4img/f4dficimg/dif_MRItumor/gl-0245.jpg,static/img/f629cff6115f46d380f1ce882a3ea024_gl-0245.jpg
5446,b1e032d248784f3e8d94cf47d3b00e82,gl-0247.jpg,~/ml4img/f4dficimg/dif_MRItumor/gl-0247.jpg,static/img/b1e032d248784f3e8d94cf47d3b00e82_gl-0247.jpg
5447,34a500810f994f4b9f1c9673ddf75299,gl-0252.jpg,~/ml4img/f4dficimg/dif_MRItumor/gl-0252.jpg,static/img/34a500810f994f4b9f1c9673ddf75299_gl-0252.jpg
5448,6a974cb29f6e466981fa7d239b245921,gl-0259.jpg,~/ml4img/f4dficimg/dif_MRItumor/gl-0259.jpg,static/img/6a974cb29f6e466981fa7d239b245921_gl-0259.jpg
5449,eae9beae2d554bada6ab56bf83484b36,gl-0260.jpg,~/ml4img/f4dficimg/dif_MRItumor/gl-0260.jpg,static/img/eae9beae2d554bada6ab56bf83484b36_gl-0260.jpg
5450,c0c620d16dbf42528a9696ee9e8ab378,gl-0263.jpg,~/ml4img/f4dficimg/dif_MRItumor/gl-0263.jpg,static/img/c0c620d16dbf42528a9696ee9e8ab378_gl-0263.jpg
5451,73ac7ae72a0a4a2f8074ff516e371da9,gl-0269.jpg,~/ml4img/f4dficimg/dif_MRItumor/gl-0269.jpg,static/img/73ac7ae72a0a4a2f8074ff516e371da9_gl-0269.jpg
5452,288c7a74948a442e86360f84ea48bbef,gl-0270.jpg,~/ml4img/f4dficimg/dif_MRItumor/gl-0270.jpg,static/img/288c7a74948a442e86360f84ea48bbef_gl-0270.jpg
5453,d7a59e68fcc34a0491fb42d29b45fc0f,gl-0273.jpg,~/ml4img/f4dficimg/dif_MRItumor/gl-0273.jpg,static/img/d7a59e68fcc34a0491fb42d29b45fc0f_gl-0273.jpg
5454,01698f3b671443e9a400bfc8dd562794,gl-0274.jpg,~/ml4img/f4dficimg/dif_MRItumor/gl-0274.jpg,static/img/01698f3b671443e9a400bfc8dd562794_gl-0274.jpg
5455,09d7696c06ec4d36a9f8b26c5e414823,gl-0280.jpg,~/ml4img/f4dficimg/dif_MRItumor/gl-0280.jpg,static/img/09d7696c06ec4d36a9f8b26c5e414823_gl-0280.jpg
5456,0dd06207787b48d7a256b477fe7f4d7d,gl-0281.jpg,~/ml4img/f4dficimg/dif_MRItumor/gl-0281.jpg,static/img/0dd06207787b48d7a256b477fe7f4d7d_gl-0281.jpg
5457,3c09ec4e495647d6a02d817310392b20,gl-0285.jpg,~/ml4img/f4dficimg/dif_MRItumor/gl-0285.jpg,static/img/3c09ec4e495647d6a02d817310392b20_gl-0285.jpg
5458,d958f4dd844f43c9adb9b8ce3bdf990d,gl-0287.jpg,~/ml4img/f4dficimg/dif_MRItumor/gl-0287.jpg,static/img/d958f4dd844f43c9adb9b8ce3bdf990d_gl-0287.jpg
5459,ff4cf66776ae4f03bf84befc55d14432,gl-0293.jpg,~/ml4img/f4dficimg/dif_MRItumor/gl-0293.jpg,static/img/ff4cf66776ae4f03bf84befc55d14432_gl-0293.jpg
5460,6c2c09b565f047d3ae528a28eb784d14,gl-0302.jpg,~/ml4img/f4dficimg/dif_MRItumor/gl-0302.jpg,static/img/6c2c09b565f047d3ae528a28eb784d14_gl-0302.jpg
5461,e0af2fdb042f4ee893ca7f8233949c28,gl-0304.jpg,~/ml4img/f4dficimg/dif_MRItumor/gl-0304.jpg,static/img/e0af2fdb042f4ee893ca7f8233949c28_gl-0304.jpg
5462,f9105cc8649344a48fc8f03b44f87c91,gl-0313.jpg,~/ml4img/f4dficimg/dif_MRItumor/gl-0313.jpg,static/img/f9105cc8649344a48fc8f03b44f87c91_gl-0313.jpg
5463,63f1367a49c84d2294a21765df457cbc,gl-0314.jpg,~/ml4img/f4dficimg/dif_MRItumor/gl-0314.jpg,static/img/63f1367a49c84d2294a21765df457cbc_gl-0314.jpg
5464,8918fc336b344b54a0540575589bca16,gl-0316.jpg,~/ml4img/f4dficimg/dif_MRItumor/gl-0316.jpg,static/img/8918fc336b344b54a0540575589bca16_gl-0316.jpg
5465,7029e7dbb0ac4974b98dd5302e4fe46d,gl-0317.jpg,~/ml4img/f4dficimg/dif_MRItumor/gl-0317.jpg,static/img/7029e7dbb0ac4974b98dd5302e4fe46d_gl-0317.jpg
5466,8e6c1bd132df41cda2f17ab2f1bb6410,gl-0324.jpg,~/ml4img/f4dficimg/dif_MRItumor/gl-0324.jpg,static/img/8e6c1bd132df41cda2f17ab2f1bb6410_gl-0324.jpg
5467,354119818a4e4312a9a5ff4a4cf2677c,gl-0330.jpg,~/ml4img/f4dficimg/dif_MRItumor/gl-0330.jpg,static/img/354119818a4e4312a9a5ff4a4cf2677c_gl-0330.jpg
5468,5ac2b4bd803b43f7921dfb94532047a2,gl-0332.jpg,~/ml4img/f4dficimg/dif_MRItumor/gl-0332.jpg,static/img/5ac2b4bd803b43f7921dfb94532047a2_gl-0332.jpg
5469,6444f44c4dbe416c9b8eef63851f8105,gl-0333.jpg,~/ml4img/f4dficimg/dif_MRItumor/gl-0333.jpg,static/img/6444f44c4dbe416c9b8eef63851f8105_gl-0333.jpg
5470,211337e8973640f59129c5562d46045a,gl-0338.jpg,~/ml4img/f4dficimg/dif_MRItumor/gl-0338.jpg,static/img/211337e8973640f59129c5562d46045a_gl-0338.jpg
5471,c910c158ee0743cf8ff9751bd78fe6bb,gl-0347.jpg,~/ml4img/f4dficimg/dif_MRItumor/gl-0347.jpg,static/img/c910c158ee0743cf8ff9751bd78fe6bb_gl-0347.jpg
5472,09fc69ecf89c4540aab9f5ee340d5ced,gl-0356.jpg,~/ml4img/f4dficimg/dif_MRItumor/gl-0356.jpg,static/img/09fc69ecf89c4540aab9f5ee340d5ced_gl-0356.jpg
5473,46da3c1e34394efca0e1d8b9c2c01253,gl-0359.jpg,~/ml4img/f4dficimg/dif_MRItumor/gl-0359.jpg,static/img/46da3c1e34394efca0e1d8b9c2c01253_gl-0359.jpg
5474,5e1fdc8d86e0468488cb2a7864f3d71f,gl-0363.jpg,~/ml4img/f4dficimg/dif_MRItumor/gl-0363.jpg,static/img/5e1fdc8d86e0468488cb2a7864f3d71f_gl-0363.jpg
5475,289eebc6e09942e09b8d97d84ec06d36,gl-0369.jpg,~/ml4img/f4dficimg/dif_MRItumor/gl-0369.jpg,static/img/289eebc6e09942e09b8d97d84ec06d36_gl-0369.jpg
5476,d25aa677c1bc4a40b28bc93cc4c8b04d,gl-0374.jpg,~/ml4img/f4dficimg/dif_MRItumor/gl-0374.jpg,static/img/d25aa677c1bc4a40b28bc93cc4c8b04d_gl-0374.jpg
5477,ff9ccb1e5191424e8834074f5637dd90,gl-0379.jpg,~/ml4img/f4dficimg/dif_MRItumor/gl-0379.jpg,static/img/ff9ccb1e5191424e8834074f5637dd90_gl-0379.jpg
5478,6cff839e3aa44cd4918f2292c5f419bf,gl-0384.jpg,~/ml4img/f4dficimg/dif_MRItumor/gl-0384.jpg,static/img/6cff839e3aa44cd4918f2292c5f419bf_gl-0384.jpg
5479,acde27c3fb844db6af28952cce338c90,gl-0388.jpg,~/ml4img/f4dficimg/dif_MRItumor/gl-0388.jpg,static/img/acde27c3fb844db6af28952cce338c90_gl-0388.jpg
5480,9a3086f7aa054a46bc95e6d525816327,gl-0390.jpg,~/ml4img/f4dficimg/dif_MRItumor/gl-0390.jpg,static/img/9a3086f7aa054a46bc95e6d525816327_gl-0390.jpg
5481,c4e069e050df4fdfa59b1c1b58a7d772,gl-0392.jpg,~/ml4img/f4dficimg/dif_MRItumor/gl-0392.jpg,static/img/c4e069e050df4fdfa59b1c1b58a7d772_gl-0392.jpg
5482,481fc3045a7a4b829d55a2c38449d2da,gl-0395.jpg,~/ml4img/f4dficimg/dif_MRItumor/gl-0395.jpg,static/img/481fc3045a7a4b829d55a2c38449d2da_gl-0395.jpg
5483,3857a8f427c440ad87e9b5260ca1c14b,gl-0401.jpg,~/ml4img/f4dficimg/dif_MRItumor/gl-0401.jpg,static/img/3857a8f427c440ad87e9b5260ca1c14b_gl-0401.jpg
5484,ccb6bd98b28e44cfb84ad2ffa5ef79ca,gl-0403.jpg,~/ml4img/f4dficimg/dif_MRItumor/gl-0403.jpg,static/img/ccb6bd98b28e44cfb84ad2ffa5ef79ca_gl-0403.jpg
5485,b10c9321231e4e0ebadd06fd94acfc34,gl-0405.jpg,~/ml4img/f4dficimg/dif_MRItumor/gl-0405.jpg,static/img/b10c9321231e4e0ebadd06fd94acfc34_gl-0405.jpg
5486,74cb6a61198b41739543ef6c0ba116df,gl-0410.jpg,~/ml4img/f4dficimg/dif_MRItumor/gl-0410.jpg,static/img/74cb6a61198b41739543ef6c0ba116df_gl-0410.jpg
5487,f8d8205565eb43caa31bd28166a64603,gl-0412.jpg,~/ml4img/f4dficimg/dif_MRItumor/gl-0412.jpg,static/img/f8d8205565eb43caa31bd28166a64603_gl-0412.jpg
5488,118049f4940049d2b744790fc0c5b7e9,gl-0414.jpg,~/ml4img/f4dficimg/dif_MRItumor/gl-0414.jpg,static/img/118049f4940049d2b744790fc0c5b7e9_gl-0414.jpg
5489,8a24dd1008f9469f9c90d610548da3c5,gl-0425.jpg,~/ml4img/f4dficimg/dif_MRItumor/gl-0425.jpg,static/img/8a24dd1008f9469f9c90d610548da3c5_gl-0425.jpg
5490,ed49048f8b08494c8e92d1be8e956bb5,gl-0426.jpg,~/ml4img/f4dficimg/dif_MRItumor/gl-0426.jpg,static/img/ed49048f8b08494c8e92d1be8e956bb5_gl-0426.jpg
5491,aa2c7c6758804f4fb1ce88df2886c5d1,gl-0427.jpg,~/ml4img/f4dficimg/dif_MRItumor/gl-0427.jpg,static/img/aa2c7c6758804f4fb1ce88df2886c5d1_gl-0427.jpg
5492,c418f49b04bc4b8db1c61db69b9840c9,gl-0443.jpg,~/ml4img/f4dficimg/dif_MRItumor/gl-0443.jpg,static/img/c418f49b04bc4b8db1c61db69b9840c9_gl-0443.jpg
5493,c2c7f7582e1e450182c953287f3e0e55,gl-0450.jpg,~/ml4img/f4dficimg/dif_MRItumor/gl-0450.jpg,static/img/c2c7f7582e1e450182c953287f3e0e55_gl-0450.jpg
5494,f0dabbc5512a44dc94856b5d69ce11f9,gl-0453.jpg,~/ml4img/f4dficimg/dif_MRItumor/gl-0453.jpg,static/img/f0dabbc5512a44dc94856b5d69ce11f9_gl-0453.jpg
5495,19d10d87895b485d9fcc43d4338fb4b5,gl-0460.jpg,~/ml4img/f4dficimg/dif_MRItumor/gl-0460.jpg,static/img/19d10d87895b485d9fcc43d4338fb4b5_gl-0460.jpg
5496,4bd99e3b85004558a31d4b61939c12c3,gl-0461.jpg,~/ml4img/f4dficimg/dif_MRItumor/gl-0461.jpg,static/img/4bd99e3b85004558a31d4b61939c12c3_gl-0461.jpg
5497,7470f29d24874c528a86326cb636f7e0,gl-0462.jpg,~/ml4img/f4dficimg/dif_MRItumor/gl-0462.jpg,static/img/7470f29d24874c528a86326cb636f7e0_gl-0462.jpg
5498,40fc6d670b0a4d5e9f76637547257adf,gl-0465.jpg,~/ml4img/f4dficimg/dif_MRItumor/gl-0465.jpg,static/img/40fc6d670b0a4d5e9f76637547257adf_gl-0465.jpg
5499,aebe3ffeb2044501ab033b930a406571,gl-0468.jpg,~/ml4img/f4dficimg/dif_MRItumor/gl-0468.jpg,static/img/aebe3ffeb2044501ab033b930a406571_gl-0468.jpg
5500,9b361e18b86740a59790ac83756e00d6,gl-0476.jpg,~/ml4img/f4dficimg/dif_MRItumor/gl-0476.jpg,static/img/9b361e18b86740a59790ac83756e00d6_gl-0476.jpg
5501,4fc9be012698499d8bc91d74f1e21385,gl-0478.jpg,~/ml4img/f4dficimg/dif_MRItumor/gl-0478.jpg,static/img/4fc9be012698499d8bc91d74f1e21385_gl-0478.jpg
5502,6ebac16f120e4fb2b93f13df4af1dc76,gl-0480.jpg,~/ml4img/f4dficimg/dif_MRItumor/gl-0480.jpg,static/img/6ebac16f120e4fb2b93f13df4af1dc76_gl-0480.jpg
5503,df7c07491e5c4244b0b28fd117e57bc4,gl-0481.jpg,~/ml4img/f4dficimg/dif_MRItumor/gl-0481.jpg,static/img/df7c07491e5c4244b0b28fd117e57bc4_gl-0481.jpg
5504,fea103440bb645d88faa0b8c99b3062c,gl-0483.jpg,~/ml4img/f4dficimg/dif_MRItumor/gl-0483.jpg,static/img/fea103440bb645d88faa0b8c99b3062c_gl-0483.jpg
5505,ae977aa6f3b340b5845461211b835ba8,gl-0489.jpg,~/ml4img/f4dficimg/dif_MRItumor/gl-0489.jpg,static/img/ae977aa6f3b340b5845461211b835ba8_gl-0489.jpg
5506,f19a6545b3b04203bb30a4ead61ce782,gl-0491.jpg,~/ml4img/f4dficimg/dif_MRItumor/gl-0491.jpg,static/img/f19a6545b3b04203bb30a4ead61ce782_gl-0491.jpg
5507,a40f33d7e70b4df198e854f0bba7df6b,gl-0496.jpg,~/ml4img/f4dficimg/dif_MRItumor/gl-0496.jpg,static/img/a40f33d7e70b4df198e854f0bba7df6b_gl-0496.jpg
5508,33a924c470834dd68de04f8efc021156,gl-0503.jpg,~/ml4img/f4dficimg/dif_MRItumor/gl-0503.jpg,static/img/33a924c470834dd68de04f8efc021156_gl-0503.jpg
5509,0ce7d5d4ae364412ac94755262b29383,gl-0508.jpg,~/ml4img/f4dficimg/dif_MRItumor/gl-0508.jpg,static/img/0ce7d5d4ae364412ac94755262b29383_gl-0508.jpg
5510,26ec080ae8d24963a6715487bc59d53c,gl-0511.jpg,~/ml4img/f4dficimg/dif_MRItumor/gl-0511.jpg,static/img/26ec080ae8d24963a6715487bc59d53c_gl-0511.jpg
5511,703b1358dbd04d81a5b95549ff0d6904,gl-0515.jpg,~/ml4img/f4dficimg/dif_MRItumor/gl-0515.jpg,static/img/703b1358dbd04d81a5b95549ff0d6904_gl-0515.jpg
5512,2ffcb7f500d3454bb9a1d331c57c8306,gl-0519.jpg,~/ml4img/f4dficimg/dif_MRItumor/gl-0519.jpg,static/img/2ffcb7f500d3454bb9a1d331c57c8306_gl-0519.jpg
5513,62de3105aa3b4996b46978e3f16b06a9,gl-0521.jpg,~/ml4img/f4dficimg/dif_MRItumor/gl-0521.jpg,static/img/62de3105aa3b4996b46978e3f16b06a9_gl-0521.jpg
5514,d9c7a5097aaa4611b1a7023a519e3ef1,gl-0524.jpg,~/ml4img/f4dficimg/dif_MRItumor/gl-0524.jpg,static/img/d9c7a5097aaa4611b1a7023a519e3ef1_gl-0524.jpg
5515,ce3ecf61d73540cd8eab1391cab517c1,gl-0525.jpg,~/ml4img/f4dficimg/dif_MRItumor/gl-0525.jpg,static/img/ce3ecf61d73540cd8eab1391cab517c1_gl-0525.jpg
5516,1f856ab245904e3cb2cff2af39bdc28c,gl-0532.jpg,~/ml4img/f4dficimg/dif_MRItumor/gl-0532.jpg,static/img/1f856ab245904e3cb2cff2af39bdc28c_gl-0532.jpg
5517,c32c7106a10f4d2b94886d9ae4f3973d,gl-0535.jpg,~/ml4img/f4dficimg/dif_MRItumor/gl-0535.jpg,static/img/c32c7106a10f4d2b94886d9ae4f3973d_gl-0535.jpg
5518,69902feb42c542298cbba62b7c041af6,gl-0536.jpg,~/ml4img/f4dficimg/dif_MRItumor/gl-0536.jpg,static/img/69902feb42c542298cbba62b7c041af6_gl-0536.jpg
5519,d3248c85131248b497618f8ef73ade4c,gl-0538.jpg,~/ml4img/f4dficimg/dif_MRItumor/gl-0538.jpg,static/img/d3248c85131248b497618f8ef73ade4c_gl-0538.jpg
5520,3610af587bd9433d91007e03148144f3,gl-0540.jpg,~/ml4img/f4dficimg/dif_MRItumor/gl-0540.jpg,static/img/3610af587bd9433d91007e03148144f3_gl-0540.jpg
5521,df257771efc4427c939a6921ceccf088,gl-0548.jpg,~/ml4img/f4dficimg/dif_MRItumor/gl-0548.jpg,static/img/df257771efc4427c939a6921ceccf088_gl-0548.jpg
5522,819a1bf77808440aa856c3d777e9ffe2,gl-0558.jpg,~/ml4img/f4dficimg/dif_MRItumor/gl-0558.jpg,static/img/819a1bf77808440aa856c3d777e9ffe2_gl-0558.jpg
5523,d42ad5f4606d450382cb5f2cb5481a69,gl-0561.jpg,~/ml4img/f4dficimg/dif_MRItumor/gl-0561.jpg,static/img/d42ad5f4606d450382cb5f2cb5481a69_gl-0561.jpg
5524,ba85254c4e754283962ce385b176d556,gl-0568.jpg,~/ml4img/f4dficimg/dif_MRItumor/gl-0568.jpg,static/img/ba85254c4e754283962ce385b176d556_gl-0568.jpg
5525,4dd26b6e34364a92abe592b4bc17ba77,gl-0570.jpg,~/ml4img/f4dficimg/dif_MRItumor/gl-0570.jpg,static/img/4dd26b6e34364a92abe592b4bc17ba77_gl-0570.jpg
5526,fc55e022ab5c42dc9763ad5a3d05b0e7,gl-0571.jpg,~/ml4img/f4dficimg/dif_MRItumor/gl-0571.jpg,static/img/fc55e022ab5c42dc9763ad5a3d05b0e7_gl-0571.jpg
5527,45d35dcc0d6447f5ae2146ded1fff0a3,gl-0573.jpg,~/ml4img/f4dficimg/dif_MRItumor/gl-0573.jpg,static/img/45d35dcc0d6447f5ae2146ded1fff0a3_gl-0573.jpg
5528,2459c7ca3aec4942b4152b856ec2ba29,gl-0575.jpg,~/ml4img/f4dficimg/dif_MRItumor/gl-0575.jpg,static/img/2459c7ca3aec4942b4152b856ec2ba29_gl-0575.jpg
5529,d7c0fd1e385848179f6ada295904be77,gl-0579.jpg,~/ml4img/f4dficimg/dif_MRItumor/gl-0579.jpg,static/img/d7c0fd1e385848179f6ada295904be77_gl-0579.jpg
5530,cec9c0de3bb0405cba4a6c73bd58e745,gl-0583.jpg,~/ml4img/f4dficimg/dif_MRItumor/gl-0583.jpg,static/img/cec9c0de3bb0405cba4a6c73bd58e745_gl-0583.jpg
5531,0b8495955cd44426b6a062ea33707843,gl-0586.jpg,~/ml4img/f4dficimg/dif_MRItumor/gl-0586.jpg,static/img/0b8495955cd44426b6a062ea33707843_gl-0586.jpg
5532,a6bfb08937f441d2ae3f4b8e5607ab40,gl-0587.jpg,~/ml4img/f4dficimg/dif_MRItumor/gl-0587.jpg,static/img/a6bfb08937f441d2ae3f4b8e5607ab40_gl-0587.jpg
5533,6f8b7f530cbc4aafb88b94001f8695a2,gl-0588.jpg,~/ml4img/f4dficimg/dif_MRItumor/gl-0588.jpg,static/img/6f8b7f530cbc4aafb88b94001f8695a2_gl-0588.jpg
5534,674bc31df34144dabf67e73b96db7195,gl-0591.jpg,~/ml4img/f4dficimg/dif_MRItumor/gl-0591.jpg,static/img/674bc31df34144dabf67e73b96db7195_gl-0591.jpg
5535,df0e4e4a8c4a4c8eb1767731f52906a4,gl-0593.jpg,~/ml4img/f4dficimg/dif_MRItumor/gl-0593.jpg,static/img/df0e4e4a8c4a4c8eb1767731f52906a4_gl-0593.jpg
5536,3bb21eef71b44484b71b76aa51c003f8,gl-0595.jpg,~/ml4img/f4dficimg/dif_MRItumor/gl-0595.jpg,static/img/3bb21eef71b44484b71b76aa51c003f8_gl-0595.jpg
5537,14118b2d8f564e069474430bdf89ce95,gl-0599.jpg,~/ml4img/f4dficimg/dif_MRItumor/gl-0599.jpg,static/img/14118b2d8f564e069474430bdf89ce95_gl-0599.jpg
5538,188aab5768f14eba98416a311034f449,gl-0603.jpg,~/ml4img/f4dficimg/dif_MRItumor/gl-0603.jpg,static/img/188aab5768f14eba98416a311034f449_gl-0603.jpg
5539,a6c616bb636340f3b6247edc130c14c3,gl-0607.jpg,~/ml4img/f4dficimg/dif_MRItumor/gl-0607.jpg,static/img/a6c616bb636340f3b6247edc130c14c3_gl-0607.jpg
5540,959fe84c1c50471580353dceced43e02,gl-0608.jpg,~/ml4img/f4dficimg/dif_MRItumor/gl-0608.jpg,static/img/959fe84c1c50471580353dceced43e02_gl-0608.jpg
5541,33dc9437fafe4d4486403e3e44cc66af,gl-0611.jpg,~/ml4img/f4dficimg/dif_MRItumor/gl-0611.jpg,static/img/33dc9437fafe4d4486403e3e44cc66af_gl-0611.jpg
5542,c2dbd1d741a94a6da0521ee00e0077af,gl-0612.jpg,~/ml4img/f4dficimg/dif_MRItumor/gl-0612.jpg,static/img/c2dbd1d741a94a6da0521ee00e0077af_gl-0612.jpg
5543,fbd7532b2c1c433c884099d06ee2ada3,gl-0613.jpg,~/ml4img/f4dficimg/dif_MRItumor/gl-0613.jpg,static/img/fbd7532b2c1c433c884099d06ee2ada3_gl-0613.jpg
5544,23af57b3983044eca3b18276e846fd60,gl-0614.jpg,~/ml4img/f4dficimg/dif_MRItumor/gl-0614.jpg,static/img/23af57b3983044eca3b18276e846fd60_gl-0614.jpg
5545,1f50192ac4244988906b8c7ec40fcd7a,gl-0615.jpg,~/ml4img/f4dficimg/dif_MRItumor/gl-0615.jpg,static/img/1f50192ac4244988906b8c7ec40fcd7a_gl-0615.jpg
5546,0a66fc7fc6314b9ba7ac7b3773d956ef,gl-0617.jpg,~/ml4img/f4dficimg/dif_MRItumor/gl-0617.jpg,static/img/0a66fc7fc6314b9ba7ac7b3773d956ef_gl-0617.jpg
5547,cb85f364bddc4339b2b59015282f0d67,gl-0619.jpg,~/ml4img/f4dficimg/dif_MRItumor/gl-0619.jpg,static/img/cb85f364bddc4339b2b59015282f0d67_gl-0619.jpg
5548,2d50db823bbd4b408a3ddac4de49956e,gl-0620.jpg,~/ml4img/f4dficimg/dif_MRItumor/gl-0620.jpg,static/img/2d50db823bbd4b408a3ddac4de49956e_gl-0620.jpg
5549,6584f8e1568948ce97f113d1760c8d32,gl-0627.jpg,~/ml4img/f4dficimg/dif_MRItumor/gl-0627.jpg,static/img/6584f8e1568948ce97f113d1760c8d32_gl-0627.jpg
5550,640425f8f1ab4f5ba670e24a378a1fcc,gl-0629.jpg,~/ml4img/f4dficimg/dif_MRItumor/gl-0629.jpg,static/img/640425f8f1ab4f5ba670e24a378a1fcc_gl-0629.jpg
5551,d781097a662e408eb16196ddaae53482,gl-0639.jpg,~/ml4img/f4dficimg/dif_MRItumor/gl-0639.jpg,static/img/d781097a662e408eb16196ddaae53482_gl-0639.jpg
5552,03e978a42c46441f9d25063dc8919643,gl-0641.jpg,~/ml4img/f4dficimg/dif_MRItumor/gl-0641.jpg,static/img/03e978a42c46441f9d25063dc8919643_gl-0641.jpg
5553,cc51178bcec84f0580c8184f36e1a8ea,gl-0649.jpg,~/ml4img/f4dficimg/dif_MRItumor/gl-0649.jpg,static/img/cc51178bcec84f0580c8184f36e1a8ea_gl-0649.jpg
5554,0438b64c0fe048ba9e9718d530efd452,gl-0651.jpg,~/ml4img/f4dficimg/dif_MRItumor/gl-0651.jpg,static/img/0438b64c0fe048ba9e9718d530efd452_gl-0651.jpg
5555,91e099473ac54c23875cd1c8730d90ae,gl-0652.jpg,~/ml4img/f4dficimg/dif_MRItumor/gl-0652.jpg,static/img/91e099473ac54c23875cd1c8730d90ae_gl-0652.jpg
5556,eb98bd1d02874a7995eef4694ed732cc,gl-0654.jpg,~/ml4img/f4dficimg/dif_MRItumor/gl-0654.jpg,static/img/eb98bd1d02874a7995eef4694ed732cc_gl-0654.jpg
5557,b31d326fa6c441adbc69c8deb43388c4,gl-0656.jpg,~/ml4img/f4dficimg/dif_MRItumor/gl-0656.jpg,static/img/b31d326fa6c441adbc69c8deb43388c4_gl-0656.jpg
5558,cf34e26619ba476bbde6112df0472064,gl-0659.jpg,~/ml4img/f4dficimg/dif_MRItumor/gl-0659.jpg,static/img/cf34e26619ba476bbde6112df0472064_gl-0659.jpg
5559,601097fffbf241658f5c854616f99f19,gl-0662.jpg,~/ml4img/f4dficimg/dif_MRItumor/gl-0662.jpg,static/img/601097fffbf241658f5c854616f99f19_gl-0662.jpg
5560,0eb76008fccf4bfd9836db76ce0da130,gl-0665.jpg,~/ml4img/f4dficimg/dif_MRItumor/gl-0665.jpg,static/img/0eb76008fccf4bfd9836db76ce0da130_gl-0665.jpg
5561,942bf7862f3144e488127d29d26c4fce,gl-0668.jpg,~/ml4img/f4dficimg/dif_MRItumor/gl-0668.jpg,static/img/942bf7862f3144e488127d29d26c4fce_gl-0668.jpg
5562,56003c03a7984565a897413e12f945cd,gl-0669.jpg,~/ml4img/f4dficimg/dif_MRItumor/gl-0669.jpg,static/img/56003c03a7984565a897413e12f945cd_gl-0669.jpg
5563,3627df8ee5864df0ba7011b2b81ea6ce,gl-0680.jpg,~/ml4img/f4dficimg/dif_MRItumor/gl-0680.jpg,static/img/3627df8ee5864df0ba7011b2b81ea6ce_gl-0680.jpg
5564,8267edc2b8f847f990bc38e00c3206a8,gl-0685.jpg,~/ml4img/f4dficimg/dif_MRItumor/gl-0685.jpg,static/img/8267edc2b8f847f990bc38e00c3206a8_gl-0685.jpg
5565,333e0d6224e543c9a51d7b547c48deba,gl-0686.jpg,~/ml4img/f4dficimg/dif_MRItumor/gl-0686.jpg,static/img/333e0d6224e543c9a51d7b547c48deba_gl-0686.jpg
5566,9d3b49835fed44bebe40485f76cdf2de,gl-0689.jpg,~/ml4img/f4dficimg/dif_MRItumor/gl-0689.jpg,static/img/9d3b49835fed44bebe40485f76cdf2de_gl-0689.jpg
5567,8c00ddb923ca4acc88c51f57c554e810,gl-0690.jpg,~/ml4img/f4dficimg/dif_MRItumor/gl-0690.jpg,static/img/8c00ddb923ca4acc88c51f57c554e810_gl-0690.jpg
5568,2e0a5342184a46739ae7eace9304c6b7,gl-0693.jpg,~/ml4img/f4dficimg/dif_MRItumor/gl-0693.jpg,static/img/2e0a5342184a46739ae7eace9304c6b7_gl-0693.jpg
5569,38b48057278d4c539de38fdcdb6a06e9,gl-0694.jpg,~/ml4img/f4dficimg/dif_MRItumor/gl-0694.jpg,static/img/38b48057278d4c539de38fdcdb6a06e9_gl-0694.jpg
5570,a92920fcc947466bac39094522a3e4ba,gl-0696.jpg,~/ml4img/f4dficimg/dif_MRItumor/gl-0696.jpg,static/img/a92920fcc947466bac39094522a3e4ba_gl-0696.jpg
5571,c8b3b6dc8a574e338e951af7236916ff,gl-0697.jpg,~/ml4img/f4dficimg/dif_MRItumor/gl-0697.jpg,static/img/c8b3b6dc8a574e338e951af7236916ff_gl-0697.jpg
5572,3cd81ab9fa834cb4861f6281cadb3d3e,gl-0699.jpg,~/ml4img/f4dficimg/dif_MRItumor/gl-0699.jpg,static/img/3cd81ab9fa834cb4861f6281cadb3d3e_gl-0699.jpg
5573,5d6e036658d54e4a96995669f07140bf,gl-0701.jpg,~/ml4img/f4dficimg/dif_MRItumor/gl-0701.jpg,static/img/5d6e036658d54e4a96995669f07140bf_gl-0701.jpg
5574,eb534a1a59454ab993da87c16578af19,gl-0703.jpg,~/ml4img/f4dficimg/dif_MRItumor/gl-0703.jpg,static/img/eb534a1a59454ab993da87c16578af19_gl-0703.jpg
5575,506113a6dda84c59a1ed909d9694a1bf,gl-0714.jpg,~/ml4img/f4dficimg/dif_MRItumor/gl-0714.jpg,static/img/506113a6dda84c59a1ed909d9694a1bf_gl-0714.jpg
5576,83ff9e3167744f7bb0aaa0b4cbbe9fcb,gl-0717.jpg,~/ml4img/f4dficimg/dif_MRItumor/gl-0717.jpg,static/img/83ff9e3167744f7bb0aaa0b4cbbe9fcb_gl-0717.jpg
5577,fd961ce1a1924d25aa743f83a7dd99e3,gl-0718.jpg,~/ml4img/f4dficimg/dif_MRItumor/gl-0718.jpg,static/img/fd961ce1a1924d25aa743f83a7dd99e3_gl-0718.jpg
5578,70fc130997eb43589c1baf292dd285f4,gl-0721.jpg,~/ml4img/f4dficimg/dif_MRItumor/gl-0721.jpg,static/img/70fc130997eb43589c1baf292dd285f4_gl-0721.jpg
5579,676798dd2105429999084bf161260bfe,gl-0724.jpg,~/ml4img/f4dficimg/dif_MRItumor/gl-0724.jpg,static/img/676798dd2105429999084bf161260bfe_gl-0724.jpg
5580,461bc609973948028f141900d7bb7fb5,gl-0725.jpg,~/ml4img/f4dficimg/dif_MRItumor/gl-0725.jpg,static/img/461bc609973948028f141900d7bb7fb5_gl-0725.jpg
5581,6870f6e6a278456a92709020dfd09bd7,gl-0726.jpg,~/ml4img/f4dficimg/dif_MRItumor/gl-0726.jpg,static/img/6870f6e6a278456a92709020dfd09bd7_gl-0726.jpg
5582,727f480b9a2243b0a80bbf6b6c3fe532,gl-0727.jpg,~/ml4img/f4dficimg/dif_MRItumor/gl-0727.jpg,static/img/727f480b9a2243b0a80bbf6b6c3fe532_gl-0727.jpg
5583,0ac5dd5edc7548f0b69e5babf9113c67,gl-0735.jpg,~/ml4img/f4dficimg/dif_MRItumor/gl-0735.jpg,static/img/0ac5dd5edc7548f0b69e5babf9113c67_gl-0735.jpg
5584,b45726f6476742a2b325521fba65e77b,gl-0741.jpg,~/ml4img/f4dficimg/dif_MRItumor/gl-0741.jpg,static/img/b45726f6476742a2b325521fba65e77b_gl-0741.jpg
5585,b965dcf270e8455c88cc7b55b5ddfa35,gl-0742.jpg,~/ml4img/f4dficimg/dif_MRItumor/gl-0742.jpg,static/img/b965dcf270e8455c88cc7b55b5ddfa35_gl-0742.jpg
5586,8869ec76434045b9bbe67063edcbcb86,gl-0746.jpg,~/ml4img/f4dficimg/dif_MRItumor/gl-0746.jpg,static/img/8869ec76434045b9bbe67063edcbcb86_gl-0746.jpg
5587,2cc0c76d0ab241fabaca95b7de6216a6,gl-0751.jpg,~/ml4img/f4dficimg/dif_MRItumor/gl-0751.jpg,static/img/2cc0c76d0ab241fabaca95b7de6216a6_gl-0751.jpg
5588,bf47341e996f47f68e3203cd6ae6d427,gl-0752.jpg,~/ml4img/f4dficimg/dif_MRItumor/gl-0752.jpg,static/img/bf47341e996f47f68e3203cd6ae6d427_gl-0752.jpg
5589,6d0736383fbe4172a5fa3a03193302ae,gl-0756.jpg,~/ml4img/f4dficimg/dif_MRItumor/gl-0756.jpg,static/img/6d0736383fbe4172a5fa3a03193302ae_gl-0756.jpg
5590,1449a1b3ccfc439698976e8bb4e9d7db,gl-0757.jpg,~/ml4img/f4dficimg/dif_MRItumor/gl-0757.jpg,static/img/1449a1b3ccfc439698976e8bb4e9d7db_gl-0757.jpg
5591,95029f1851ed482f98023c46ed083e1f,gl-0761.jpg,~/ml4img/f4dficimg/dif_MRItumor/gl-0761.jpg,static/img/95029f1851ed482f98023c46ed083e1f_gl-0761.jpg
5592,1846c723bebc4c09aefcd14e4c8ace81,gl-0770.jpg,~/ml4img/f4dficimg/dif_MRItumor/gl-0770.jpg,static/img/1846c723bebc4c09aefcd14e4c8ace81_gl-0770.jpg
5593,ba4edba13d024123a48ec6e4d13dafb2,gl-0771.jpg,~/ml4img/f4dficimg/dif_MRItumor/gl-0771.jpg,static/img/ba4edba13d024123a48ec6e4d13dafb2_gl-0771.jpg
5594,2df88da96c6b41d3997c72bd857c8bd4,gl-0773.jpg,~/ml4img/f4dficimg/dif_MRItumor/gl-0773.jpg,static/img/2df88da96c6b41d3997c72bd857c8bd4_gl-0773.jpg
5595,25410563249f4cb7a53753ea368d4074,gl-0775.jpg,~/ml4img/f4dficimg/dif_MRItumor/gl-0775.jpg,static/img/25410563249f4cb7a53753ea368d4074_gl-0775.jpg
5596,b11144f7ee8049a6b3336bd7380efd13,gl-0778.jpg,~/ml4img/f4dficimg/dif_MRItumor/gl-0778.jpg,static/img/b11144f7ee8049a6b3336bd7380efd13_gl-0778.jpg
5597,c5b6b71663d54845a1102eed2b0fde47,gl-0781.jpg,~/ml4img/f4dficimg/dif_MRItumor/gl-0781.jpg,static/img/c5b6b71663d54845a1102eed2b0fde47_gl-0781.jpg
5598,fa6b944d3a5a42d0a65b2f93bfdef549,gl-0787.jpg,~/ml4img/f4dficimg/dif_MRItumor/gl-0787.jpg,static/img/fa6b944d3a5a42d0a65b2f93bfdef549_gl-0787.jpg
5599,612e7d72bb8b4fb0807af357c8bb26b1,gl-0790.jpg,~/ml4img/f4dficimg/dif_MRItumor/gl-0790.jpg,static/img/612e7d72bb8b4fb0807af357c8bb26b1_gl-0790.jpg
5600,d92d0a3865f44bd69ee66dec5f5874eb,gl-0791.jpg,~/ml4img/f4dficimg/dif_MRItumor/gl-0791.jpg,static/img/d92d0a3865f44bd69ee66dec5f5874eb_gl-0791.jpg
5601,a4fc3ed049784f59b8c2e4b6959cb23f,gl-0793.jpg,~/ml4img/f4dficimg/dif_MRItumor/gl-0793.jpg,static/img/a4fc3ed049784f59b8c2e4b6959cb23f_gl-0793.jpg
5602,bac4867b72c24206b42f3efdb98b913f,gl-0796.jpg,~/ml4img/f4dficimg/dif_MRItumor/gl-0796.jpg,static/img/bac4867b72c24206b42f3efdb98b913f_gl-0796.jpg
5603,c0991c3785a54b89a99cd93ed8d1f1bc,gl-0799.jpg,~/ml4img/f4dficimg/dif_MRItumor/gl-0799.jpg,static/img/c0991c3785a54b89a99cd93ed8d1f1bc_gl-0799.jpg
5604,f84b62cc6bf44091b0a2a3c75c5f8140,gl-0801.jpg,~/ml4img/f4dficimg/dif_MRItumor/gl-0801.jpg,static/img/f84b62cc6bf44091b0a2a3c75c5f8140_gl-0801.jpg
5605,fdfccf74acef43a1a1628a1a992db7cd,gl-0803.jpg,~/ml4img/f4dficimg/dif_MRItumor/gl-0803.jpg,static/img/fdfccf74acef43a1a1628a1a992db7cd_gl-0803.jpg
5606,42fce25139a84b4196615de8735f9b29,gl-0830.jpg,~/ml4img/f4dficimg/dif_MRItumor/gl-0830.jpg,static/img/42fce25139a84b4196615de8735f9b29_gl-0830.jpg
5607,8a9bade42ffb4a598221293afe1dda0f,gl-0831.jpg,~/ml4img/f4dficimg/dif_MRItumor/gl-0831.jpg,static/img/8a9bade42ffb4a598221293afe1dda0f_gl-0831.jpg
5608,c63a3938b61a4dd99a817edba348b395,gl-0841.jpg,~/ml4img/f4dficimg/dif_MRItumor/gl-0841.jpg,static/img/c63a3938b61a4dd99a817edba348b395_gl-0841.jpg
5609,13d22e3eccdb4bf6aafa39f3302398bb,gl-0843.jpg,~/ml4img/f4dficimg/dif_MRItumor/gl-0843.jpg,static/img/13d22e3eccdb4bf6aafa39f3302398bb_gl-0843.jpg
5610,769adfc363684073a082f88a0e9cd8f4,gl-0851.jpg,~/ml4img/f4dficimg/dif_MRItumor/gl-0851.jpg,static/img/769adfc363684073a082f88a0e9cd8f4_gl-0851.jpg
5611,8fe171b84c724bef96f6849b7ee6793d,gl-0855.jpg,~/ml4img/f4dficimg/dif_MRItumor/gl-0855.jpg,static/img/8fe171b84c724bef96f6849b7ee6793d_gl-0855.jpg
5612,8cf7a2834c674682be3a831bc49cb04d,gl-0859.jpg,~/ml4img/f4dficimg/dif_MRItumor/gl-0859.jpg,static/img/8cf7a2834c674682be3a831bc49cb04d_gl-0859.jpg
5613,6b2a183941a14f9c84365de698680114,gl-0861.jpg,~/ml4img/f4dficimg/dif_MRItumor/gl-0861.jpg,static/img/6b2a183941a14f9c84365de698680114_gl-0861.jpg
5614,e58c213f3ced478d934282fff4bf4c5a,gl-0863.jpg,~/ml4img/f4dficimg/dif_MRItumor/gl-0863.jpg,static/img/e58c213f3ced478d934282fff4bf4c5a_gl-0863.jpg
5615,25f61c07f60c4e878465a3f7bfc41cbd,gl-0869.jpg,~/ml4img/f4dficimg/dif_MRItumor/gl-0869.jpg,static/img/25f61c07f60c4e878465a3f7bfc41cbd_gl-0869.jpg
5616,34569beb296245a19bacab7852849b98,gl-0870.jpg,~/ml4img/f4dficimg/dif_MRItumor/gl-0870.jpg,static/img/34569beb296245a19bacab7852849b98_gl-0870.jpg
5617,f27270f788dc48d38424014d731da397,gl-0872.jpg,~/ml4img/f4dficimg/dif_MRItumor/gl-0872.jpg,static/img/f27270f788dc48d38424014d731da397_gl-0872.jpg
5618,002a887bbcd34a988b4d16a179694351,gl-0874.jpg,~/ml4img/f4dficimg/dif_MRItumor/gl-0874.jpg,static/img/002a887bbcd34a988b4d16a179694351_gl-0874.jpg
5619,1b226ab8eddc43e2b72888dfa25d9e13,gl-0884.jpg,~/ml4img/f4dficimg/dif_MRItumor/gl-0884.jpg,static/img/1b226ab8eddc43e2b72888dfa25d9e13_gl-0884.jpg
5620,614f1f2f9fce42ebafa1039cf019759f,gl-0885.jpg,~/ml4img/f4dficimg/dif_MRItumor/gl-0885.jpg,static/img/614f1f2f9fce42ebafa1039cf019759f_gl-0885.jpg
5621,d22082c5e06c46a9841d4c5e7a407267,gl-0894.jpg,~/ml4img/f4dficimg/dif_MRItumor/gl-0894.jpg,static/img/d22082c5e06c46a9841d4c5e7a407267_gl-0894.jpg
5622,b8600e4e89c646d282c7f2b2be424140,gl-0895.jpg,~/ml4img/f4dficimg/dif_MRItumor/gl-0895.jpg,static/img/b8600e4e89c646d282c7f2b2be424140_gl-0895.jpg
5623,e3e14958243246ef86ae071039640216,gl-0896.jpg,~/ml4img/f4dficimg/dif_MRItumor/gl-0896.jpg,static/img/e3e14958243246ef86ae071039640216_gl-0896.jpg
5624,a626939aa45d4bf3811160904ceb2eb6,gl-0900.jpg,~/ml4img/f4dficimg/dif_MRItumor/gl-0900.jpg,static/img/a626939aa45d4bf3811160904ceb2eb6_gl-0900.jpg
5625,8fdec27644374e5c9e15d8de6509cc66,gl-0901.jpg,~/ml4img/f4dficimg/dif_MRItumor/gl-0901.jpg,static/img/8fdec27644374e5c9e15d8de6509cc66_gl-0901.jpg
5626,eb99e1e7f78b49639a7184f0bf8bd4ea,gl-0906.jpg,~/ml4img/f4dficimg/dif_MRItumor/gl-0906.jpg,static/img/eb99e1e7f78b49639a7184f0bf8bd4ea_gl-0906.jpg
5627,2ce58fc92bd74546936db59252676f0e,gl-0910.jpg,~/ml4img/f4dficimg/dif_MRItumor/gl-0910.jpg,static/img/2ce58fc92bd74546936db59252676f0e_gl-0910.jpg
5628,75338164796a48aa9ee1f2b65fd17496,gl-0914.jpg,~/ml4img/f4dficimg/dif_MRItumor/gl-0914.jpg,static/img/75338164796a48aa9ee1f2b65fd17496_gl-0914.jpg
5629,9802b71405f74e24bff69832696188bb,gl-0916.jpg,~/ml4img/f4dficimg/dif_MRItumor/gl-0916.jpg,static/img/9802b71405f74e24bff69832696188bb_gl-0916.jpg
5630,7e264d1c1fb04a5986d5a675e3dcbb98,gl-0917.jpg,~/ml4img/f4dficimg/dif_MRItumor/gl-0917.jpg,static/img/7e264d1c1fb04a5986d5a675e3dcbb98_gl-0917.jpg
5631,64e60b0d59664a7ba675e7165e11148b,gl-0923.jpg,~/ml4img/f4dficimg/dif_MRItumor/gl-0923.jpg,static/img/64e60b0d59664a7ba675e7165e11148b_gl-0923.jpg
5632,8164be5e93ed411da9ec6269a50d7801,gl-0926.jpg,~/ml4img/f4dficimg/dif_MRItumor/gl-0926.jpg,static/img/8164be5e93ed411da9ec6269a50d7801_gl-0926.jpg
5633,0354c9c231e84bd8b8e8162890561b6d,gl-0930.jpg,~/ml4img/f4dficimg/dif_MRItumor/gl-0930.jpg,static/img/0354c9c231e84bd8b8e8162890561b6d_gl-0930.jpg
5634,d98ebc44ad3545f09a64ef39634eb21c,gl-0931.jpg,~/ml4img/f4dficimg/dif_MRItumor/gl-0931.jpg,static/img/d98ebc44ad3545f09a64ef39634eb21c_gl-0931.jpg
5635,4820c5b4a94f4477b6f6dbe94b63eea1,gl-0934.jpg,~/ml4img/f4dficimg/dif_MRItumor/gl-0934.jpg,static/img/4820c5b4a94f4477b6f6dbe94b63eea1_gl-0934.jpg
5636,cb93503a5b3a412ebd62104e3056d840,gl-0936.jpg,~/ml4img/f4dficimg/dif_MRItumor/gl-0936.jpg,static/img/cb93503a5b3a412ebd62104e3056d840_gl-0936.jpg
5637,9bf506b338014c26870abe0065b87969,gl-0942.jpg,~/ml4img/f4dficimg/dif_MRItumor/gl-0942.jpg,static/img/9bf506b338014c26870abe0065b87969_gl-0942.jpg
5638,7b85a70797704617b13dc320c6a41c4f,gl-0945.jpg,~/ml4img/f4dficimg/dif_MRItumor/gl-0945.jpg,static/img/7b85a70797704617b13dc320c6a41c4f_gl-0945.jpg
5639,2d049c40f7b04b7bb4910580d6ce035a,gl-0947.jpg,~/ml4img/f4dficimg/dif_MRItumor/gl-0947.jpg,static/img/2d049c40f7b04b7bb4910580d6ce035a_gl-0947.jpg
5640,459f0b0f06914b4f869d68a675013b92,gl-0949.jpg,~/ml4img/f4dficimg/dif_MRItumor/gl-0949.jpg,static/img/459f0b0f06914b4f869d68a675013b92_gl-0949.jpg
5641,018ccecaeee042fd9817590ee9402044,gl-0952.jpg,~/ml4img/f4dficimg/dif_MRItumor/gl-0952.jpg,static/img/018ccecaeee042fd9817590ee9402044_gl-0952.jpg
5642,e42bf235e9594926b1cd2db3e773e72d,gl-0956.jpg,~/ml4img/f4dficimg/dif_MRItumor/gl-0956.jpg,static/img/e42bf235e9594926b1cd2db3e773e72d_gl-0956.jpg
5643,c45e98d273df46a6a566890fccd7392b,gl-0959.jpg,~/ml4img/f4dficimg/dif_MRItumor/gl-0959.jpg,static/img/c45e98d273df46a6a566890fccd7392b_gl-0959.jpg
5644,8516ab72b4d749ebbe8113bac53887f5,gl-0963.jpg,~/ml4img/f4dficimg/dif_MRItumor/gl-0963.jpg,static/img/8516ab72b4d749ebbe8113bac53887f5_gl-0963.jpg
5645,c28da81aaf58467684ab157cc3a83508,gl-0966.jpg,~/ml4img/f4dficimg/dif_MRItumor/gl-0966.jpg,static/img/c28da81aaf58467684ab157cc3a83508_gl-0966.jpg
5646,78222f8e437b489f979b583687515fb7,gl-0970.jpg,~/ml4img/f4dficimg/dif_MRItumor/gl-0970.jpg,static/img/78222f8e437b489f979b583687515fb7_gl-0970.jpg
5647,57168350143b4917a8e02a2e0a63863b,gl-0973.jpg,~/ml4img/f4dficimg/dif_MRItumor/gl-0973.jpg,static/img/57168350143b4917a8e02a2e0a63863b_gl-0973.jpg
5648,8a322565584b405f9a204df9184d714d,gl-0975.jpg,~/ml4img/f4dficimg/dif_MRItumor/gl-0975.jpg,static/img/8a322565584b405f9a204df9184d714d_gl-0975.jpg
5649,6495b9406e7b415b9c9b3ede29142fbf,gl-0986.jpg,~/ml4img/f4dficimg/dif_MRItumor/gl-0986.jpg,static/img/6495b9406e7b415b9c9b3ede29142fbf_gl-0986.jpg
5650,84e0c20635904b3e8d429214ff4a287c,gl-0995.jpg,~/ml4img/f4dficimg/dif_MRItumor/gl-0995.jpg,static/img/84e0c20635904b3e8d429214ff4a287c_gl-0995.jpg
5651,d27ab8167f104b829bb17e71d803e559,gl-0997.jpg,~/ml4img/f4dficimg/dif_MRItumor/gl-0997.jpg,static/img/d27ab8167f104b829bb17e71d803e559_gl-0997.jpg
5652,2961ca13ba6c42c7b262d4a41ddab972,gl-1000.jpg,~/ml4img/f4dficimg/dif_MRItumor/gl-1000.jpg,static/img/2961ca13ba6c42c7b262d4a41ddab972_gl-1000.jpg
5653,6eebe9148fe84b3d906d03acd2b8defb,gl-1007.jpg,~/ml4img/f4dficimg/dif_MRItumor/gl-1007.jpg,static/img/6eebe9148fe84b3d906d03acd2b8defb_gl-1007.jpg
5654,d4848bdbd6c145e093a7eabe09a5cb49,gl-1010.jpg,~/ml4img/f4dficimg/dif_MRItumor/gl-1010.jpg,static/img/d4848bdbd6c145e093a7eabe09a5cb49_gl-1010.jpg
5655,a26754ddbba245f9872d4a1b6d0bd5d3,gl-1019.jpg,~/ml4img/f4dficimg/dif_MRItumor/gl-1019.jpg,static/img/a26754ddbba245f9872d4a1b6d0bd5d3_gl-1019.jpg
5656,5ff94651ba064c67aed65cbcc12cf722,gl-1024.jpg,~/ml4img/f4dficimg/dif_MRItumor/gl-1024.jpg,static/img/5ff94651ba064c67aed65cbcc12cf722_gl-1024.jpg
5657,6762d9198f2f408a912ab2acfdf81585,gl-1027.jpg,~/ml4img/f4dficimg/dif_MRItumor/gl-1027.jpg,static/img/6762d9198f2f408a912ab2acfdf81585_gl-1027.jpg
5658,7e91974b79354022bb37ffbc18d45541,gl-1033.jpg,~/ml4img/f4dficimg/dif_MRItumor/gl-1033.jpg,static/img/7e91974b79354022bb37ffbc18d45541_gl-1033.jpg
5659,94f99f0793ab4f2eab20b3e38fad2eb3,gl-1037.jpg,~/ml4img/f4dficimg/dif_MRItumor/gl-1037.jpg,static/img/94f99f0793ab4f2eab20b3e38fad2eb3_gl-1037.jpg
5660,b87520dd2a1048c79f8a09d5e4ec2d9b,gl-1039.jpg,~/ml4img/f4dficimg/dif_MRItumor/gl-1039.jpg,static/img/b87520dd2a1048c79f8a09d5e4ec2d9b_gl-1039.jpg
5661,884fa7ae2e5b472f9f85251311747979,gl-1041.jpg,~/ml4img/f4dficimg/dif_MRItumor/gl-1041.jpg,static/img/884fa7ae2e5b472f9f85251311747979_gl-1041.jpg
5662,0f701fa4950745d4a756e3a909e0a5c2,gl-1042.jpg,~/ml4img/f4dficimg/dif_MRItumor/gl-1042.jpg,static/img/0f701fa4950745d4a756e3a909e0a5c2_gl-1042.jpg
5663,9885ca8cbef849c38322dc386c7ae557,gl-1051.jpg,~/ml4img/f4dficimg/dif_MRItumor/gl-1051.jpg,static/img/9885ca8cbef849c38322dc386c7ae557_gl-1051.jpg
5664,d3c8797e92aa4dcd89d331c29a62eb8e,gl-1052.jpg,~/ml4img/f4dficimg/dif_MRItumor/gl-1052.jpg,static/img/d3c8797e92aa4dcd89d331c29a62eb8e_gl-1052.jpg
5665,472ae5f5b9cf46ac881498b7a6149278,gl-1056.jpg,~/ml4img/f4dficimg/dif_MRItumor/gl-1056.jpg,static/img/472ae5f5b9cf46ac881498b7a6149278_gl-1056.jpg
5666,5309ae91faaa4690b200563f57f0c720,gl-1058.jpg,~/ml4img/f4dficimg/dif_MRItumor/gl-1058.jpg,static/img/5309ae91faaa4690b200563f57f0c720_gl-1058.jpg
5667,99f41d36747b4edf949b4e402cb64c3c,gl-1063.jpg,~/ml4img/f4dficimg/dif_MRItumor/gl-1063.jpg,static/img/99f41d36747b4edf949b4e402cb64c3c_gl-1063.jpg
5668,28972ef97d0b4e6f928d13670098c37f,gl-1072.jpg,~/ml4img/f4dficimg/dif_MRItumor/gl-1072.jpg,static/img/28972ef97d0b4e6f928d13670098c37f_gl-1072.jpg
5669,784133cfbeea42e6b10f7b66f5dab8d5,gl-1073.jpg,~/ml4img/f4dficimg/dif_MRItumor/gl-1073.jpg,static/img/784133cfbeea42e6b10f7b66f5dab8d5_gl-1073.jpg
5670,b45dc8184a0545d2a5c5be1f817f6931,gl-1074.jpg,~/ml4img/f4dficimg/dif_MRItumor/gl-1074.jpg,static/img/b45dc8184a0545d2a5c5be1f817f6931_gl-1074.jpg
5671,d738fa9b3e3e427487994e5d831d5fa8,gl-1077.jpg,~/ml4img/f4dficimg/dif_MRItumor/gl-1077.jpg,static/img/d738fa9b3e3e427487994e5d831d5fa8_gl-1077.jpg
5672,2627557a2bbc4335b355ab6714f1245f,gl-1080.jpg,~/ml4img/f4dficimg/dif_MRItumor/gl-1080.jpg,static/img/2627557a2bbc4335b355ab6714f1245f_gl-1080.jpg
5673,119df4c51cb7493d9d7b815f7843266f,gl-1086.jpg,~/ml4img/f4dficimg/dif_MRItumor/gl-1086.jpg,static/img/119df4c51cb7493d9d7b815f7843266f_gl-1086.jpg
5674,0d5f6b69fc6a45d580ed68b258eb2a52,gl-1090.jpg,~/ml4img/f4dficimg/dif_MRItumor/gl-1090.jpg,static/img/0d5f6b69fc6a45d580ed68b258eb2a52_gl-1090.jpg
5675,acbb07ebc47a4b828c7b621a62f0fee2,gl-1095.jpg,~/ml4img/f4dficimg/dif_MRItumor/gl-1095.jpg,static/img/acbb07ebc47a4b828c7b621a62f0fee2_gl-1095.jpg
5676,f3111fdaa2394d6698437b9d19181d35,gl-1100.jpg,~/ml4img/f4dficimg/dif_MRItumor/gl-1100.jpg,static/img/f3111fdaa2394d6698437b9d19181d35_gl-1100.jpg
5677,1a5d4bec96664dfda6b83ebb348bfc23,gl-1106.jpg,~/ml4img/f4dficimg/dif_MRItumor/gl-1106.jpg,static/img/1a5d4bec96664dfda6b83ebb348bfc23_gl-1106.jpg
5678,e2676f91de714c1c9fd21ceb132a2430,gl-1108.jpg,~/ml4img/f4dficimg/dif_MRItumor/gl-1108.jpg,static/img/e2676f91de714c1c9fd21ceb132a2430_gl-1108.jpg
5679,d71e8a44337c418a807629385195888a,gl-1113.jpg,~/ml4img/f4dficimg/dif_MRItumor/gl-1113.jpg,static/img/d71e8a44337c418a807629385195888a_gl-1113.jpg
5680,758e0c2df44047398f60b9231e016de8,gl-1121.jpg,~/ml4img/f4dficimg/dif_MRItumor/gl-1121.jpg,static/img/758e0c2df44047398f60b9231e016de8_gl-1121.jpg
5681,d4f2b236f6214279a0aa80fa1ae6ee1c,gl-1126.jpg,~/ml4img/f4dficimg/dif_MRItumor/gl-1126.jpg,static/img/d4f2b236f6214279a0aa80fa1ae6ee1c_gl-1126.jpg
5682,dc472038189943f395337d62d574dfb8,gl-1132.jpg,~/ml4img/f4dficimg/dif_MRItumor/gl-1132.jpg,static/img/dc472038189943f395337d62d574dfb8_gl-1132.jpg
5683,8504b5766c934cf3a535b1e295a46d5c,gl-1145.jpg,~/ml4img/f4dficimg/dif_MRItumor/gl-1145.jpg,static/img/8504b5766c934cf3a535b1e295a46d5c_gl-1145.jpg
5684,39f1fece49494ad991b8213163ec5025,gl-1147.jpg,~/ml4img/f4dficimg/dif_MRItumor/gl-1147.jpg,static/img/39f1fece49494ad991b8213163ec5025_gl-1147.jpg
5685,fa553596e37940e091fb54d13bb0c80c,gl-1150.jpg,~/ml4img/f4dficimg/dif_MRItumor/gl-1150.jpg,static/img/fa553596e37940e091fb54d13bb0c80c_gl-1150.jpg
5686,77127383e1d6437480f961fb391837f4,gl-1157.jpg,~/ml4img/f4dficimg/dif_MRItumor/gl-1157.jpg,static/img/77127383e1d6437480f961fb391837f4_gl-1157.jpg
5687,865b0c1c83d2459bbaacad53a305b09d,gl-1159.jpg,~/ml4img/f4dficimg/dif_MRItumor/gl-1159.jpg,static/img/865b0c1c83d2459bbaacad53a305b09d_gl-1159.jpg
5688,016470619990469fb3bfafe6321e6674,gl-1163.jpg,~/ml4img/f4dficimg/dif_MRItumor/gl-1163.jpg,static/img/016470619990469fb3bfafe6321e6674_gl-1163.jpg
5689,8f7024f779144325bf66e1f1e73290df,gl-1171.jpg,~/ml4img/f4dficimg/dif_MRItumor/gl-1171.jpg,static/img/8f7024f779144325bf66e1f1e73290df_gl-1171.jpg
5690,8f5f583154c54d51b20ba314976d3646,gl-1176.jpg,~/ml4img/f4dficimg/dif_MRItumor/gl-1176.jpg,static/img/8f5f583154c54d51b20ba314976d3646_gl-1176.jpg
5691,9425e8734ca849108ab47b0a70e235f4,gl-1178.jpg,~/ml4img/f4dficimg/dif_MRItumor/gl-1178.jpg,static/img/9425e8734ca849108ab47b0a70e235f4_gl-1178.jpg
5692,a24582f02e4a4750a1e4cae6148ee468,gl-1180.jpg,~/ml4img/f4dficimg/dif_MRItumor/gl-1180.jpg,static/img/a24582f02e4a4750a1e4cae6148ee468_gl-1180.jpg
5693,accc0ef40daa4f6894a9783dd448788d,gl-1184.jpg,~/ml4img/f4dficimg/dif_MRItumor/gl-1184.jpg,static/img/accc0ef40daa4f6894a9783dd448788d_gl-1184.jpg
5694,e49e48614389400aa88284a35e15d854,gl-1194.jpg,~/ml4img/f4dficimg/dif_MRItumor/gl-1194.jpg,static/img/e49e48614389400aa88284a35e15d854_gl-1194.jpg
5695,130f7cc4d29a42438ace370772202401,gl-1201.jpg,~/ml4img/f4dficimg/dif_MRItumor/gl-1201.jpg,static/img/130f7cc4d29a42438ace370772202401_gl-1201.jpg
5696,df4b8276756a4d549034da930b07d3b9,gl-1203.jpg,~/ml4img/f4dficimg/dif_MRItumor/gl-1203.jpg,static/img/df4b8276756a4d549034da930b07d3b9_gl-1203.jpg
5697,35c23127fec347d88700b5cf87c02503,gl-1204.jpg,~/ml4img/f4dficimg/dif_MRItumor/gl-1204.jpg,static/img/35c23127fec347d88700b5cf87c02503_gl-1204.jpg
5698,f6dd2f72b2ad4516964881a2b7e8f70f,gl-1207.jpg,~/ml4img/f4dficimg/dif_MRItumor/gl-1207.jpg,static/img/f6dd2f72b2ad4516964881a2b7e8f70f_gl-1207.jpg
5699,67599e2b78a04234987fb084bdac919b,gl-1211.jpg,~/ml4img/f4dficimg/dif_MRItumor/gl-1211.jpg,static/img/67599e2b78a04234987fb084bdac919b_gl-1211.jpg
5700,bdf81d2388fd4d248949c3272ccbb8a2,gl-1212.jpg,~/ml4img/f4dficimg/dif_MRItumor/gl-1212.jpg,static/img/bdf81d2388fd4d248949c3272ccbb8a2_gl-1212.jpg
5701,39f277af1ed844f0995c94a35d00485c,gl-1217.jpg,~/ml4img/f4dficimg/dif_MRItumor/gl-1217.jpg,static/img/39f277af1ed844f0995c94a35d00485c_gl-1217.jpg
5702,30afe41b20584ff8ac41186b2ca43ff5,gl-1226.jpg,~/ml4img/f4dficimg/dif_MRItumor/gl-1226.jpg,static/img/30afe41b20584ff8ac41186b2ca43ff5_gl-1226.jpg
5703,f39f886c22844e87a3da5f15828d6cb4,gl-1227.jpg,~/ml4img/f4dficimg/dif_MRItumor/gl-1227.jpg,static/img/f39f886c22844e87a3da5f15828d6cb4_gl-1227.jpg
5704,12966877a8fd4566b77e598c2e591b2f,gl-1228.jpg,~/ml4img/f4dficimg/dif_MRItumor/gl-1228.jpg,static/img/12966877a8fd4566b77e598c2e591b2f_gl-1228.jpg
5705,de8080f820b444d0ae36bc72e3c6647e,gl-1231.jpg,~/ml4img/f4dficimg/dif_MRItumor/gl-1231.jpg,static/img/de8080f820b444d0ae36bc72e3c6647e_gl-1231.jpg
5706,db2e4a694dba4a4c8dce045a5c0a72cf,gl-1232.jpg,~/ml4img/f4dficimg/dif_MRItumor/gl-1232.jpg,static/img/db2e4a694dba4a4c8dce045a5c0a72cf_gl-1232.jpg
5707,8b74831fb1b542b48bf1e7f7f2752726,gl-1235.jpg,~/ml4img/f4dficimg/dif_MRItumor/gl-1235.jpg,static/img/8b74831fb1b542b48bf1e7f7f2752726_gl-1235.jpg
5708,3e57cef672c84518a91da5374bfb6010,gl-1237.jpg,~/ml4img/f4dficimg/dif_MRItumor/gl-1237.jpg,static/img/3e57cef672c84518a91da5374bfb6010_gl-1237.jpg
5709,7fdac034a73e4edd8ca056bcf6eea65d,gl-1245.jpg,~/ml4img/f4dficimg/dif_MRItumor/gl-1245.jpg,static/img/7fdac034a73e4edd8ca056bcf6eea65d_gl-1245.jpg
5710,7d3d15c035ae4de3b55890591ef31367,gl-1247.jpg,~/ml4img/f4dficimg/dif_MRItumor/gl-1247.jpg,static/img/7d3d15c035ae4de3b55890591ef31367_gl-1247.jpg
5711,7ed67f17de1847379d8d934b524bfe62,gl-1251.jpg,~/ml4img/f4dficimg/dif_MRItumor/gl-1251.jpg,static/img/7ed67f17de1847379d8d934b524bfe62_gl-1251.jpg
5712,a21bb9d6b10f436e925ab5691060b40f,gl-1261.jpg,~/ml4img/f4dficimg/dif_MRItumor/gl-1261.jpg,static/img/a21bb9d6b10f436e925ab5691060b40f_gl-1261.jpg
5713,732334ddfce44c5696ed49157fbf8857,gl-1268.jpg,~/ml4img/f4dficimg/dif_MRItumor/gl-1268.jpg,static/img/732334ddfce44c5696ed49157fbf8857_gl-1268.jpg
5714,d0fceaf4f02949b78fc2bc8d6ce294be,gl-1269.jpg,~/ml4img/f4dficimg/dif_MRItumor/gl-1269.jpg,static/img/d0fceaf4f02949b78fc2bc8d6ce294be_gl-1269.jpg
5715,32464dec3523436c91a9bf9ea988316b,gl-1271.jpg,~/ml4img/f4dficimg/dif_MRItumor/gl-1271.jpg,static/img/32464dec3523436c91a9bf9ea988316b_gl-1271.jpg
5716,640dce3bc55b462a9c5a7c73441fa59f,gl-1281.jpg,~/ml4img/f4dficimg/dif_MRItumor/gl-1281.jpg,static/img/640dce3bc55b462a9c5a7c73441fa59f_gl-1281.jpg
5717,b8c91c7471ad48cf9175f2f00663b8eb,gl-1285.jpg,~/ml4img/f4dficimg/dif_MRItumor/gl-1285.jpg,static/img/b8c91c7471ad48cf9175f2f00663b8eb_gl-1285.jpg
5718,29325ecd0a334cf7913101be56bcb0e3,gl-1286.jpg,~/ml4img/f4dficimg/dif_MRItumor/gl-1286.jpg,static/img/29325ecd0a334cf7913101be56bcb0e3_gl-1286.jpg
5719,7366c36a7e2c4c28956cf4ccf3c166d2,gl-1290.jpg,~/ml4img/f4dficimg/dif_MRItumor/gl-1290.jpg,static/img/7366c36a7e2c4c28956cf4ccf3c166d2_gl-1290.jpg
5720,e975e31975be453da578a1feadd6d5b9,gl-1293.jpg,~/ml4img/f4dficimg/dif_MRItumor/gl-1293.jpg,static/img/e975e31975be453da578a1feadd6d5b9_gl-1293.jpg
5721,38019948fcf043a6999027522dbeecb9,gl-1302.jpg,~/ml4img/f4dficimg/dif_MRItumor/gl-1302.jpg,static/img/38019948fcf043a6999027522dbeecb9_gl-1302.jpg
5722,ca312c04af8a4e699c8476417242cf3a,gl-1303.jpg,~/ml4img/f4dficimg/dif_MRItumor/gl-1303.jpg,static/img/ca312c04af8a4e699c8476417242cf3a_gl-1303.jpg
5723,bec0558ce7c743acbd540f0695afbe2b,gl-1309.jpg,~/ml4img/f4dficimg/dif_MRItumor/gl-1309.jpg,static/img/bec0558ce7c743acbd540f0695afbe2b_gl-1309.jpg
5724,c7efc125e2734de1a4f601c02ec1debc,gl-1310.jpg,~/ml4img/f4dficimg/dif_MRItumor/gl-1310.jpg,static/img/c7efc125e2734de1a4f601c02ec1debc_gl-1310.jpg
5725,f3a0842a498744068c3a4940575b041a,gl-1313.jpg,~/ml4img/f4dficimg/dif_MRItumor/gl-1313.jpg,static/img/f3a0842a498744068c3a4940575b041a_gl-1313.jpg
5726,233899ac8c0a421d9f1a6c8114cd30ce,gl-1314.jpg,~/ml4img/f4dficimg/dif_MRItumor/gl-1314.jpg,static/img/233899ac8c0a421d9f1a6c8114cd30ce_gl-1314.jpg
5727,5e12a9f696b3434198bba5b2fa71f530,gl-1324.jpg,~/ml4img/f4dficimg/dif_MRItumor/gl-1324.jpg,static/img/5e12a9f696b3434198bba5b2fa71f530_gl-1324.jpg
5728,0009003dc68541bcbc98dc75abf9b57f,gl-1325.jpg,~/ml4img/f4dficimg/dif_MRItumor/gl-1325.jpg,static/img/0009003dc68541bcbc98dc75abf9b57f_gl-1325.jpg
5729,b4bd6b23ae914ec5bad1839eda63fce8,gl-1328.jpg,~/ml4img/f4dficimg/dif_MRItumor/gl-1328.jpg,static/img/b4bd6b23ae914ec5bad1839eda63fce8_gl-1328.jpg
5730,0de9141f531d43e89627c9a8bdae4295,gl-1330.jpg,~/ml4img/f4dficimg/dif_MRItumor/gl-1330.jpg,static/img/0de9141f531d43e89627c9a8bdae4295_gl-1330.jpg
5731,bee8229ca2b04771bb80487e78c5909d,gl-1334.jpg,~/ml4img/f4dficimg/dif_MRItumor/gl-1334.jpg,static/img/bee8229ca2b04771bb80487e78c5909d_gl-1334.jpg
5732,adb9d1b453264450b8c3d4eb7cc09ce7,gl-1336.jpg,~/ml4img/f4dficimg/dif_MRItumor/gl-1336.jpg,static/img/adb9d1b453264450b8c3d4eb7cc09ce7_gl-1336.jpg
5733,ede1dd850abb4c6c9dd1625299dd8c44,gl-1339.jpg,~/ml4img/f4dficimg/dif_MRItumor/gl-1339.jpg,static/img/ede1dd850abb4c6c9dd1625299dd8c44_gl-1339.jpg
5734,be5665c53548451ea975cfdb756e65ab,gl-1340.jpg,~/ml4img/f4dficimg/dif_MRItumor/gl-1340.jpg,static/img/be5665c53548451ea975cfdb756e65ab_gl-1340.jpg
5735,48c7657a8748432d91eefae151ea5086,gl-1342.jpg,~/ml4img/f4dficimg/dif_MRItumor/gl-1342.jpg,static/img/48c7657a8748432d91eefae151ea5086_gl-1342.jpg
5736,69de2d948a7c46f18b937137e03010c0,gl-1345.jpg,~/ml4img/f4dficimg/dif_MRItumor/gl-1345.jpg,static/img/69de2d948a7c46f18b937137e03010c0_gl-1345.jpg
5737,68dc0cc4992c4409b2b3dee5aa4feb4d,gl-1348.jpg,~/ml4img/f4dficimg/dif_MRItumor/gl-1348.jpg,static/img/68dc0cc4992c4409b2b3dee5aa4feb4d_gl-1348.jpg
5738,b30eb0b86d404d078d65265124e854d8,gl-1354.jpg,~/ml4img/f4dficimg/dif_MRItumor/gl-1354.jpg,static/img/b30eb0b86d404d078d65265124e854d8_gl-1354.jpg
5739,20f13d6a059c49bc8ddcf89477788d5f,gl-1355.jpg,~/ml4img/f4dficimg/dif_MRItumor/gl-1355.jpg,static/img/20f13d6a059c49bc8ddcf89477788d5f_gl-1355.jpg
5740,bd833409321f459ba23a0e420356f7dd,gl-1359.jpg,~/ml4img/f4dficimg/dif_MRItumor/gl-1359.jpg,static/img/bd833409321f459ba23a0e420356f7dd_gl-1359.jpg
5741,58bf6deb2b21469daba054a62b827867,gl-1361.jpg,~/ml4img/f4dficimg/dif_MRItumor/gl-1361.jpg,static/img/58bf6deb2b21469daba054a62b827867_gl-1361.jpg
5742,1aa1d8c8fdc046c38251e11456dd344c,gl-1363.jpg,~/ml4img/f4dficimg/dif_MRItumor/gl-1363.jpg,static/img/1aa1d8c8fdc046c38251e11456dd344c_gl-1363.jpg
5743,b801952e874a40158d2d4e85bfb44e10,gl-1371.jpg,~/ml4img/f4dficimg/dif_MRItumor/gl-1371.jpg,static/img/b801952e874a40158d2d4e85bfb44e10_gl-1371.jpg
5744,f178b8cd89024fa89c6728e997af2bd2,gl-1373.jpg,~/ml4img/f4dficimg/dif_MRItumor/gl-1373.jpg,static/img/f178b8cd89024fa89c6728e997af2bd2_gl-1373.jpg
5745,b581209532fb4c409cfb1f2e676480a1,gl-1375.jpg,~/ml4img/f4dficimg/dif_MRItumor/gl-1375.jpg,static/img/b581209532fb4c409cfb1f2e676480a1_gl-1375.jpg
5746,50fb786824e24893b3a2864679117139,gl-1377.jpg,~/ml4img/f4dficimg/dif_MRItumor/gl-1377.jpg,static/img/50fb786824e24893b3a2864679117139_gl-1377.jpg
5747,d20c03a9de5441788d7f011f36503276,gl-1378.jpg,~/ml4img/f4dficimg/dif_MRItumor/gl-1378.jpg,static/img/d20c03a9de5441788d7f011f36503276_gl-1378.jpg
5748,a987efbb1b524b6cb9d53b949cc7249c,gl-1385.jpg,~/ml4img/f4dficimg/dif_MRItumor/gl-1385.jpg,static/img/a987efbb1b524b6cb9d53b949cc7249c_gl-1385.jpg
5749,5cdfe0258c554e2db3226e62614411a3,gl-1389.jpg,~/ml4img/f4dficimg/dif_MRItumor/gl-1389.jpg,static/img/5cdfe0258c554e2db3226e62614411a3_gl-1389.jpg
5750,229e77aa73484bfeb0b4f3f4eb2802ca,gl-1390.jpg,~/ml4img/f4dficimg/dif_MRItumor/gl-1390.jpg,static/img/229e77aa73484bfeb0b4f3f4eb2802ca_gl-1390.jpg
5751,29b52aac5da1415f8440ba67ddfec9e9,gl-1393.jpg,~/ml4img/f4dficimg/dif_MRItumor/gl-1393.jpg,static/img/29b52aac5da1415f8440ba67ddfec9e9_gl-1393.jpg
5752,442b46eea00944de90c520cfca616428,gl-1394.jpg,~/ml4img/f4dficimg/dif_MRItumor/gl-1394.jpg,static/img/442b46eea00944de90c520cfca616428_gl-1394.jpg
5753,a50d5640443f4687be3e6b02bdd0216d,gl-1396.jpg,~/ml4img/f4dficimg/dif_MRItumor/gl-1396.jpg,static/img/a50d5640443f4687be3e6b02bdd0216d_gl-1396.jpg
5754,1fdd8c3be67f45bd8ef9493ed69da14b,gl-1401.jpg,~/ml4img/f4dficimg/dif_MRItumor/gl-1401.jpg,static/img/1fdd8c3be67f45bd8ef9493ed69da14b_gl-1401.jpg
5755,78cd98b3f5004356bcccfc1f826288e4,gl-1406.jpg,~/ml4img/f4dficimg/dif_MRItumor/gl-1406.jpg,static/img/78cd98b3f5004356bcccfc1f826288e4_gl-1406.jpg
5756,c116ff5601384c89919eeb21a459f290,gl-1412.jpg,~/ml4img/f4dficimg/dif_MRItumor/gl-1412.jpg,static/img/c116ff5601384c89919eeb21a459f290_gl-1412.jpg
5757,4cf4fb9c545f4ea390aec10a7de617fc,gl-1415.jpg,~/ml4img/f4dficimg/dif_MRItumor/gl-1415.jpg,static/img/4cf4fb9c545f4ea390aec10a7de617fc_gl-1415.jpg
5758,29b69cec9101402f86b55242357a9010,gl-1417.jpg,~/ml4img/f4dficimg/dif_MRItumor/gl-1417.jpg,static/img/29b69cec9101402f86b55242357a9010_gl-1417.jpg
5759,92b0511fc8a3400fab926ee6ac8a7f8f,gl-1422.jpg,~/ml4img/f4dficimg/dif_MRItumor/gl-1422.jpg,static/img/92b0511fc8a3400fab926ee6ac8a7f8f_gl-1422.jpg
5760,731a2159bd3542749ba6f2b1f148e276,gl-1423.jpg,~/ml4img/f4dficimg/dif_MRItumor/gl-1423.jpg,static/img/731a2159bd3542749ba6f2b1f148e276_gl-1423.jpg
5761,ae965f7f54cb4c9d92cb4dbf221ee64f,gl-1425.jpg,~/ml4img/f4dficimg/dif_MRItumor/gl-1425.jpg,static/img/ae965f7f54cb4c9d92cb4dbf221ee64f_gl-1425.jpg
5762,dd77afbb981f44938ada9802f312b029,gl-1433.jpg,~/ml4img/f4dficimg/dif_MRItumor/gl-1433.jpg,static/img/dd77afbb981f44938ada9802f312b029_gl-1433.jpg
5763,8b8dfbaf8e6048129a2412cd633cbd48,gl-1438.jpg,~/ml4img/f4dficimg/dif_MRItumor/gl-1438.jpg,static/img/8b8dfbaf8e6048129a2412cd633cbd48_gl-1438.jpg
5764,b3924b53a36c4e3d94595d4a60e46dc0,gl-1439.jpg,~/ml4img/f4dficimg/dif_MRItumor/gl-1439.jpg,static/img/b3924b53a36c4e3d94595d4a60e46dc0_gl-1439.jpg
5765,78e71530c23e4f5baf8a460168990aaa,gl-1440.jpg,~/ml4img/f4dficimg/dif_MRItumor/gl-1440.jpg,static/img/78e71530c23e4f5baf8a460168990aaa_gl-1440.jpg
5766,7f8923b2df694b21b73e61cb6af585de,gl-1452.jpg,~/ml4img/f4dficimg/dif_MRItumor/gl-1452.jpg,static/img/7f8923b2df694b21b73e61cb6af585de_gl-1452.jpg
5767,ce95f60cfb244d99bde35bf49a049fbe,gl-1453.jpg,~/ml4img/f4dficimg/dif_MRItumor/gl-1453.jpg,static/img/ce95f60cfb244d99bde35bf49a049fbe_gl-1453.jpg
5768,2e3dd9f1c76d4624b5bd45c923ab5dd5,gl-1455.jpg,~/ml4img/f4dficimg/dif_MRItumor/gl-1455.jpg,static/img/2e3dd9f1c76d4624b5bd45c923ab5dd5_gl-1455.jpg
5769,d0a76c904e5c464d9ae8d3b3f581fdee,gl-1459.jpg,~/ml4img/f4dficimg/dif_MRItumor/gl-1459.jpg,static/img/d0a76c904e5c464d9ae8d3b3f581fdee_gl-1459.jpg
5770,cac6f0a49ce34f459dcdb1124cd99055,gl-1460.jpg,~/ml4img/f4dficimg/dif_MRItumor/gl-1460.jpg,static/img/cac6f0a49ce34f459dcdb1124cd99055_gl-1460.jpg
5771,c426890d38f84c8284ae13c73e0457be,gl-1461.jpg,~/ml4img/f4dficimg/dif_MRItumor/gl-1461.jpg,static/img/c426890d38f84c8284ae13c73e0457be_gl-1461.jpg
5772,abc9f715d4624349ad01582a9b12fea7,gl-1465.jpg,~/ml4img/f4dficimg/dif_MRItumor/gl-1465.jpg,static/img/abc9f715d4624349ad01582a9b12fea7_gl-1465.jpg
5773,4f3247b7ce3243a2a02972c45496f3c7,gl-1471.jpg,~/ml4img/f4dficimg/dif_MRItumor/gl-1471.jpg,static/img/4f3247b7ce3243a2a02972c45496f3c7_gl-1471.jpg
5774,e60591085a8448ecbe83f3db1e42b7d8,gl-1473.jpg,~/ml4img/f4dficimg/dif_MRItumor/gl-1473.jpg,static/img/e60591085a8448ecbe83f3db1e42b7d8_gl-1473.jpg
5775,cc54c0bfab5c4c7b8904bb56ce1fb8cb,gl-1475.jpg,~/ml4img/f4dficimg/dif_MRItumor/gl-1475.jpg,static/img/cc54c0bfab5c4c7b8904bb56ce1fb8cb_gl-1475.jpg
5776,aac97f13b4fb4faebf693f6b9c96f6b9,gl-1476.jpg,~/ml4img/f4dficimg/dif_MRItumor/gl-1476.jpg,static/img/aac97f13b4fb4faebf693f6b9c96f6b9_gl-1476.jpg
5777,af42fb7daad249dc9bac8242fae82431,gl-1480.jpg,~/ml4img/f4dficimg/dif_MRItumor/gl-1480.jpg,static/img/af42fb7daad249dc9bac8242fae82431_gl-1480.jpg
5778,60c6c187b56d459ea01ed223e67f344e,gl-1482.jpg,~/ml4img/f4dficimg/dif_MRItumor/gl-1482.jpg,static/img/60c6c187b56d459ea01ed223e67f344e_gl-1482.jpg
5779,beb841323e1e46aa940a55ed961576db,gl-1487.jpg,~/ml4img/f4dficimg/dif_MRItumor/gl-1487.jpg,static/img/beb841323e1e46aa940a55ed961576db_gl-1487.jpg
5780,f690c78225fb4ee2aa54eb0daffbf8bd,gl-1489.jpg,~/ml4img/f4dficimg/dif_MRItumor/gl-1489.jpg,static/img/f690c78225fb4ee2aa54eb0daffbf8bd_gl-1489.jpg
5781,ef6abb9540574ce2b033a4f9237eede3,gl-1491.jpg,~/ml4img/f4dficimg/dif_MRItumor/gl-1491.jpg,static/img/ef6abb9540574ce2b033a4f9237eede3_gl-1491.jpg
5782,a01f5baf78d140fcaa7570780eb834af,gl-1492.jpg,~/ml4img/f4dficimg/dif_MRItumor/gl-1492.jpg,static/img/a01f5baf78d140fcaa7570780eb834af_gl-1492.jpg
5783,f94ec99fca0d4116a450010e2650b869,gl-1496.jpg,~/ml4img/f4dficimg/dif_MRItumor/gl-1496.jpg,static/img/f94ec99fca0d4116a450010e2650b869_gl-1496.jpg
5784,bb3d2461d010499191ac3881ff20e040,gl-1501.jpg,~/ml4img/f4dficimg/dif_MRItumor/gl-1501.jpg,static/img/bb3d2461d010499191ac3881ff20e040_gl-1501.jpg
5785,3f99570ce75d4d959a08d95d0712b6ff,gl-1503.jpg,~/ml4img/f4dficimg/dif_MRItumor/gl-1503.jpg,static/img/3f99570ce75d4d959a08d95d0712b6ff_gl-1503.jpg
5786,0e367814a6df45deb8cc35633d51ad7a,gl-1511.jpg,~/ml4img/f4dficimg/dif_MRItumor/gl-1511.jpg,static/img/0e367814a6df45deb8cc35633d51ad7a_gl-1511.jpg
5787,b7df0952270c4e3782a71e0ccde3ee80,gl-1513.jpg,~/ml4img/f4dficimg/dif_MRItumor/gl-1513.jpg,static/img/b7df0952270c4e3782a71e0ccde3ee80_gl-1513.jpg
5788,11a74fc15fd64c52aa7b51d4bfd3d1d5,gl-1514.jpg,~/ml4img/f4dficimg/dif_MRItumor/gl-1514.jpg,static/img/11a74fc15fd64c52aa7b51d4bfd3d1d5_gl-1514.jpg
5789,0b5c36cc1e43491096a2360beb11675f,gl-1515.jpg,~/ml4img/f4dficimg/dif_MRItumor/gl-1515.jpg,static/img/0b5c36cc1e43491096a2360beb11675f_gl-1515.jpg
5790,ace6c1df05ff40ffafb7c9aaf3e571f3,gl-1526.jpg,~/ml4img/f4dficimg/dif_MRItumor/gl-1526.jpg,static/img/ace6c1df05ff40ffafb7c9aaf3e571f3_gl-1526.jpg
5791,a5bb05b4a85b4da6b57b15481c447db3,gl-1529.jpg,~/ml4img/f4dficimg/dif_MRItumor/gl-1529.jpg,static/img/a5bb05b4a85b4da6b57b15481c447db3_gl-1529.jpg
5792,4e3638f29eef483d93dc7ed9fe231d6a,gl-1539.jpg,~/ml4img/f4dficimg/dif_MRItumor/gl-1539.jpg,static/img/4e3638f29eef483d93dc7ed9fe231d6a_gl-1539.jpg
5793,41bc36b6f8ae4524a40f9e77417f465f,gl-1546.jpg,~/ml4img/f4dficimg/dif_MRItumor/gl-1546.jpg,static/img/41bc36b6f8ae4524a40f9e77417f465f_gl-1546.jpg
5794,c933227fb2cc4df19cc41bab95819624,gl-1548.jpg,~/ml4img/f4dficimg/dif_MRItumor/gl-1548.jpg,static/img/c933227fb2cc4df19cc41bab95819624_gl-1548.jpg
5795,50547b47c8114c9e94cf3ff3bc3c4f06,gl-1554.jpg,~/ml4img/f4dficimg/dif_MRItumor/gl-1554.jpg,static/img/50547b47c8114c9e94cf3ff3bc3c4f06_gl-1554.jpg
5796,c26d23c14c9b491b8773324ef6e0e9dd,gl-1555.jpg,~/ml4img/f4dficimg/dif_MRItumor/gl-1555.jpg,static/img/c26d23c14c9b491b8773324ef6e0e9dd_gl-1555.jpg
5797,5c6e1104455b424f9e616557baa3b7e9,gl-1557.jpg,~/ml4img/f4dficimg/dif_MRItumor/gl-1557.jpg,static/img/5c6e1104455b424f9e616557baa3b7e9_gl-1557.jpg
5798,951dd91bb3fa4da69532765669a198ba,gl-1558.jpg,~/ml4img/f4dficimg/dif_MRItumor/gl-1558.jpg,static/img/951dd91bb3fa4da69532765669a198ba_gl-1558.jpg
5799,13e1b4c2ba2c4634ba2e55fd23784240,gl-1563.jpg,~/ml4img/f4dficimg/dif_MRItumor/gl-1563.jpg,static/img/13e1b4c2ba2c4634ba2e55fd23784240_gl-1563.jpg
5800,45e51f55bfad4ba59493208795c2bf77,gl-1564.jpg,~/ml4img/f4dficimg/dif_MRItumor/gl-1564.jpg,static/img/45e51f55bfad4ba59493208795c2bf77_gl-1564.jpg
5801,fd5de1f7b8f345588c8340bebf7cbc3b,gl-1566.jpg,~/ml4img/f4dficimg/dif_MRItumor/gl-1566.jpg,static/img/fd5de1f7b8f345588c8340bebf7cbc3b_gl-1566.jpg
5802,852d9e079606428da7601b98dc762637,gl-1567.jpg,~/ml4img/f4dficimg/dif_MRItumor/gl-1567.jpg,static/img/852d9e079606428da7601b98dc762637_gl-1567.jpg
5803,b92acf9778d5431e9d77c02b55129975,gl-1568.jpg,~/ml4img/f4dficimg/dif_MRItumor/gl-1568.jpg,static/img/b92acf9778d5431e9d77c02b55129975_gl-1568.jpg
5804,514be19d2d744298b8601001b5659731,gl-1570.jpg,~/ml4img/f4dficimg/dif_MRItumor/gl-1570.jpg,static/img/514be19d2d744298b8601001b5659731_gl-1570.jpg
5805,5c65cdc459474fe39c70860095a6452f,gl-1573.jpg,~/ml4img/f4dficimg/dif_MRItumor/gl-1573.jpg,static/img/5c65cdc459474fe39c70860095a6452f_gl-1573.jpg
5806,de13f075f50048c2bf58fbec108707f2,gl-1580.jpg,~/ml4img/f4dficimg/dif_MRItumor/gl-1580.jpg,static/img/de13f075f50048c2bf58fbec108707f2_gl-1580.jpg
5807,eadff59fd3774be69785067895df10b1,gl-1582.jpg,~/ml4img/f4dficimg/dif_MRItumor/gl-1582.jpg,static/img/eadff59fd3774be69785067895df10b1_gl-1582.jpg
5808,7b66c3874f0c427aa8d2467d6818f0bc,gl-1583.jpg,~/ml4img/f4dficimg/dif_MRItumor/gl-1583.jpg,static/img/7b66c3874f0c427aa8d2467d6818f0bc_gl-1583.jpg
5809,f08d6f33dd7945a58644a259d6799238,gl-1587.jpg,~/ml4img/f4dficimg/dif_MRItumor/gl-1587.jpg,static/img/f08d6f33dd7945a58644a259d6799238_gl-1587.jpg
5810,2977b0f84ec54d1ebc5eea4fd22e9362,gl-1590.jpg,~/ml4img/f4dficimg/dif_MRItumor/gl-1590.jpg,static/img/2977b0f84ec54d1ebc5eea4fd22e9362_gl-1590.jpg
5811,c85ea7dc8c73428d8588dabef00b30a6,gl-1594.jpg,~/ml4img/f4dficimg/dif_MRItumor/gl-1594.jpg,static/img/c85ea7dc8c73428d8588dabef00b30a6_gl-1594.jpg
5812,ad620b2195ba4596a74385b3571ce6c2,gl-1597.jpg,~/ml4img/f4dficimg/dif_MRItumor/gl-1597.jpg,static/img/ad620b2195ba4596a74385b3571ce6c2_gl-1597.jpg
5813,4d499f7fb0644a34b1ce0c412b1ecd41,gl-1598.jpg,~/ml4img/f4dficimg/dif_MRItumor/gl-1598.jpg,static/img/4d499f7fb0644a34b1ce0c412b1ecd41_gl-1598.jpg
5814,3b00601a2a21413694c5287fa10c3a91,gl-1599.jpg,~/ml4img/f4dficimg/dif_MRItumor/gl-1599.jpg,static/img/3b00601a2a21413694c5287fa10c3a91_gl-1599.jpg
5815,03cc792526a04df493777fdda851eab6,gl-1600.jpg,~/ml4img/f4dficimg/dif_MRItumor/gl-1600.jpg,static/img/03cc792526a04df493777fdda851eab6_gl-1600.jpg
5816,d419de223fbe4e5c8ca6310053d0778d,gl-1603.jpg,~/ml4img/f4dficimg/dif_MRItumor/gl-1603.jpg,static/img/d419de223fbe4e5c8ca6310053d0778d_gl-1603.jpg
5817,94e516a2e01a447c99c64f9da15ae7c9,gl-1611.jpg,~/ml4img/f4dficimg/dif_MRItumor/gl-1611.jpg,static/img/94e516a2e01a447c99c64f9da15ae7c9_gl-1611.jpg
5818,6c1c5ced9c784be485249c9d470eea32,gl-1613.jpg,~/ml4img/f4dficimg/dif_MRItumor/gl-1613.jpg,static/img/6c1c5ced9c784be485249c9d470eea32_gl-1613.jpg
5819,2103baa950fc471d819a20181c152bd4,gl-1618.jpg,~/ml4img/f4dficimg/dif_MRItumor/gl-1618.jpg,static/img/2103baa950fc471d819a20181c152bd4_gl-1618.jpg
5820,d24a1ac5b45f43e79a87a42beadeda88,gl-1619.jpg,~/ml4img/f4dficimg/dif_MRItumor/gl-1619.jpg,static/img/d24a1ac5b45f43e79a87a42beadeda88_gl-1619.jpg
5821,02273c48b62f46cf8f1c632318b6a236,me-0001.jpg,~/ml4img/f4dficimg/dif_MRItumor/me-0001.jpg,static/img/02273c48b62f46cf8f1c632318b6a236_me-0001.jpg
5822,824a9de671474b418c849e17f8707c80,me-0003.jpg,~/ml4img/f4dficimg/dif_MRItumor/me-0003.jpg,static/img/824a9de671474b418c849e17f8707c80_me-0003.jpg
5823,524d78d389b641f9b97a356a9d82fb3c,me-0009.jpg,~/ml4img/f4dficimg/dif_MRItumor/me-0009.jpg,static/img/524d78d389b641f9b97a356a9d82fb3c_me-0009.jpg
5824,7258520fb1c94997a818743a4ee3ee80,me-0011.jpg,~/ml4img/f4dficimg/dif_MRItumor/me-0011.jpg,static/img/7258520fb1c94997a818743a4ee3ee80_me-0011.jpg
5825,30c1b6e8ee484b8dae701230708eee25,me-0013.jpg,~/ml4img/f4dficimg/dif_MRItumor/me-0013.jpg,static/img/30c1b6e8ee484b8dae701230708eee25_me-0013.jpg
5826,88ce602457764cc997a77a5100ba2a28,me-0014.jpg,~/ml4img/f4dficimg/dif_MRItumor/me-0014.jpg,static/img/88ce602457764cc997a77a5100ba2a28_me-0014.jpg
5827,f5dd128ef00741adabc512f16448dbdd,me-0016.jpg,~/ml4img/f4dficimg/dif_MRItumor/me-0016.jpg,static/img/f5dd128ef00741adabc512f16448dbdd_me-0016.jpg
5828,a4e188be2bf44c75bf9d38375c0cbd3f,me-0018.jpg,~/ml4img/f4dficimg/dif_MRItumor/me-0018.jpg,static/img/a4e188be2bf44c75bf9d38375c0cbd3f_me-0018.jpg
5829,76835a9541a74c459a9861f0d32ec44a,me-0022.jpg,~/ml4img/f4dficimg/dif_MRItumor/me-0022.jpg,static/img/76835a9541a74c459a9861f0d32ec44a_me-0022.jpg
5830,1f131091250140bfa8f3d99535ec9890,me-0026.jpg,~/ml4img/f4dficimg/dif_MRItumor/me-0026.jpg,static/img/1f131091250140bfa8f3d99535ec9890_me-0026.jpg
5831,79633331ffb446e3b1cb822e31461e2e,me-0031.jpg,~/ml4img/f4dficimg/dif_MRItumor/me-0031.jpg,static/img/79633331ffb446e3b1cb822e31461e2e_me-0031.jpg
5832,5c2e0d2667db4bcdabc25a3717067a22,me-0040.jpg,~/ml4img/f4dficimg/dif_MRItumor/me-0040.jpg,static/img/5c2e0d2667db4bcdabc25a3717067a22_me-0040.jpg
5833,f85b7298550b4c808edb048792f76a26,me-0042.jpg,~/ml4img/f4dficimg/dif_MRItumor/me-0042.jpg,static/img/f85b7298550b4c808edb048792f76a26_me-0042.jpg
5834,7f64812029ac411092e637792c4f0a6f,me-0045.jpg,~/ml4img/f4dficimg/dif_MRItumor/me-0045.jpg,static/img/7f64812029ac411092e637792c4f0a6f_me-0045.jpg
5835,3e9a6af14e164bdd9fce2cdbfefb28f7,me-0046.jpg,~/ml4img/f4dficimg/dif_MRItumor/me-0046.jpg,static/img/3e9a6af14e164bdd9fce2cdbfefb28f7_me-0046.jpg
5836,93233e4d8a20430c8a8a2f027c12ef93,me-0049.jpg,~/ml4img/f4dficimg/dif_MRItumor/me-0049.jpg,static/img/93233e4d8a20430c8a8a2f027c12ef93_me-0049.jpg
5837,6dc407c4db03418889a863c30538698f,me-0055.jpg,~/ml4img/f4dficimg/dif_MRItumor/me-0055.jpg,static/img/6dc407c4db03418889a863c30538698f_me-0055.jpg
5838,ca080837b3fe4d13b18c7153f93f4ed3,me-0057.jpg,~/ml4img/f4dficimg/dif_MRItumor/me-0057.jpg,static/img/ca080837b3fe4d13b18c7153f93f4ed3_me-0057.jpg
5839,04c6852a84774ae8b3dea25c832f1135,me-0060.jpg,~/ml4img/f4dficimg/dif_MRItumor/me-0060.jpg,static/img/04c6852a84774ae8b3dea25c832f1135_me-0060.jpg
5840,eb92ef5bc59b4023812a391f83823d1f,me-0063.jpg,~/ml4img/f4dficimg/dif_MRItumor/me-0063.jpg,static/img/eb92ef5bc59b4023812a391f83823d1f_me-0063.jpg
5841,df733f2589374203b215319e76c7c5a0,me-0064.jpg,~/ml4img/f4dficimg/dif_MRItumor/me-0064.jpg,static/img/df733f2589374203b215319e76c7c5a0_me-0064.jpg
5842,1c8b15d11d9f40c29be7c9d4723cc2e4,me-0066.jpg,~/ml4img/f4dficimg/dif_MRItumor/me-0066.jpg,static/img/1c8b15d11d9f40c29be7c9d4723cc2e4_me-0066.jpg
5843,08d3b99e2bfa49f086c0fcc6e28b523d,me-0068.jpg,~/ml4img/f4dficimg/dif_MRItumor/me-0068.jpg,static/img/08d3b99e2bfa49f086c0fcc6e28b523d_me-0068.jpg
5844,65a16486f6af4270af17b32ae973d545,me-0072.jpg,~/ml4img/f4dficimg/dif_MRItumor/me-0072.jpg,static/img/65a16486f6af4270af17b32ae973d545_me-0072.jpg
5845,2f1d5bd78f5e4a8fa3092676503b123f,me-0074.jpg,~/ml4img/f4dficimg/dif_MRItumor/me-0074.jpg,static/img/2f1d5bd78f5e4a8fa3092676503b123f_me-0074.jpg
5846,5710a329754a4c08927b4cee5ea1fecc,me-0086.jpg,~/ml4img/f4dficimg/dif_MRItumor/me-0086.jpg,static/img/5710a329754a4c08927b4cee5ea1fecc_me-0086.jpg
5847,b7098ca9d62d4bb2931c564e06befdf9,me-0092.jpg,~/ml4img/f4dficimg/dif_MRItumor/me-0092.jpg,static/img/b7098ca9d62d4bb2931c564e06befdf9_me-0092.jpg
5848,1a7da18a83384246934012aebd019512,me-0096.jpg,~/ml4img/f4dficimg/dif_MRItumor/me-0096.jpg,static/img/1a7da18a83384246934012aebd019512_me-0096.jpg
5849,898ab206e84d47c1a9b314a5425ff3b8,me-0099.jpg,~/ml4img/f4dficimg/dif_MRItumor/me-0099.jpg,static/img/898ab206e84d47c1a9b314a5425ff3b8_me-0099.jpg
5850,ce3bf360429948d6b8e6526d6dbac8fb,me-0107.jpg,~/ml4img/f4dficimg/dif_MRItumor/me-0107.jpg,static/img/ce3bf360429948d6b8e6526d6dbac8fb_me-0107.jpg
5851,6ebdc96237264ab3965744b723b6b980,me-0111.jpg,~/ml4img/f4dficimg/dif_MRItumor/me-0111.jpg,static/img/6ebdc96237264ab3965744b723b6b980_me-0111.jpg
5852,d573f7bf218548bc831b1de6e6470345,me-0112.jpg,~/ml4img/f4dficimg/dif_MRItumor/me-0112.jpg,static/img/d573f7bf218548bc831b1de6e6470345_me-0112.jpg
5853,1bff1b7cb8184831bf10924b06dfe3d4,me-0114.jpg,~/ml4img/f4dficimg/dif_MRItumor/me-0114.jpg,static/img/1bff1b7cb8184831bf10924b06dfe3d4_me-0114.jpg
5854,c0e3066fdc79492bbde63d92c857df8b,me-0115.jpg,~/ml4img/f4dficimg/dif_MRItumor/me-0115.jpg,static/img/c0e3066fdc79492bbde63d92c857df8b_me-0115.jpg
5855,6627211678574aa8986292e53f50a6bc,me-0118.jpg,~/ml4img/f4dficimg/dif_MRItumor/me-0118.jpg,static/img/6627211678574aa8986292e53f50a6bc_me-0118.jpg
5856,2d1c69b9fd994aab96b4b6d71224afb0,me-0125.jpg,~/ml4img/f4dficimg/dif_MRItumor/me-0125.jpg,static/img/2d1c69b9fd994aab96b4b6d71224afb0_me-0125.jpg
5857,d774fdc6c3dd4014bee10afa2254f738,me-0128.jpg,~/ml4img/f4dficimg/dif_MRItumor/me-0128.jpg,static/img/d774fdc6c3dd4014bee10afa2254f738_me-0128.jpg
5858,cc08b02289e1482b8808ceb10db54886,me-0132.jpg,~/ml4img/f4dficimg/dif_MRItumor/me-0132.jpg,static/img/cc08b02289e1482b8808ceb10db54886_me-0132.jpg
5859,2597f040a8fc4f4abf157d1a46332f2f,me-0135.jpg,~/ml4img/f4dficimg/dif_MRItumor/me-0135.jpg,static/img/2597f040a8fc4f4abf157d1a46332f2f_me-0135.jpg
5860,c76c88bb0cb64ba1b915ba6f6b5b5e06,me-0138.jpg,~/ml4img/f4dficimg/dif_MRItumor/me-0138.jpg,static/img/c76c88bb0cb64ba1b915ba6f6b5b5e06_me-0138.jpg
5861,b99821eff0c24eecba206f33a675a262,me-0139.jpg,~/ml4img/f4dficimg/dif_MRItumor/me-0139.jpg,static/img/b99821eff0c24eecba206f33a675a262_me-0139.jpg
5862,dc2c70f3b5d3410b83593e8be0227106,me-0148.jpg,~/ml4img/f4dficimg/dif_MRItumor/me-0148.jpg,static/img/dc2c70f3b5d3410b83593e8be0227106_me-0148.jpg
5863,a67c6832c97d4b37931b4dcb737b31c2,me-0149.jpg,~/ml4img/f4dficimg/dif_MRItumor/me-0149.jpg,static/img/a67c6832c97d4b37931b4dcb737b31c2_me-0149.jpg
5864,831043bed88046f2b20cbd7f9473ed86,me-0156.jpg,~/ml4img/f4dficimg/dif_MRItumor/me-0156.jpg,static/img/831043bed88046f2b20cbd7f9473ed86_me-0156.jpg
5865,deae741eb325449a9ec60e816bffa9e3,me-0160.jpg,~/ml4img/f4dficimg/dif_MRItumor/me-0160.jpg,static/img/deae741eb325449a9ec60e816bffa9e3_me-0160.jpg
5866,abd546f646cb41a88a92d671ced2d500,me-0161.jpg,~/ml4img/f4dficimg/dif_MRItumor/me-0161.jpg,static/img/abd546f646cb41a88a92d671ced2d500_me-0161.jpg
5867,e8c3f81f6e474e28a5ce2cfc13765e42,me-0166.jpg,~/ml4img/f4dficimg/dif_MRItumor/me-0166.jpg,static/img/e8c3f81f6e474e28a5ce2cfc13765e42_me-0166.jpg
5868,dda1346a36a7448581508339863bd6aa,me-0167.jpg,~/ml4img/f4dficimg/dif_MRItumor/me-0167.jpg,static/img/dda1346a36a7448581508339863bd6aa_me-0167.jpg
5869,1d088cfcae5e482dae78f18f52e9ef7a,me-0172.jpg,~/ml4img/f4dficimg/dif_MRItumor/me-0172.jpg,static/img/1d088cfcae5e482dae78f18f52e9ef7a_me-0172.jpg
5870,2c38739339a541b7a73bd28608e80ebc,me-0176.jpg,~/ml4img/f4dficimg/dif_MRItumor/me-0176.jpg,static/img/2c38739339a541b7a73bd28608e80ebc_me-0176.jpg
5871,80f1b58685c643888e8cc9bbd09cc929,me-0180.jpg,~/ml4img/f4dficimg/dif_MRItumor/me-0180.jpg,static/img/80f1b58685c643888e8cc9bbd09cc929_me-0180.jpg
5872,a5716e63f571449ea94a6a0644b8d021,me-0185.jpg,~/ml4img/f4dficimg/dif_MRItumor/me-0185.jpg,static/img/a5716e63f571449ea94a6a0644b8d021_me-0185.jpg
5873,6957700c360946fe9495072df16e21bb,me-0187.jpg,~/ml4img/f4dficimg/dif_MRItumor/me-0187.jpg,static/img/6957700c360946fe9495072df16e21bb_me-0187.jpg
5874,5cd8a87038224384b1565c898969045f,me-0188.jpg,~/ml4img/f4dficimg/dif_MRItumor/me-0188.jpg,static/img/5cd8a87038224384b1565c898969045f_me-0188.jpg
5875,a1a5e97c975d49feb37a6f57814c37da,me-0196.jpg,~/ml4img/f4dficimg/dif_MRItumor/me-0196.jpg,static/img/a1a5e97c975d49feb37a6f57814c37da_me-0196.jpg
5876,73624bbab6d7477b85bc7b1dd4b294b5,me-0203.jpg,~/ml4img/f4dficimg/dif_MRItumor/me-0203.jpg,static/img/73624bbab6d7477b85bc7b1dd4b294b5_me-0203.jpg
5877,8254f42f02d842909f47098e14fe61af,me-0205.jpg,~/ml4img/f4dficimg/dif_MRItumor/me-0205.jpg,static/img/8254f42f02d842909f47098e14fe61af_me-0205.jpg
5878,5ae742cd1778452291633b6277053174,me-0209.jpg,~/ml4img/f4dficimg/dif_MRItumor/me-0209.jpg,static/img/5ae742cd1778452291633b6277053174_me-0209.jpg
5879,4e4782418e8d422db06bafdddd6d5f4b,me-0210.jpg,~/ml4img/f4dficimg/dif_MRItumor/me-0210.jpg,static/img/4e4782418e8d422db06bafdddd6d5f4b_me-0210.jpg
5880,865cd21265dc42b484bf99a97e2fbb59,me-0216.jpg,~/ml4img/f4dficimg/dif_MRItumor/me-0216.jpg,static/img/865cd21265dc42b484bf99a97e2fbb59_me-0216.jpg
5881,010c4e4698c6423bb46433e27d785dc8,me-0235.jpg,~/ml4img/f4dficimg/dif_MRItumor/me-0235.jpg,static/img/010c4e4698c6423bb46433e27d785dc8_me-0235.jpg
5882,6ee10dd02e9e4df29c2a737831f1521c,me-0237.jpg,~/ml4img/f4dficimg/dif_MRItumor/me-0237.jpg,static/img/6ee10dd02e9e4df29c2a737831f1521c_me-0237.jpg
5883,a0e46674a3114d9593d4be851e882cce,me-0238.jpg,~/ml4img/f4dficimg/dif_MRItumor/me-0238.jpg,static/img/a0e46674a3114d9593d4be851e882cce_me-0238.jpg
5884,7e609993087c4c538804c36a1f3b2946,me-0255.jpg,~/ml4img/f4dficimg/dif_MRItumor/me-0255.jpg,static/img/7e609993087c4c538804c36a1f3b2946_me-0255.jpg
5885,77a3b2f9252f4fc7a9d57d2d9cadb2c7,me-0259.jpg,~/ml4img/f4dficimg/dif_MRItumor/me-0259.jpg,static/img/77a3b2f9252f4fc7a9d57d2d9cadb2c7_me-0259.jpg
5886,162119080e424f0d9c85134bb551979f,me-0263.jpg,~/ml4img/f4dficimg/dif_MRItumor/me-0263.jpg,static/img/162119080e424f0d9c85134bb551979f_me-0263.jpg
5887,83f09b46d30c4e6b8ce0450124bb82ad,me-0266.jpg,~/ml4img/f4dficimg/dif_MRItumor/me-0266.jpg,static/img/83f09b46d30c4e6b8ce0450124bb82ad_me-0266.jpg
5888,db4f8ce940ac4456947074878cff6cc7,me-0267.jpg,~/ml4img/f4dficimg/dif_MRItumor/me-0267.jpg,static/img/db4f8ce940ac4456947074878cff6cc7_me-0267.jpg
5889,e7222e025e7c48228617d4bae926a1a1,me-0271.jpg,~/ml4img/f4dficimg/dif_MRItumor/me-0271.jpg,static/img/e7222e025e7c48228617d4bae926a1a1_me-0271.jpg
5890,ae1380e44f794243bb89f8f0a40b65d6,me-0277.jpg,~/ml4img/f4dficimg/dif_MRItumor/me-0277.jpg,static/img/ae1380e44f794243bb89f8f0a40b65d6_me-0277.jpg
5891,f0dd7d1924ac452ea8ca48bfb1acb2eb,me-0278.jpg,~/ml4img/f4dficimg/dif_MRItumor/me-0278.jpg,static/img/f0dd7d1924ac452ea8ca48bfb1acb2eb_me-0278.jpg
5892,6d39dd571d8843e9924f0a67ee78ab89,me-0281.jpg,~/ml4img/f4dficimg/dif_MRItumor/me-0281.jpg,static/img/6d39dd571d8843e9924f0a67ee78ab89_me-0281.jpg
5893,f0a09160386644a7a63e6590b7a3d7e1,me-0282.jpg,~/ml4img/f4dficimg/dif_MRItumor/me-0282.jpg,static/img/f0a09160386644a7a63e6590b7a3d7e1_me-0282.jpg
5894,c5bba186fef1490ea92aac642422db26,me-0283.jpg,~/ml4img/f4dficimg/dif_MRItumor/me-0283.jpg,static/img/c5bba186fef1490ea92aac642422db26_me-0283.jpg
5895,7b09535aef714eacbe17796883c592e8,me-0287.jpg,~/ml4img/f4dficimg/dif_MRItumor/me-0287.jpg,static/img/7b09535aef714eacbe17796883c592e8_me-0287.jpg
5896,379ec13163cb45dd8fc8626095d5e94d,me-0288.jpg,~/ml4img/f4dficimg/dif_MRItumor/me-0288.jpg,static/img/379ec13163cb45dd8fc8626095d5e94d_me-0288.jpg
5897,2e4a69505f174278b5f0bcf57ebeef17,me-0290.jpg,~/ml4img/f4dficimg/dif_MRItumor/me-0290.jpg,static/img/2e4a69505f174278b5f0bcf57ebeef17_me-0290.jpg
5898,25742717b2034c63b833cb3a6d05a253,me-0291.jpg,~/ml4img/f4dficimg/dif_MRItumor/me-0291.jpg,static/img/25742717b2034c63b833cb3a6d05a253_me-0291.jpg
5899,c97fd20ac8c943ed94cfddb219008657,me-0292.jpg,~/ml4img/f4dficimg/dif_MRItumor/me-0292.jpg,static/img/c97fd20ac8c943ed94cfddb219008657_me-0292.jpg
5900,cd266e80f47342fba64b76bb2a9b2739,me-0298.jpg,~/ml4img/f4dficimg/dif_MRItumor/me-0298.jpg,static/img/cd266e80f47342fba64b76bb2a9b2739_me-0298.jpg
5901,60f0872b54f04597ac72d815fb45c6bf,me-0300.jpg,~/ml4img/f4dficimg/dif_MRItumor/me-0300.jpg,static/img/60f0872b54f04597ac72d815fb45c6bf_me-0300.jpg
5902,b50940a56dc743699c1478c7fb492efb,me-0303.jpg,~/ml4img/f4dficimg/dif_MRItumor/me-0303.jpg,static/img/b50940a56dc743699c1478c7fb492efb_me-0303.jpg
5903,67c71d60ede74a4f8adb73fc3292316f,me-0304.jpg,~/ml4img/f4dficimg/dif_MRItumor/me-0304.jpg,static/img/67c71d60ede74a4f8adb73fc3292316f_me-0304.jpg
5904,854960aa655c447ca81930179c0635ad,me-0308.jpg,~/ml4img/f4dficimg/dif_MRItumor/me-0308.jpg,static/img/854960aa655c447ca81930179c0635ad_me-0308.jpg
5905,6fc7ebf295ae47dca1280164c7a50ced,me-0309.jpg,~/ml4img/f4dficimg/dif_MRItumor/me-0309.jpg,static/img/6fc7ebf295ae47dca1280164c7a50ced_me-0309.jpg
5906,a360e20257964663809596e2092e4b60,me-0311.jpg,~/ml4img/f4dficimg/dif_MRItumor/me-0311.jpg,static/img/a360e20257964663809596e2092e4b60_me-0311.jpg
5907,a36f0d2b28f8478683ff6cd1db8a14c1,me-0316.jpg,~/ml4img/f4dficimg/dif_MRItumor/me-0316.jpg,static/img/a36f0d2b28f8478683ff6cd1db8a14c1_me-0316.jpg
5908,9492be4bf0c7480e9a65de56a12941b4,me-0318.jpg,~/ml4img/f4dficimg/dif_MRItumor/me-0318.jpg,static/img/9492be4bf0c7480e9a65de56a12941b4_me-0318.jpg
5909,ffd31c1654724408964cbac1819d268b,me-0331.jpg,~/ml4img/f4dficimg/dif_MRItumor/me-0331.jpg,static/img/ffd31c1654724408964cbac1819d268b_me-0331.jpg
5910,b2ee2fc7280248dfad558c8ad4a3e897,me-0332.jpg,~/ml4img/f4dficimg/dif_MRItumor/me-0332.jpg,static/img/b2ee2fc7280248dfad558c8ad4a3e897_me-0332.jpg
5911,e5e23a92146749c591827f40ce242642,me-0336.jpg,~/ml4img/f4dficimg/dif_MRItumor/me-0336.jpg,static/img/e5e23a92146749c591827f40ce242642_me-0336.jpg
5912,98d9345ebcbc43b4af0881d97ff9cde9,me-0337.jpg,~/ml4img/f4dficimg/dif_MRItumor/me-0337.jpg,static/img/98d9345ebcbc43b4af0881d97ff9cde9_me-0337.jpg
5913,74142432bc034cc499abbb1bd24ce985,me-0338.jpg,~/ml4img/f4dficimg/dif_MRItumor/me-0338.jpg,static/img/74142432bc034cc499abbb1bd24ce985_me-0338.jpg
5914,d6ea6aec7972478ebe89e60f482f9bdf,me-0341.jpg,~/ml4img/f4dficimg/dif_MRItumor/me-0341.jpg,static/img/d6ea6aec7972478ebe89e60f482f9bdf_me-0341.jpg
5915,757766cfd85b431aad03da671753c395,me-0348.jpg,~/ml4img/f4dficimg/dif_MRItumor/me-0348.jpg,static/img/757766cfd85b431aad03da671753c395_me-0348.jpg
5916,9567939af1244926b8c2a329fd50bac9,me-0356.jpg,~/ml4img/f4dficimg/dif_MRItumor/me-0356.jpg,static/img/9567939af1244926b8c2a329fd50bac9_me-0356.jpg
5917,bb21046de06c4b4187fcc847062e4dec,me-0359.jpg,~/ml4img/f4dficimg/dif_MRItumor/me-0359.jpg,static/img/bb21046de06c4b4187fcc847062e4dec_me-0359.jpg
5918,72ddd8b567ba4cd8b4fa5460dd664dac,me-0362.jpg,~/ml4img/f4dficimg/dif_MRItumor/me-0362.jpg,static/img/72ddd8b567ba4cd8b4fa5460dd664dac_me-0362.jpg
5919,386652bd4c1946579570d46ff670e98c,me-0363.jpg,~/ml4img/f4dficimg/dif_MRItumor/me-0363.jpg,static/img/386652bd4c1946579570d46ff670e98c_me-0363.jpg
5920,d3174bcff2bf42c8837c4ca1abffec82,me-0365.jpg,~/ml4img/f4dficimg/dif_MRItumor/me-0365.jpg,static/img/d3174bcff2bf42c8837c4ca1abffec82_me-0365.jpg
5921,a85efd54adea4b4b89db9d14509e2a39,me-0367.jpg,~/ml4img/f4dficimg/dif_MRItumor/me-0367.jpg,static/img/a85efd54adea4b4b89db9d14509e2a39_me-0367.jpg
5922,382b6f95f6fd4701b9d0e2dc10b9ebd9,me-0368.jpg,~/ml4img/f4dficimg/dif_MRItumor/me-0368.jpg,static/img/382b6f95f6fd4701b9d0e2dc10b9ebd9_me-0368.jpg
5923,77c56f181a0d44d68c1c9c18886d794f,me-0370.jpg,~/ml4img/f4dficimg/dif_MRItumor/me-0370.jpg,static/img/77c56f181a0d44d68c1c9c18886d794f_me-0370.jpg
5924,a747dcf84fb24e17ba49afeb0e7ee6ae,me-0375.jpg,~/ml4img/f4dficimg/dif_MRItumor/me-0375.jpg,static/img/a747dcf84fb24e17ba49afeb0e7ee6ae_me-0375.jpg
5925,9a16b3f7576f46649a601521dc1ab497,me-0377.jpg,~/ml4img/f4dficimg/dif_MRItumor/me-0377.jpg,static/img/9a16b3f7576f46649a601521dc1ab497_me-0377.jpg
5926,3712c3b57a2843ce8013207e8e49e437,me-0378.jpg,~/ml4img/f4dficimg/dif_MRItumor/me-0378.jpg,static/img/3712c3b57a2843ce8013207e8e49e437_me-0378.jpg
5927,48eda8d273734117bd96776c2ff2e824,me-0380.jpg,~/ml4img/f4dficimg/dif_MRItumor/me-0380.jpg,static/img/48eda8d273734117bd96776c2ff2e824_me-0380.jpg
5928,e15084a21e964b0494592c99be50680b,me-0383.jpg,~/ml4img/f4dficimg/dif_MRItumor/me-0383.jpg,static/img/e15084a21e964b0494592c99be50680b_me-0383.jpg
5929,844012180c4147b39a8e90de21a6cc4c,me-0388.jpg,~/ml4img/f4dficimg/dif_MRItumor/me-0388.jpg,static/img/844012180c4147b39a8e90de21a6cc4c_me-0388.jpg
5930,9acc3ea5291042109aad832ebb7d43cb,me-0394.jpg,~/ml4img/f4dficimg/dif_MRItumor/me-0394.jpg,static/img/9acc3ea5291042109aad832ebb7d43cb_me-0394.jpg
5931,e7da05df9ddc4cce8d424a8a575347a0,me-0398.jpg,~/ml4img/f4dficimg/dif_MRItumor/me-0398.jpg,static/img/e7da05df9ddc4cce8d424a8a575347a0_me-0398.jpg
5932,2e95aa9613ed4dc5b6cf3db2f16e77e6,me-0403.jpg,~/ml4img/f4dficimg/dif_MRItumor/me-0403.jpg,static/img/2e95aa9613ed4dc5b6cf3db2f16e77e6_me-0403.jpg
5933,e6155b5def6b4a81b244f4f784081bf6,me-0411.jpg,~/ml4img/f4dficimg/dif_MRItumor/me-0411.jpg,static/img/e6155b5def6b4a81b244f4f784081bf6_me-0411.jpg
5934,6223896145164a959d245f139f42986f,me-0418.jpg,~/ml4img/f4dficimg/dif_MRItumor/me-0418.jpg,static/img/6223896145164a959d245f139f42986f_me-0418.jpg
5935,9435ea66fdd44e24a7dbbeb2aee68ac8,me-0423.jpg,~/ml4img/f4dficimg/dif_MRItumor/me-0423.jpg,static/img/9435ea66fdd44e24a7dbbeb2aee68ac8_me-0423.jpg
5936,f03047b15fca4dc0abcab7202e8e7cb4,me-0433.jpg,~/ml4img/f4dficimg/dif_MRItumor/me-0433.jpg,static/img/f03047b15fca4dc0abcab7202e8e7cb4_me-0433.jpg
5937,352a0524428a48068c4c7150282cca15,me-0434.jpg,~/ml4img/f4dficimg/dif_MRItumor/me-0434.jpg,static/img/352a0524428a48068c4c7150282cca15_me-0434.jpg
5938,bed5f28b370e474a83d7eb0b5f995dfc,me-0439.jpg,~/ml4img/f4dficimg/dif_MRItumor/me-0439.jpg,static/img/bed5f28b370e474a83d7eb0b5f995dfc_me-0439.jpg
5939,09c82a0890ce4839a52804be5e22a38f,me-0440.jpg,~/ml4img/f4dficimg/dif_MRItumor/me-0440.jpg,static/img/09c82a0890ce4839a52804be5e22a38f_me-0440.jpg
5940,3586dd3299604870bcd2a87d49679bc6,me-0444.jpg,~/ml4img/f4dficimg/dif_MRItumor/me-0444.jpg,static/img/3586dd3299604870bcd2a87d49679bc6_me-0444.jpg
5941,a5d78dd66e2c4cf790bd00bdd53d1095,me-0447.jpg,~/ml4img/f4dficimg/dif_MRItumor/me-0447.jpg,static/img/a5d78dd66e2c4cf790bd00bdd53d1095_me-0447.jpg
5942,08259ad637174de39f82852b8b2de509,me-0451.jpg,~/ml4img/f4dficimg/dif_MRItumor/me-0451.jpg,static/img/08259ad637174de39f82852b8b2de509_me-0451.jpg
5943,843660934f7d4eeea35b3d4af043b5b6,me-0454.jpg,~/ml4img/f4dficimg/dif_MRItumor/me-0454.jpg,static/img/843660934f7d4eeea35b3d4af043b5b6_me-0454.jpg
5944,371cfa355d454ced8100d6c9e5bdab04,me-0455.jpg,~/ml4img/f4dficimg/dif_MRItumor/me-0455.jpg,static/img/371cfa355d454ced8100d6c9e5bdab04_me-0455.jpg
5945,5687923f6f90486b9f6dcb9322584243,me-0457.jpg,~/ml4img/f4dficimg/dif_MRItumor/me-0457.jpg,static/img/5687923f6f90486b9f6dcb9322584243_me-0457.jpg
5946,54cfcb9d298e4a49907ba5fbc719833d,me-0460.jpg,~/ml4img/f4dficimg/dif_MRItumor/me-0460.jpg,static/img/54cfcb9d298e4a49907ba5fbc719833d_me-0460.jpg
5947,9c71c98c329e41f39e8e0bdeb8471a1a,me-0464.jpg,~/ml4img/f4dficimg/dif_MRItumor/me-0464.jpg,static/img/9c71c98c329e41f39e8e0bdeb8471a1a_me-0464.jpg
5948,946c8fcaa3ab4d8ca6a45183e2f4f0ef,me-0472.jpg,~/ml4img/f4dficimg/dif_MRItumor/me-0472.jpg,static/img/946c8fcaa3ab4d8ca6a45183e2f4f0ef_me-0472.jpg
5949,90267a184023410a8ea105ea26ea748b,me-0473.jpg,~/ml4img/f4dficimg/dif_MRItumor/me-0473.jpg,static/img/90267a184023410a8ea105ea26ea748b_me-0473.jpg
5950,970fdc809f2a4e1abfc4f225e5235c86,me-0476.jpg,~/ml4img/f4dficimg/dif_MRItumor/me-0476.jpg,static/img/970fdc809f2a4e1abfc4f225e5235c86_me-0476.jpg
5951,0f4c18951c7a418ba149411f536df7f6,me-0481.jpg,~/ml4img/f4dficimg/dif_MRItumor/me-0481.jpg,static/img/0f4c18951c7a418ba149411f536df7f6_me-0481.jpg
5952,e347b9b73114482c9ebe62b44610f0ef,me-0499.jpg,~/ml4img/f4dficimg/dif_MRItumor/me-0499.jpg,static/img/e347b9b73114482c9ebe62b44610f0ef_me-0499.jpg
5953,6b78a3270e464c21937babeb9e5f5cb0,me-0501.jpg,~/ml4img/f4dficimg/dif_MRItumor/me-0501.jpg,static/img/6b78a3270e464c21937babeb9e5f5cb0_me-0501.jpg
5954,566aaf2efe8b458b912c2059d029d981,me-0507.jpg,~/ml4img/f4dficimg/dif_MRItumor/me-0507.jpg,static/img/566aaf2efe8b458b912c2059d029d981_me-0507.jpg
5955,68ae00cbcfb94917a67642f564cf00d0,me-0511.jpg,~/ml4img/f4dficimg/dif_MRItumor/me-0511.jpg,static/img/68ae00cbcfb94917a67642f564cf00d0_me-0511.jpg
5956,06d95dbcc13d47d98871ea77cb366fce,me-0519.jpg,~/ml4img/f4dficimg/dif_MRItumor/me-0519.jpg,static/img/06d95dbcc13d47d98871ea77cb366fce_me-0519.jpg
5957,3fb61858338249a89e3e9abff2b5d5eb,me-0525.jpg,~/ml4img/f4dficimg/dif_MRItumor/me-0525.jpg,static/img/3fb61858338249a89e3e9abff2b5d5eb_me-0525.jpg
5958,620ec979160a4b9da3ffee5f5ec406c9,me-0527.jpg,~/ml4img/f4dficimg/dif_MRItumor/me-0527.jpg,static/img/620ec979160a4b9da3ffee5f5ec406c9_me-0527.jpg
5959,683271f600aa45218b6ad77d1083ddfd,me-0542.jpg,~/ml4img/f4dficimg/dif_MRItumor/me-0542.jpg,static/img/683271f600aa45218b6ad77d1083ddfd_me-0542.jpg
5960,314653e68b1449ab8337b07abe92b15d,me-0545.jpg,~/ml4img/f4dficimg/dif_MRItumor/me-0545.jpg,static/img/314653e68b1449ab8337b07abe92b15d_me-0545.jpg
5961,37538b42270a43b2b027b436570838b8,me-0549.jpg,~/ml4img/f4dficimg/dif_MRItumor/me-0549.jpg,static/img/37538b42270a43b2b027b436570838b8_me-0549.jpg
5962,cbd890d9c2084f82b81126641811ded1,me-0554.jpg,~/ml4img/f4dficimg/dif_MRItumor/me-0554.jpg,static/img/cbd890d9c2084f82b81126641811ded1_me-0554.jpg
5963,d2cbe9943fcf4f5db2ce2fa0ad482ff5,me-0560.jpg,~/ml4img/f4dficimg/dif_MRItumor/me-0560.jpg,static/img/d2cbe9943fcf4f5db2ce2fa0ad482ff5_me-0560.jpg
5964,6a9f6817956741269f8c8a96cf78ba69,me-0562.jpg,~/ml4img/f4dficimg/dif_MRItumor/me-0562.jpg,static/img/6a9f6817956741269f8c8a96cf78ba69_me-0562.jpg
5965,00cfc38e76f64bdcabc935051f650d24,me-0564.jpg,~/ml4img/f4dficimg/dif_MRItumor/me-0564.jpg,static/img/00cfc38e76f64bdcabc935051f650d24_me-0564.jpg
5966,7b7033f156124f8fa6853f53714385ef,me-0565.jpg,~/ml4img/f4dficimg/dif_MRItumor/me-0565.jpg,static/img/7b7033f156124f8fa6853f53714385ef_me-0565.jpg
5967,fbce47d062004c0b85920627bf41d466,me-0571.jpg,~/ml4img/f4dficimg/dif_MRItumor/me-0571.jpg,static/img/fbce47d062004c0b85920627bf41d466_me-0571.jpg
5968,85030510a886462da527d8df2fb0c11b,me-0574.jpg,~/ml4img/f4dficimg/dif_MRItumor/me-0574.jpg,static/img/85030510a886462da527d8df2fb0c11b_me-0574.jpg
5969,d9f6ff47c2974e60bf6c80dbd2522ef3,me-0584.jpg,~/ml4img/f4dficimg/dif_MRItumor/me-0584.jpg,static/img/d9f6ff47c2974e60bf6c80dbd2522ef3_me-0584.jpg
5970,d2674f4179604880a66d72827ce819e5,me-0594.jpg,~/ml4img/f4dficimg/dif_MRItumor/me-0594.jpg,static/img/d2674f4179604880a66d72827ce819e5_me-0594.jpg
5971,cf926e75d58644e1b92b07c394528691,me-0599.jpg,~/ml4img/f4dficimg/dif_MRItumor/me-0599.jpg,static/img/cf926e75d58644e1b92b07c394528691_me-0599.jpg
5972,363384f8866a4ef182188804fc8fdcdb,me-0602.jpg,~/ml4img/f4dficimg/dif_MRItumor/me-0602.jpg,static/img/363384f8866a4ef182188804fc8fdcdb_me-0602.jpg
5973,1d6881c5ece642019c8c670808a0252c,me-0609.jpg,~/ml4img/f4dficimg/dif_MRItumor/me-0609.jpg,static/img/1d6881c5ece642019c8c670808a0252c_me-0609.jpg
5974,5a3a203a7b1f40618233027188407e18,me-0611.jpg,~/ml4img/f4dficimg/dif_MRItumor/me-0611.jpg,static/img/5a3a203a7b1f40618233027188407e18_me-0611.jpg
5975,c26749ae03c64753bda0b52884d98893,me-0613.jpg,~/ml4img/f4dficimg/dif_MRItumor/me-0613.jpg,static/img/c26749ae03c64753bda0b52884d98893_me-0613.jpg
5976,0d037bf6221548d497c5489ab2fc7ba0,me-0618.jpg,~/ml4img/f4dficimg/dif_MRItumor/me-0618.jpg,static/img/0d037bf6221548d497c5489ab2fc7ba0_me-0618.jpg
5977,0b2374199e314716b721b5b135ab57ab,me-0619.jpg,~/ml4img/f4dficimg/dif_MRItumor/me-0619.jpg,static/img/0b2374199e314716b721b5b135ab57ab_me-0619.jpg
5978,cacbb9c8c8bd49efb43da4d74ad9c43b,me-0628.jpg,~/ml4img/f4dficimg/dif_MRItumor/me-0628.jpg,static/img/cacbb9c8c8bd49efb43da4d74ad9c43b_me-0628.jpg
5979,b3002b2b93464c038440f89856dd047e,me-0634.jpg,~/ml4img/f4dficimg/dif_MRItumor/me-0634.jpg,static/img/b3002b2b93464c038440f89856dd047e_me-0634.jpg
5980,2dc50c9ae379455e9714337ae0a1e25b,me-0635.jpg,~/ml4img/f4dficimg/dif_MRItumor/me-0635.jpg,static/img/2dc50c9ae379455e9714337ae0a1e25b_me-0635.jpg
5981,0cefe0d6661b46b3aa1800df8cfaa8de,me-0640.jpg,~/ml4img/f4dficimg/dif_MRItumor/me-0640.jpg,static/img/0cefe0d6661b46b3aa1800df8cfaa8de_me-0640.jpg
5982,18a5fbe714ca40469e01758415f54c26,me-0641.jpg,~/ml4img/f4dficimg/dif_MRItumor/me-0641.jpg,static/img/18a5fbe714ca40469e01758415f54c26_me-0641.jpg
5983,bc14e66c6ced4d798873e9e06a1fadfb,me-0655.jpg,~/ml4img/f4dficimg/dif_MRItumor/me-0655.jpg,static/img/bc14e66c6ced4d798873e9e06a1fadfb_me-0655.jpg
5984,594542e8fdd74a9583839b3fe538874a,me-0661.jpg,~/ml4img/f4dficimg/dif_MRItumor/me-0661.jpg,static/img/594542e8fdd74a9583839b3fe538874a_me-0661.jpg
5985,6ad6288acdad424a83c388d8d69d654f,me-0662.jpg,~/ml4img/f4dficimg/dif_MRItumor/me-0662.jpg,static/img/6ad6288acdad424a83c388d8d69d654f_me-0662.jpg
5986,385552cffefb4c2e87f082cc07a586b8,me-0671.jpg,~/ml4img/f4dficimg/dif_MRItumor/me-0671.jpg,static/img/385552cffefb4c2e87f082cc07a586b8_me-0671.jpg
5987,7dd63c3c944a4460b82c5b0d40548436,me-0673.jpg,~/ml4img/f4dficimg/dif_MRItumor/me-0673.jpg,static/img/7dd63c3c944a4460b82c5b0d40548436_me-0673.jpg
5988,1e40f6f9f1bf4fe48d2e939d08d9fdef,me-0676.jpg,~/ml4img/f4dficimg/dif_MRItumor/me-0676.jpg,static/img/1e40f6f9f1bf4fe48d2e939d08d9fdef_me-0676.jpg
5989,ee512193976347f18e7d262f937a090a,me-0679.jpg,~/ml4img/f4dficimg/dif_MRItumor/me-0679.jpg,static/img/ee512193976347f18e7d262f937a090a_me-0679.jpg
5990,48a18e7e9c62472aba9b08583a5d8ae3,me-0693.jpg,~/ml4img/f4dficimg/dif_MRItumor/me-0693.jpg,static/img/48a18e7e9c62472aba9b08583a5d8ae3_me-0693.jpg
5991,a995bf3abf98454395fb8e430730facd,me-0697.jpg,~/ml4img/f4dficimg/dif_MRItumor/me-0697.jpg,static/img/a995bf3abf98454395fb8e430730facd_me-0697.jpg
5992,baa0c3ef6a8f4a81aff562a773f0bc18,me-0700.jpg,~/ml4img/f4dficimg/dif_MRItumor/me-0700.jpg,static/img/baa0c3ef6a8f4a81aff562a773f0bc18_me-0700.jpg
5993,5fdc4a128b3944289bd029106084e7ee,me-0702.jpg,~/ml4img/f4dficimg/dif_MRItumor/me-0702.jpg,static/img/5fdc4a128b3944289bd029106084e7ee_me-0702.jpg
5994,35d792e8fe514477ab50af3917c4166a,me-0703.jpg,~/ml4img/f4dficimg/dif_MRItumor/me-0703.jpg,static/img/35d792e8fe514477ab50af3917c4166a_me-0703.jpg
5995,829265de0af6468e818e0f30dd9bfb71,me-0704.jpg,~/ml4img/f4dficimg/dif_MRItumor/me-0704.jpg,static/img/829265de0af6468e818e0f30dd9bfb71_me-0704.jpg
5996,416e1c1bf8104648851643851ddb1ee9,me-0705.jpg,~/ml4img/f4dficimg/dif_MRItumor/me-0705.jpg,static/img/416e1c1bf8104648851643851ddb1ee9_me-0705.jpg
5997,e29df855762a49ef90efcc302f1295ae,me-0710.jpg,~/ml4img/f4dficimg/dif_MRItumor/me-0710.jpg,static/img/e29df855762a49ef90efcc302f1295ae_me-0710.jpg
5998,35d87c601f5c46459bf021e5cde70c6f,me-0717.jpg,~/ml4img/f4dficimg/dif_MRItumor/me-0717.jpg,static/img/35d87c601f5c46459bf021e5cde70c6f_me-0717.jpg
5999,d701e48d24b94506a74fa7ecc21fe915,me-0719.jpg,~/ml4img/f4dficimg/dif_MRItumor/me-0719.jpg,static/img/d701e48d24b94506a74fa7ecc21fe915_me-0719.jpg
6000,d1dcf6899ba04cfc9fd9322b0144c991,me-0725.jpg,~/ml4img/f4dficimg/dif_MRItumor/me-0725.jpg,static/img/d1dcf6899ba04cfc9fd9322b0144c991_me-0725.jpg
6001,645cb30e73a64841bc3ce9c263bf532c,me-0726.jpg,~/ml4img/f4dficimg/dif_MRItumor/me-0726.jpg,static/img/645cb30e73a64841bc3ce9c263bf532c_me-0726.jpg
6002,1c02b41dbcfa4d2fae7787c79a5676f8,me-0729.jpg,~/ml4img/f4dficimg/dif_MRItumor/me-0729.jpg,static/img/1c02b41dbcfa4d2fae7787c79a5676f8_me-0729.jpg
6003,053f76af22af496f8417119b6a9fb3b5,me-0737.jpg,~/ml4img/f4dficimg/dif_MRItumor/me-0737.jpg,static/img/053f76af22af496f8417119b6a9fb3b5_me-0737.jpg
6004,2291168380274c2daedff979eec717ea,me-0740.jpg,~/ml4img/f4dficimg/dif_MRItumor/me-0740.jpg,static/img/2291168380274c2daedff979eec717ea_me-0740.jpg
6005,f562a3deff864d13b3c54dd62ed845e2,me-0746.jpg,~/ml4img/f4dficimg/dif_MRItumor/me-0746.jpg,static/img/f562a3deff864d13b3c54dd62ed845e2_me-0746.jpg
6006,aa0f153f94eb4281824a58b95ccf25d8,me-0760.jpg,~/ml4img/f4dficimg/dif_MRItumor/me-0760.jpg,static/img/aa0f153f94eb4281824a58b95ccf25d8_me-0760.jpg
6007,513c9ee95ab545a9bf7e3573085504d2,me-0765.jpg,~/ml4img/f4dficimg/dif_MRItumor/me-0765.jpg,static/img/513c9ee95ab545a9bf7e3573085504d2_me-0765.jpg
6008,68b211cd7f424123b325af3cd236ec0f,me-0767.jpg,~/ml4img/f4dficimg/dif_MRItumor/me-0767.jpg,static/img/68b211cd7f424123b325af3cd236ec0f_me-0767.jpg
6009,a415780ae7ec43acb8735b3c06ae0d1b,me-0772.jpg,~/ml4img/f4dficimg/dif_MRItumor/me-0772.jpg,static/img/a415780ae7ec43acb8735b3c06ae0d1b_me-0772.jpg
6010,10769f21dc6841ac83c1a91c071afe11,me-0775.jpg,~/ml4img/f4dficimg/dif_MRItumor/me-0775.jpg,static/img/10769f21dc6841ac83c1a91c071afe11_me-0775.jpg
6011,6ac998049fea406e98b6d6d62c023868,me-0777.jpg,~/ml4img/f4dficimg/dif_MRItumor/me-0777.jpg,static/img/6ac998049fea406e98b6d6d62c023868_me-0777.jpg
6012,0e2ac19fce8840a1b6018823a85db9d9,me-0782.jpg,~/ml4img/f4dficimg/dif_MRItumor/me-0782.jpg,static/img/0e2ac19fce8840a1b6018823a85db9d9_me-0782.jpg
6013,999e0667c2b14787981381ae0e6a9215,me-0784.jpg,~/ml4img/f4dficimg/dif_MRItumor/me-0784.jpg,static/img/999e0667c2b14787981381ae0e6a9215_me-0784.jpg
6014,23dc3e1794a74dd5a119372a127dbd85,me-0788.jpg,~/ml4img/f4dficimg/dif_MRItumor/me-0788.jpg,static/img/23dc3e1794a74dd5a119372a127dbd85_me-0788.jpg
6015,a8e7460d5e964bc08e879f9379d9140d,me-0794.jpg,~/ml4img/f4dficimg/dif_MRItumor/me-0794.jpg,static/img/a8e7460d5e964bc08e879f9379d9140d_me-0794.jpg
6016,df3e630165964e70b3ab836a2ad7bd27,me-0801.jpg,~/ml4img/f4dficimg/dif_MRItumor/me-0801.jpg,static/img/df3e630165964e70b3ab836a2ad7bd27_me-0801.jpg
6017,4f5ebfdfde6f4d9e85067c281330fba4,me-0803.jpg,~/ml4img/f4dficimg/dif_MRItumor/me-0803.jpg,static/img/4f5ebfdfde6f4d9e85067c281330fba4_me-0803.jpg
6018,fc5790dd6be148c4b312d09511c364c6,me-0804.jpg,~/ml4img/f4dficimg/dif_MRItumor/me-0804.jpg,static/img/fc5790dd6be148c4b312d09511c364c6_me-0804.jpg
6019,49559213099741cc9ea58c92bca774b4,me-0805.jpg,~/ml4img/f4dficimg/dif_MRItumor/me-0805.jpg,static/img/49559213099741cc9ea58c92bca774b4_me-0805.jpg
6020,f278538a72dd415cb70c433d86972b54,me-0808.jpg,~/ml4img/f4dficimg/dif_MRItumor/me-0808.jpg,static/img/f278538a72dd415cb70c433d86972b54_me-0808.jpg
6021,e76cf57b18344796b6b329a616ce5d84,me-0816.jpg,~/ml4img/f4dficimg/dif_MRItumor/me-0816.jpg,static/img/e76cf57b18344796b6b329a616ce5d84_me-0816.jpg
6022,6f37bb9cec23461a93cae26e2bd58188,me-0818.jpg,~/ml4img/f4dficimg/dif_MRItumor/me-0818.jpg,static/img/6f37bb9cec23461a93cae26e2bd58188_me-0818.jpg
6023,8ff7367c9e2540ddad17b969bbe19155,me-0822.jpg,~/ml4img/f4dficimg/dif_MRItumor/me-0822.jpg,static/img/8ff7367c9e2540ddad17b969bbe19155_me-0822.jpg
6024,c31ef3213bfa4729bab737b77c674260,me-0824.jpg,~/ml4img/f4dficimg/dif_MRItumor/me-0824.jpg,static/img/c31ef3213bfa4729bab737b77c674260_me-0824.jpg
6025,59786eb49aad46e59e5cdb68f684f893,me-0830.jpg,~/ml4img/f4dficimg/dif_MRItumor/me-0830.jpg,static/img/59786eb49aad46e59e5cdb68f684f893_me-0830.jpg
6026,4bfd3364e649462d96e658225487b5a5,me-0832.jpg,~/ml4img/f4dficimg/dif_MRItumor/me-0832.jpg,static/img/4bfd3364e649462d96e658225487b5a5_me-0832.jpg
6027,2ad4c7d53258460298bd83fcf903a957,me-0838.jpg,~/ml4img/f4dficimg/dif_MRItumor/me-0838.jpg,static/img/2ad4c7d53258460298bd83fcf903a957_me-0838.jpg
6028,53a550815b4f488ab0b9c4581dfc4a62,me-0843.jpg,~/ml4img/f4dficimg/dif_MRItumor/me-0843.jpg,static/img/53a550815b4f488ab0b9c4581dfc4a62_me-0843.jpg
6029,45b40dc17a364594bc882cd2a1b9bc15,me-0845.jpg,~/ml4img/f4dficimg/dif_MRItumor/me-0845.jpg,static/img/45b40dc17a364594bc882cd2a1b9bc15_me-0845.jpg
6030,c3e8b2bc5293483cada4dcbf1d54008b,me-0853.jpg,~/ml4img/f4dficimg/dif_MRItumor/me-0853.jpg,static/img/c3e8b2bc5293483cada4dcbf1d54008b_me-0853.jpg
6031,56de86a4113f43c78239d35ed050d9ee,me-0855.jpg,~/ml4img/f4dficimg/dif_MRItumor/me-0855.jpg,static/img/56de86a4113f43c78239d35ed050d9ee_me-0855.jpg
6032,a4d5e229d355428389689bfedf32d5cf,me-0861.jpg,~/ml4img/f4dficimg/dif_MRItumor/me-0861.jpg,static/img/a4d5e229d355428389689bfedf32d5cf_me-0861.jpg
6033,6435ab54f914499b9a35fad9c5fe0736,me-0862.jpg,~/ml4img/f4dficimg/dif_MRItumor/me-0862.jpg,static/img/6435ab54f914499b9a35fad9c5fe0736_me-0862.jpg
6034,d53cff17dffa469b8f0dccebb652eaf1,me-0868.jpg,~/ml4img/f4dficimg/dif_MRItumor/me-0868.jpg,static/img/d53cff17dffa469b8f0dccebb652eaf1_me-0868.jpg
6035,74f6f14eeb984fb6adaf1072829a0bd2,me-0878.jpg,~/ml4img/f4dficimg/dif_MRItumor/me-0878.jpg,static/img/74f6f14eeb984fb6adaf1072829a0bd2_me-0878.jpg
6036,3ec21cbe70cc44df8aa7dd4443c2f2de,me-0879.jpg,~/ml4img/f4dficimg/dif_MRItumor/me-0879.jpg,static/img/3ec21cbe70cc44df8aa7dd4443c2f2de_me-0879.jpg
6037,e90f25cb1b174fbdaff733c5a3c2a1fe,me-0883.jpg,~/ml4img/f4dficimg/dif_MRItumor/me-0883.jpg,static/img/e90f25cb1b174fbdaff733c5a3c2a1fe_me-0883.jpg
6038,f7c7ae607bf24d6084751ca12e6d22c0,me-0894.jpg,~/ml4img/f4dficimg/dif_MRItumor/me-0894.jpg,static/img/f7c7ae607bf24d6084751ca12e6d22c0_me-0894.jpg
6039,53e4d0c46be54cc9be9eb55af8128b02,me-0899.jpg,~/ml4img/f4dficimg/dif_MRItumor/me-0899.jpg,static/img/53e4d0c46be54cc9be9eb55af8128b02_me-0899.jpg
6040,33064fb902c94cdc960b907755651188,me-0901.jpg,~/ml4img/f4dficimg/dif_MRItumor/me-0901.jpg,static/img/33064fb902c94cdc960b907755651188_me-0901.jpg
6041,85925954828c4a46a301d59da3a86f0f,me-0902.jpg,~/ml4img/f4dficimg/dif_MRItumor/me-0902.jpg,static/img/85925954828c4a46a301d59da3a86f0f_me-0902.jpg
6042,d1005b7d449a4b2aaba1a697c5c05181,me-0903.jpg,~/ml4img/f4dficimg/dif_MRItumor/me-0903.jpg,static/img/d1005b7d449a4b2aaba1a697c5c05181_me-0903.jpg
6043,4e9c5893383c4cc9b4a3ac228317ffa2,me-0906.jpg,~/ml4img/f4dficimg/dif_MRItumor/me-0906.jpg,static/img/4e9c5893383c4cc9b4a3ac228317ffa2_me-0906.jpg
6044,236a3d1d59b94c578470480b49debd5d,me-0909.jpg,~/ml4img/f4dficimg/dif_MRItumor/me-0909.jpg,static/img/236a3d1d59b94c578470480b49debd5d_me-0909.jpg
6045,0c15ad4e32c14905847f1cca34b7e720,me-0912.jpg,~/ml4img/f4dficimg/dif_MRItumor/me-0912.jpg,static/img/0c15ad4e32c14905847f1cca34b7e720_me-0912.jpg
6046,b5930ebc45cc4318bcaa55f65ea22ab9,me-0918.jpg,~/ml4img/f4dficimg/dif_MRItumor/me-0918.jpg,static/img/b5930ebc45cc4318bcaa55f65ea22ab9_me-0918.jpg
6047,3070a22a506d40c99aecc94d179b3297,me-0920.jpg,~/ml4img/f4dficimg/dif_MRItumor/me-0920.jpg,static/img/3070a22a506d40c99aecc94d179b3297_me-0920.jpg
6048,b875b0cbe25a448bb4e04688e26f4666,me-0922.jpg,~/ml4img/f4dficimg/dif_MRItumor/me-0922.jpg,static/img/b875b0cbe25a448bb4e04688e26f4666_me-0922.jpg
6049,30717c97fcc84584aae37189115c25dc,me-0924.jpg,~/ml4img/f4dficimg/dif_MRItumor/me-0924.jpg,static/img/30717c97fcc84584aae37189115c25dc_me-0924.jpg
6050,8d61fc9d6f2449969952d412d90f71b1,me-0928.jpg,~/ml4img/f4dficimg/dif_MRItumor/me-0928.jpg,static/img/8d61fc9d6f2449969952d412d90f71b1_me-0928.jpg
6051,9e84ad72adf346ef8d20a8e67de4f5c8,me-0930.jpg,~/ml4img/f4dficimg/dif_MRItumor/me-0930.jpg,static/img/9e84ad72adf346ef8d20a8e67de4f5c8_me-0930.jpg
6052,6b2554d340654210a5af3c81e62b481b,me-0935.jpg,~/ml4img/f4dficimg/dif_MRItumor/me-0935.jpg,static/img/6b2554d340654210a5af3c81e62b481b_me-0935.jpg
6053,3d5f61d9a313468c85e55fe5765081cc,me-0938.jpg,~/ml4img/f4dficimg/dif_MRItumor/me-0938.jpg,static/img/3d5f61d9a313468c85e55fe5765081cc_me-0938.jpg
6054,f346e262bed64329864328be4590b459,me-0944.jpg,~/ml4img/f4dficimg/dif_MRItumor/me-0944.jpg,static/img/f346e262bed64329864328be4590b459_me-0944.jpg
6055,be08088739e9418ebd7147c8fb61100c,me-0954.jpg,~/ml4img/f4dficimg/dif_MRItumor/me-0954.jpg,static/img/be08088739e9418ebd7147c8fb61100c_me-0954.jpg
6056,34e8349616d0475c95b6f860e664807b,me-0961.jpg,~/ml4img/f4dficimg/dif_MRItumor/me-0961.jpg,static/img/34e8349616d0475c95b6f860e664807b_me-0961.jpg
6057,cb280a09d1f346ce8bb09c991ff7d23b,me-0963.jpg,~/ml4img/f4dficimg/dif_MRItumor/me-0963.jpg,static/img/cb280a09d1f346ce8bb09c991ff7d23b_me-0963.jpg
6058,4bcc897447ed45829bed9b143612c443,me-0968.jpg,~/ml4img/f4dficimg/dif_MRItumor/me-0968.jpg,static/img/4bcc897447ed45829bed9b143612c443_me-0968.jpg
6059,45affbab662447e1a2c0d7130661790f,me-0976.jpg,~/ml4img/f4dficimg/dif_MRItumor/me-0976.jpg,static/img/45affbab662447e1a2c0d7130661790f_me-0976.jpg
6060,e7243a01adcb49b28cc12ec6e36876a5,me-0980.jpg,~/ml4img/f4dficimg/dif_MRItumor/me-0980.jpg,static/img/e7243a01adcb49b28cc12ec6e36876a5_me-0980.jpg
6061,d37a65ebc3804600a3296ebd732eed6e,me-0984.jpg,~/ml4img/f4dficimg/dif_MRItumor/me-0984.jpg,static/img/d37a65ebc3804600a3296ebd732eed6e_me-0984.jpg
6062,cbb8017fa77b4f1c91b5dd6c5149d3af,me-0989.jpg,~/ml4img/f4dficimg/dif_MRItumor/me-0989.jpg,static/img/cbb8017fa77b4f1c91b5dd6c5149d3af_me-0989.jpg
6063,b47aa42f636b4892a92b68783dfe1020,me-0999.jpg,~/ml4img/f4dficimg/dif_MRItumor/me-0999.jpg,static/img/b47aa42f636b4892a92b68783dfe1020_me-0999.jpg
6064,f30163562a4c4087addbf237771739c3,me-1002.jpg,~/ml4img/f4dficimg/dif_MRItumor/me-1002.jpg,static/img/f30163562a4c4087addbf237771739c3_me-1002.jpg
6065,7f7275ebe2c94af7b29844c97f5590db,me-1003.jpg,~/ml4img/f4dficimg/dif_MRItumor/me-1003.jpg,static/img/7f7275ebe2c94af7b29844c97f5590db_me-1003.jpg
6066,9dd060f42f24406ba498fdbe4c83ee35,me-1006.jpg,~/ml4img/f4dficimg/dif_MRItumor/me-1006.jpg,static/img/9dd060f42f24406ba498fdbe4c83ee35_me-1006.jpg
6067,1493fb761d05447e8b4c4ea50e3281f2,me-1008.jpg,~/ml4img/f4dficimg/dif_MRItumor/me-1008.jpg,static/img/1493fb761d05447e8b4c4ea50e3281f2_me-1008.jpg
6068,f6e309540aaa46d08ae14525beee94e7,me-1009.jpg,~/ml4img/f4dficimg/dif_MRItumor/me-1009.jpg,static/img/f6e309540aaa46d08ae14525beee94e7_me-1009.jpg
6069,7a414b8ff6f346f0a3b9a8a0d7beefde,me-1013.jpg,~/ml4img/f4dficimg/dif_MRItumor/me-1013.jpg,static/img/7a414b8ff6f346f0a3b9a8a0d7beefde_me-1013.jpg
6070,5534bc9842ae49f3b0bc8d70503940ab,me-1015.jpg,~/ml4img/f4dficimg/dif_MRItumor/me-1015.jpg,static/img/5534bc9842ae49f3b0bc8d70503940ab_me-1015.jpg
6071,2d89eceadac147688cbc0998cae3dfd4,me-1025.jpg,~/ml4img/f4dficimg/dif_MRItumor/me-1025.jpg,static/img/2d89eceadac147688cbc0998cae3dfd4_me-1025.jpg
6072,227dc1f74ca2470f992f514bf4949298,me-1026.jpg,~/ml4img/f4dficimg/dif_MRItumor/me-1026.jpg,static/img/227dc1f74ca2470f992f514bf4949298_me-1026.jpg
6073,322f50b90d8f44439191a79e9a9c0f6b,me-1042.jpg,~/ml4img/f4dficimg/dif_MRItumor/me-1042.jpg,static/img/322f50b90d8f44439191a79e9a9c0f6b_me-1042.jpg
6074,df8720454dfe4382b02814660c91cfa8,me-1043.jpg,~/ml4img/f4dficimg/dif_MRItumor/me-1043.jpg,static/img/df8720454dfe4382b02814660c91cfa8_me-1043.jpg
6075,44814bc73be448a081bde412b814cdf6,me-1044.jpg,~/ml4img/f4dficimg/dif_MRItumor/me-1044.jpg,static/img/44814bc73be448a081bde412b814cdf6_me-1044.jpg
6076,160e450c3c1047fe8e8dec2889b2ac22,me-1046.jpg,~/ml4img/f4dficimg/dif_MRItumor/me-1046.jpg,static/img/160e450c3c1047fe8e8dec2889b2ac22_me-1046.jpg
6077,7f7e9e0ba2cd45309684532875dc0a67,me-1047.jpg,~/ml4img/f4dficimg/dif_MRItumor/me-1047.jpg,static/img/7f7e9e0ba2cd45309684532875dc0a67_me-1047.jpg
6078,6d32d81835ba4a32991291f7e1182b88,me-1050.jpg,~/ml4img/f4dficimg/dif_MRItumor/me-1050.jpg,static/img/6d32d81835ba4a32991291f7e1182b88_me-1050.jpg
6079,7f62d8aa662245af8e31e212bc13ddf2,me-1051.jpg,~/ml4img/f4dficimg/dif_MRItumor/me-1051.jpg,static/img/7f62d8aa662245af8e31e212bc13ddf2_me-1051.jpg
6080,47cc520378734731805ad51c1f4a168c,me-1052.jpg,~/ml4img/f4dficimg/dif_MRItumor/me-1052.jpg,static/img/47cc520378734731805ad51c1f4a168c_me-1052.jpg
6081,aebd578b53e049e7b3193f049baa03f4,me-1070.jpg,~/ml4img/f4dficimg/dif_MRItumor/me-1070.jpg,static/img/aebd578b53e049e7b3193f049baa03f4_me-1070.jpg
6082,b197271dd7fb4925995c2fc42ea5e5a3,me-1086.jpg,~/ml4img/f4dficimg/dif_MRItumor/me-1086.jpg,static/img/b197271dd7fb4925995c2fc42ea5e5a3_me-1086.jpg
6083,7cc70f6ff19a42f3aa9c94bf9b5c2330,me-1102.jpg,~/ml4img/f4dficimg/dif_MRItumor/me-1102.jpg,static/img/7cc70f6ff19a42f3aa9c94bf9b5c2330_me-1102.jpg
6084,96ede62ee9a84ee69f1ddecbab4a385e,me-1106.jpg,~/ml4img/f4dficimg/dif_MRItumor/me-1106.jpg,static/img/96ede62ee9a84ee69f1ddecbab4a385e_me-1106.jpg
6085,ecc04610b1144ea496d13e54a37f652f,me-1107.jpg,~/ml4img/f4dficimg/dif_MRItumor/me-1107.jpg,static/img/ecc04610b1144ea496d13e54a37f652f_me-1107.jpg
6086,1429e4a5fc7d4132b8373a96733205d8,me-1110.jpg,~/ml4img/f4dficimg/dif_MRItumor/me-1110.jpg,static/img/1429e4a5fc7d4132b8373a96733205d8_me-1110.jpg
6087,a4e9f4cd0c274154953948dc7e9e72ea,me-1111.jpg,~/ml4img/f4dficimg/dif_MRItumor/me-1111.jpg,static/img/a4e9f4cd0c274154953948dc7e9e72ea_me-1111.jpg
6088,e56b6aa3c86e41bbb89a2055d03424de,me-1115.jpg,~/ml4img/f4dficimg/dif_MRItumor/me-1115.jpg,static/img/e56b6aa3c86e41bbb89a2055d03424de_me-1115.jpg
6089,053d5de39b7e40ddacf86661fcf5bc72,me-1126.jpg,~/ml4img/f4dficimg/dif_MRItumor/me-1126.jpg,static/img/053d5de39b7e40ddacf86661fcf5bc72_me-1126.jpg
6090,f0abf32786c3418d8e349de0d9f09eeb,me-1131.jpg,~/ml4img/f4dficimg/dif_MRItumor/me-1131.jpg,static/img/f0abf32786c3418d8e349de0d9f09eeb_me-1131.jpg
6091,0d1db4997ce04bbc9087f4d98443c8ec,me-1139.jpg,~/ml4img/f4dficimg/dif_MRItumor/me-1139.jpg,static/img/0d1db4997ce04bbc9087f4d98443c8ec_me-1139.jpg
6092,588bf5ce30ff4ea8afcf255d936b5bfd,me-1140.jpg,~/ml4img/f4dficimg/dif_MRItumor/me-1140.jpg,static/img/588bf5ce30ff4ea8afcf255d936b5bfd_me-1140.jpg
6093,f16c0e3da6074951aa5469e8c1c396e9,me-1145.jpg,~/ml4img/f4dficimg/dif_MRItumor/me-1145.jpg,static/img/f16c0e3da6074951aa5469e8c1c396e9_me-1145.jpg
6094,becbf063c5174f51949188f1d631ec33,me-1147.jpg,~/ml4img/f4dficimg/dif_MRItumor/me-1147.jpg,static/img/becbf063c5174f51949188f1d631ec33_me-1147.jpg
6095,c8799add2e3c42e2b8f550cb0c1e6a69,me-1149.jpg,~/ml4img/f4dficimg/dif_MRItumor/me-1149.jpg,static/img/c8799add2e3c42e2b8f550cb0c1e6a69_me-1149.jpg
6096,94ce7abbcd93435b9b74838b776fdfbc,me-1160.jpg,~/ml4img/f4dficimg/dif_MRItumor/me-1160.jpg,static/img/94ce7abbcd93435b9b74838b776fdfbc_me-1160.jpg
6097,96cb4861b852484a86c5e4f852b0aac0,me-1162.jpg,~/ml4img/f4dficimg/dif_MRItumor/me-1162.jpg,static/img/96cb4861b852484a86c5e4f852b0aac0_me-1162.jpg
6098,175974169a1c4195976be2c545cfe0aa,me-1171.jpg,~/ml4img/f4dficimg/dif_MRItumor/me-1171.jpg,static/img/175974169a1c4195976be2c545cfe0aa_me-1171.jpg
6099,7381d08e1c3f4b178f2e00caa23cd344,me-1178.jpg,~/ml4img/f4dficimg/dif_MRItumor/me-1178.jpg,static/img/7381d08e1c3f4b178f2e00caa23cd344_me-1178.jpg
6100,7e38ce521fb74798aa5a4aaeb6953297,me-1180.jpg,~/ml4img/f4dficimg/dif_MRItumor/me-1180.jpg,static/img/7e38ce521fb74798aa5a4aaeb6953297_me-1180.jpg
6101,31ba1e1999b54698b24b6967f79d98e7,me-1184.jpg,~/ml4img/f4dficimg/dif_MRItumor/me-1184.jpg,static/img/31ba1e1999b54698b24b6967f79d98e7_me-1184.jpg
6102,40994a41e23a47589c234e2f06abf431,me-1190.jpg,~/ml4img/f4dficimg/dif_MRItumor/me-1190.jpg,static/img/40994a41e23a47589c234e2f06abf431_me-1190.jpg
6103,a0054f8c47d543cc9cae7827a6cfb877,me-1192.jpg,~/ml4img/f4dficimg/dif_MRItumor/me-1192.jpg,static/img/a0054f8c47d543cc9cae7827a6cfb877_me-1192.jpg
6104,0946acd4e0f24814836f491674562166,me-1195.jpg,~/ml4img/f4dficimg/dif_MRItumor/me-1195.jpg,static/img/0946acd4e0f24814836f491674562166_me-1195.jpg
6105,d246365e09284a6c8e3a1968043179ab,me-1196.jpg,~/ml4img/f4dficimg/dif_MRItumor/me-1196.jpg,static/img/d246365e09284a6c8e3a1968043179ab_me-1196.jpg
6106,392a637a8973485ebe1ff52919567eee,me-1207.jpg,~/ml4img/f4dficimg/dif_MRItumor/me-1207.jpg,static/img/392a637a8973485ebe1ff52919567eee_me-1207.jpg
6107,0ebb4d9a1dc94006a139d329ccbdfd96,me-1211.jpg,~/ml4img/f4dficimg/dif_MRItumor/me-1211.jpg,static/img/0ebb4d9a1dc94006a139d329ccbdfd96_me-1211.jpg
6108,f111996a6d2a48dfb9c0cc0f8433c154,me-1212.jpg,~/ml4img/f4dficimg/dif_MRItumor/me-1212.jpg,static/img/f111996a6d2a48dfb9c0cc0f8433c154_me-1212.jpg
6109,e907238d758347b6b837e47540a1c115,me-1220.jpg,~/ml4img/f4dficimg/dif_MRItumor/me-1220.jpg,static/img/e907238d758347b6b837e47540a1c115_me-1220.jpg
6110,0308c5472fe04ed6a28196f4dbaaf776,me-1222.jpg,~/ml4img/f4dficimg/dif_MRItumor/me-1222.jpg,static/img/0308c5472fe04ed6a28196f4dbaaf776_me-1222.jpg
6111,997bb7ff41444995b4667fb5f99342a0,me-1234.jpg,~/ml4img/f4dficimg/dif_MRItumor/me-1234.jpg,static/img/997bb7ff41444995b4667fb5f99342a0_me-1234.jpg
6112,464f3dd2c8f748258b9f067f65fe411e,me-1236.jpg,~/ml4img/f4dficimg/dif_MRItumor/me-1236.jpg,static/img/464f3dd2c8f748258b9f067f65fe411e_me-1236.jpg
6113,7337a14c581f44daa718be3ddc14d515,me-1243.jpg,~/ml4img/f4dficimg/dif_MRItumor/me-1243.jpg,static/img/7337a14c581f44daa718be3ddc14d515_me-1243.jpg
6114,42a7f715357d4e84be14004d7580fcc6,me-1244.jpg,~/ml4img/f4dficimg/dif_MRItumor/me-1244.jpg,static/img/42a7f715357d4e84be14004d7580fcc6_me-1244.jpg
6115,cc34077a38a447858e71913cd4e08f49,me-1247.jpg,~/ml4img/f4dficimg/dif_MRItumor/me-1247.jpg,static/img/cc34077a38a447858e71913cd4e08f49_me-1247.jpg
6116,8ec7e8a2f55f4aedac639ac79567de30,me-1248.jpg,~/ml4img/f4dficimg/dif_MRItumor/me-1248.jpg,static/img/8ec7e8a2f55f4aedac639ac79567de30_me-1248.jpg
6117,e3f1c9eac2ed47a7b695044d4c917d6e,me-1249.jpg,~/ml4img/f4dficimg/dif_MRItumor/me-1249.jpg,static/img/e3f1c9eac2ed47a7b695044d4c917d6e_me-1249.jpg
6118,993722aed6e44a65b2ad62d61ddddc7d,me-1250.jpg,~/ml4img/f4dficimg/dif_MRItumor/me-1250.jpg,static/img/993722aed6e44a65b2ad62d61ddddc7d_me-1250.jpg
6119,e8a20eebc9a4412ab636f309f883df8d,me-1255.jpg,~/ml4img/f4dficimg/dif_MRItumor/me-1255.jpg,static/img/e8a20eebc9a4412ab636f309f883df8d_me-1255.jpg
6120,a40c9a58d96c4c3d88b4e9e4dce62f6a,me-1257.jpg,~/ml4img/f4dficimg/dif_MRItumor/me-1257.jpg,static/img/a40c9a58d96c4c3d88b4e9e4dce62f6a_me-1257.jpg
6121,357bc3474e0848cf9160a48334e32cb3,me-1259.jpg,~/ml4img/f4dficimg/dif_MRItumor/me-1259.jpg,static/img/357bc3474e0848cf9160a48334e32cb3_me-1259.jpg
6122,41404af1f2d24120821d6c737498f3de,me-1262.jpg,~/ml4img/f4dficimg/dif_MRItumor/me-1262.jpg,static/img/41404af1f2d24120821d6c737498f3de_me-1262.jpg
6123,fff3c884fba94b908ce9651e3cfd7d36,me-1267.jpg,~/ml4img/f4dficimg/dif_MRItumor/me-1267.jpg,static/img/fff3c884fba94b908ce9651e3cfd7d36_me-1267.jpg
6124,e9785e8528f74e38974c2ad7cce91edd,me-1269.jpg,~/ml4img/f4dficimg/dif_MRItumor/me-1269.jpg,static/img/e9785e8528f74e38974c2ad7cce91edd_me-1269.jpg
6125,28134f6911c644659c88d1964d0e1023,me-1270.jpg,~/ml4img/f4dficimg/dif_MRItumor/me-1270.jpg,static/img/28134f6911c644659c88d1964d0e1023_me-1270.jpg
6126,aafacfc193c8400280d272f04ba0dcc1,me-1273.jpg,~/ml4img/f4dficimg/dif_MRItumor/me-1273.jpg,static/img/aafacfc193c8400280d272f04ba0dcc1_me-1273.jpg
6127,600f58e35eba4f70a7a5a06e1b9476c4,me-1292.jpg,~/ml4img/f4dficimg/dif_MRItumor/me-1292.jpg,static/img/600f58e35eba4f70a7a5a06e1b9476c4_me-1292.jpg
6128,908c8a29b1b1441293628abfe15ae19f,me-1293.jpg,~/ml4img/f4dficimg/dif_MRItumor/me-1293.jpg,static/img/908c8a29b1b1441293628abfe15ae19f_me-1293.jpg
6129,518331e45edd4d9cb4ed56f0c33a0783,me-1297.jpg,~/ml4img/f4dficimg/dif_MRItumor/me-1297.jpg,static/img/518331e45edd4d9cb4ed56f0c33a0783_me-1297.jpg
6130,cc4faf009183427e9dd879e79aa89478,me-1299.jpg,~/ml4img/f4dficimg/dif_MRItumor/me-1299.jpg,static/img/cc4faf009183427e9dd879e79aa89478_me-1299.jpg
6131,6e40ab8a4e624b93a1dddfeaeaa48202,me-1304.jpg,~/ml4img/f4dficimg/dif_MRItumor/me-1304.jpg,static/img/6e40ab8a4e624b93a1dddfeaeaa48202_me-1304.jpg
6132,134f57dfcf35424e8a6c2c8cb6ded441,me-1310.jpg,~/ml4img/f4dficimg/dif_MRItumor/me-1310.jpg,static/img/134f57dfcf35424e8a6c2c8cb6ded441_me-1310.jpg
6133,74c97c53cf8b437e83c14522174ad839,me-1324.jpg,~/ml4img/f4dficimg/dif_MRItumor/me-1324.jpg,static/img/74c97c53cf8b437e83c14522174ad839_me-1324.jpg
6134,555022606592438681338b984ca30441,me-1328.jpg,~/ml4img/f4dficimg/dif_MRItumor/me-1328.jpg,static/img/555022606592438681338b984ca30441_me-1328.jpg
6135,a518e73676ca4c3ea2012b1821632a9b,me-1331.jpg,~/ml4img/f4dficimg/dif_MRItumor/me-1331.jpg,static/img/a518e73676ca4c3ea2012b1821632a9b_me-1331.jpg
6136,5b4560c72fb64153a680a3df0d2fc6c5,me-1333.jpg,~/ml4img/f4dficimg/dif_MRItumor/me-1333.jpg,static/img/5b4560c72fb64153a680a3df0d2fc6c5_me-1333.jpg
6137,d2c05cd8d66545848cf91cd50e32e801,me-1343.jpg,~/ml4img/f4dficimg/dif_MRItumor/me-1343.jpg,static/img/d2c05cd8d66545848cf91cd50e32e801_me-1343.jpg
6138,8c45f28695e949a8b211fac0150d101b,me-1345.jpg,~/ml4img/f4dficimg/dif_MRItumor/me-1345.jpg,static/img/8c45f28695e949a8b211fac0150d101b_me-1345.jpg
6139,6f2ae9ad5fc84fd783f2df855e82c591,me-1346.jpg,~/ml4img/f4dficimg/dif_MRItumor/me-1346.jpg,static/img/6f2ae9ad5fc84fd783f2df855e82c591_me-1346.jpg
6140,d78a5fe8f543496296100e8a57ed90e9,me-1354.jpg,~/ml4img/f4dficimg/dif_MRItumor/me-1354.jpg,static/img/d78a5fe8f543496296100e8a57ed90e9_me-1354.jpg
6141,da3509eed64544e7b95dc72ccc97693a,me-1355.jpg,~/ml4img/f4dficimg/dif_MRItumor/me-1355.jpg,static/img/da3509eed64544e7b95dc72ccc97693a_me-1355.jpg
6142,45e9411be6f648f6a3916ab24a921c17,me-1357.jpg,~/ml4img/f4dficimg/dif_MRItumor/me-1357.jpg,static/img/45e9411be6f648f6a3916ab24a921c17_me-1357.jpg
6143,a69d3e0048fd4beab9e5cd5f0bb0b8f8,me-1358.jpg,~/ml4img/f4dficimg/dif_MRItumor/me-1358.jpg,static/img/a69d3e0048fd4beab9e5cd5f0bb0b8f8_me-1358.jpg
6144,1b228ad2d5ac4cc4be846949c08bbc37,me-1361.jpg,~/ml4img/f4dficimg/dif_MRItumor/me-1361.jpg,static/img/1b228ad2d5ac4cc4be846949c08bbc37_me-1361.jpg
6145,4a47a54612df46d7898e4ddcf1eeb1ba,me-1362.jpg,~/ml4img/f4dficimg/dif_MRItumor/me-1362.jpg,static/img/4a47a54612df46d7898e4ddcf1eeb1ba_me-1362.jpg
6146,02d13df1566b46b299ee0345d3f9bac4,me-1364.jpg,~/ml4img/f4dficimg/dif_MRItumor/me-1364.jpg,static/img/02d13df1566b46b299ee0345d3f9bac4_me-1364.jpg
6147,f0acc0571ba442f0b5822b5482ef5a50,me-1370.jpg,~/ml4img/f4dficimg/dif_MRItumor/me-1370.jpg,static/img/f0acc0571ba442f0b5822b5482ef5a50_me-1370.jpg
6148,ccf72d78d210456a9045cd70a86f6e90,me-1373.jpg,~/ml4img/f4dficimg/dif_MRItumor/me-1373.jpg,static/img/ccf72d78d210456a9045cd70a86f6e90_me-1373.jpg
6149,f6e4863cfe0e4367989f7aa7353e5037,me-1383.jpg,~/ml4img/f4dficimg/dif_MRItumor/me-1383.jpg,static/img/f6e4863cfe0e4367989f7aa7353e5037_me-1383.jpg
6150,1c9de095934f41fdbffabea6beb93b5a,me-1388.jpg,~/ml4img/f4dficimg/dif_MRItumor/me-1388.jpg,static/img/1c9de095934f41fdbffabea6beb93b5a_me-1388.jpg
6151,4939cd6eb64748bc81cbbbabe996eb04,me-1389.jpg,~/ml4img/f4dficimg/dif_MRItumor/me-1389.jpg,static/img/4939cd6eb64748bc81cbbbabe996eb04_me-1389.jpg
6152,9f261ea9ebdb4b1f937ac77b68b89cff,me-1391.jpg,~/ml4img/f4dficimg/dif_MRItumor/me-1391.jpg,static/img/9f261ea9ebdb4b1f937ac77b68b89cff_me-1391.jpg
6153,792e583580374ac98ef9b1309031572c,me-1393.jpg,~/ml4img/f4dficimg/dif_MRItumor/me-1393.jpg,static/img/792e583580374ac98ef9b1309031572c_me-1393.jpg
6154,dec9cd2919724c3ab6dc2a03e2b3c5b3,me-1394.jpg,~/ml4img/f4dficimg/dif_MRItumor/me-1394.jpg,static/img/dec9cd2919724c3ab6dc2a03e2b3c5b3_me-1394.jpg
6155,e68a8f3a12474580a186f698dc64ff7c,me-1396.jpg,~/ml4img/f4dficimg/dif_MRItumor/me-1396.jpg,static/img/e68a8f3a12474580a186f698dc64ff7c_me-1396.jpg
6156,2d4379d20e354d1f8bb138657ac9a746,me-1397.jpg,~/ml4img/f4dficimg/dif_MRItumor/me-1397.jpg,static/img/2d4379d20e354d1f8bb138657ac9a746_me-1397.jpg
6157,1e6c08be43e649b6a7ffbb0210131f87,me-1398.jpg,~/ml4img/f4dficimg/dif_MRItumor/me-1398.jpg,static/img/1e6c08be43e649b6a7ffbb0210131f87_me-1398.jpg
6158,387fc7bfb7f741daad5c208893422ccb,me-1403.jpg,~/ml4img/f4dficimg/dif_MRItumor/me-1403.jpg,static/img/387fc7bfb7f741daad5c208893422ccb_me-1403.jpg
6159,f403fdca04a24a609ef65d718bb4db97,me-1408.jpg,~/ml4img/f4dficimg/dif_MRItumor/me-1408.jpg,static/img/f403fdca04a24a609ef65d718bb4db97_me-1408.jpg
6160,aa2d6f94063340ca8b2e6da927af9c55,me-1410.jpg,~/ml4img/f4dficimg/dif_MRItumor/me-1410.jpg,static/img/aa2d6f94063340ca8b2e6da927af9c55_me-1410.jpg
6161,3b57b87c0d6b4e0e8dfe26c90557e417,me-1412.jpg,~/ml4img/f4dficimg/dif_MRItumor/me-1412.jpg,static/img/3b57b87c0d6b4e0e8dfe26c90557e417_me-1412.jpg
6162,4738775988e44029a9c840d2686dcf24,me-1414.jpg,~/ml4img/f4dficimg/dif_MRItumor/me-1414.jpg,static/img/4738775988e44029a9c840d2686dcf24_me-1414.jpg
6163,d7d1ecbd80c84324851b2da6e1bb6b70,me-1420.jpg,~/ml4img/f4dficimg/dif_MRItumor/me-1420.jpg,static/img/d7d1ecbd80c84324851b2da6e1bb6b70_me-1420.jpg
6164,5a1b502cc9ea406e82cb3e9f6757c887,me-1425.jpg,~/ml4img/f4dficimg/dif_MRItumor/me-1425.jpg,static/img/5a1b502cc9ea406e82cb3e9f6757c887_me-1425.jpg
6165,960b7b32f65e417daa6dedc69b8898b7,me-1427.jpg,~/ml4img/f4dficimg/dif_MRItumor/me-1427.jpg,static/img/960b7b32f65e417daa6dedc69b8898b7_me-1427.jpg
6166,12c24fff7b614c039997de164278fffd,me-1429.jpg,~/ml4img/f4dficimg/dif_MRItumor/me-1429.jpg,static/img/12c24fff7b614c039997de164278fffd_me-1429.jpg
6167,2db413ba75d54990a22f173953564a01,me-1430.jpg,~/ml4img/f4dficimg/dif_MRItumor/me-1430.jpg,static/img/2db413ba75d54990a22f173953564a01_me-1430.jpg
6168,c0030852213b4124a852eef253a4ba16,me-1433.jpg,~/ml4img/f4dficimg/dif_MRItumor/me-1433.jpg,static/img/c0030852213b4124a852eef253a4ba16_me-1433.jpg
6169,3e4d1b4ca5c74d3498e4822467e4133f,me-1435.jpg,~/ml4img/f4dficimg/dif_MRItumor/me-1435.jpg,static/img/3e4d1b4ca5c74d3498e4822467e4133f_me-1435.jpg
6170,a7f4b8490e4d4a809d964cae91386bc2,me-1437.jpg,~/ml4img/f4dficimg/dif_MRItumor/me-1437.jpg,static/img/a7f4b8490e4d4a809d964cae91386bc2_me-1437.jpg
6171,37f5e7d8685d4e4b96bcb52c3f8928ec,me-1448.jpg,~/ml4img/f4dficimg/dif_MRItumor/me-1448.jpg,static/img/37f5e7d8685d4e4b96bcb52c3f8928ec_me-1448.jpg
6172,07d62afc15864bd9bbc339bdcf8f5f35,me-1457.jpg,~/ml4img/f4dficimg/dif_MRItumor/me-1457.jpg,static/img/07d62afc15864bd9bbc339bdcf8f5f35_me-1457.jpg
6173,55f9b58efc3f4a5d90c51cecb7d7498f,me-1458.jpg,~/ml4img/f4dficimg/dif_MRItumor/me-1458.jpg,static/img/55f9b58efc3f4a5d90c51cecb7d7498f_me-1458.jpg
6174,82f4ca10d0fc44a5ae985ed9b1fcfe5d,me-1460.jpg,~/ml4img/f4dficimg/dif_MRItumor/me-1460.jpg,static/img/82f4ca10d0fc44a5ae985ed9b1fcfe5d_me-1460.jpg
6175,53d93d1880384f92bda567540972a2b4,me-1462.jpg,~/ml4img/f4dficimg/dif_MRItumor/me-1462.jpg,static/img/53d93d1880384f92bda567540972a2b4_me-1462.jpg
6176,2c55f263c7754362bb0905590f28240c,me-1467.jpg,~/ml4img/f4dficimg/dif_MRItumor/me-1467.jpg,static/img/2c55f263c7754362bb0905590f28240c_me-1467.jpg
6177,855310679e3a4de0997658aa9c293fd7,me-1475.jpg,~/ml4img/f4dficimg/dif_MRItumor/me-1475.jpg,static/img/855310679e3a4de0997658aa9c293fd7_me-1475.jpg
6178,1f7682e5af7e46aba0e938f1cbcb46a5,me-1480.jpg,~/ml4img/f4dficimg/dif_MRItumor/me-1480.jpg,static/img/1f7682e5af7e46aba0e938f1cbcb46a5_me-1480.jpg
6179,69d88062bd774bbba33217d7c8719d01,me-1482.jpg,~/ml4img/f4dficimg/dif_MRItumor/me-1482.jpg,static/img/69d88062bd774bbba33217d7c8719d01_me-1482.jpg
6180,bcec48a92b124253af56f61efd67e2ad,me-1483.jpg,~/ml4img/f4dficimg/dif_MRItumor/me-1483.jpg,static/img/bcec48a92b124253af56f61efd67e2ad_me-1483.jpg
6181,7828cd2a993b4b9da651f79399737a21,me-1491.jpg,~/ml4img/f4dficimg/dif_MRItumor/me-1491.jpg,static/img/7828cd2a993b4b9da651f79399737a21_me-1491.jpg
6182,2d8decd8dc764679841fbf83e3de9458,me-1496.jpg,~/ml4img/f4dficimg/dif_MRItumor/me-1496.jpg,static/img/2d8decd8dc764679841fbf83e3de9458_me-1496.jpg
6183,99fcaf4ba1a44124840dc3e0a8e8e3d6,me-1501.jpg,~/ml4img/f4dficimg/dif_MRItumor/me-1501.jpg,static/img/99fcaf4ba1a44124840dc3e0a8e8e3d6_me-1501.jpg
6184,63220733cd8b4751881b26e902bc5716,me-1504.jpg,~/ml4img/f4dficimg/dif_MRItumor/me-1504.jpg,static/img/63220733cd8b4751881b26e902bc5716_me-1504.jpg
6185,8141495e71064287b8a5f7629f42a387,me-1505.jpg,~/ml4img/f4dficimg/dif_MRItumor/me-1505.jpg,static/img/8141495e71064287b8a5f7629f42a387_me-1505.jpg
6186,1e03c54b8442459cb187114a566852df,me-1516.jpg,~/ml4img/f4dficimg/dif_MRItumor/me-1516.jpg,static/img/1e03c54b8442459cb187114a566852df_me-1516.jpg
6187,bb4693ade94943cfb0e30223b67a5232,me-1520.jpg,~/ml4img/f4dficimg/dif_MRItumor/me-1520.jpg,static/img/bb4693ade94943cfb0e30223b67a5232_me-1520.jpg
6188,1ccecb38e00b498fb1fb918a66f81e69,me-1528.jpg,~/ml4img/f4dficimg/dif_MRItumor/me-1528.jpg,static/img/1ccecb38e00b498fb1fb918a66f81e69_me-1528.jpg
6189,778c2101d2c14985935d905cf9180096,me-1529.jpg,~/ml4img/f4dficimg/dif_MRItumor/me-1529.jpg,static/img/778c2101d2c14985935d905cf9180096_me-1529.jpg
6190,b5b22164b9ae4c858de1ce7ebb730fc7,me-1533.jpg,~/ml4img/f4dficimg/dif_MRItumor/me-1533.jpg,static/img/b5b22164b9ae4c858de1ce7ebb730fc7_me-1533.jpg
6191,78cf8fe9bb7a4a60ad0c0f761b651b97,me-1535.jpg,~/ml4img/f4dficimg/dif_MRItumor/me-1535.jpg,static/img/78cf8fe9bb7a4a60ad0c0f761b651b97_me-1535.jpg
6192,f756a0ab6f254dbdb2f6236c1c8921b7,me-1539.jpg,~/ml4img/f4dficimg/dif_MRItumor/me-1539.jpg,static/img/f756a0ab6f254dbdb2f6236c1c8921b7_me-1539.jpg
6193,2b3cf954cdde4a2bbe2a24d74e05d981,me-1542.jpg,~/ml4img/f4dficimg/dif_MRItumor/me-1542.jpg,static/img/2b3cf954cdde4a2bbe2a24d74e05d981_me-1542.jpg
6194,c84a0528dcbe418691ac916fe1bc55c0,me-1544.jpg,~/ml4img/f4dficimg/dif_MRItumor/me-1544.jpg,static/img/c84a0528dcbe418691ac916fe1bc55c0_me-1544.jpg
6195,53d8e100888443e497f1f07f120e413d,me-1548.jpg,~/ml4img/f4dficimg/dif_MRItumor/me-1548.jpg,static/img/53d8e100888443e497f1f07f120e413d_me-1548.jpg
6196,08ceb77064e84afa94e1a86a7f552763,me-1553.jpg,~/ml4img/f4dficimg/dif_MRItumor/me-1553.jpg,static/img/08ceb77064e84afa94e1a86a7f552763_me-1553.jpg
6197,662d371673ba44d9a33948845b11f68a,me-1556.jpg,~/ml4img/f4dficimg/dif_MRItumor/me-1556.jpg,static/img/662d371673ba44d9a33948845b11f68a_me-1556.jpg
6198,2dc4ca9381b0408da7027153dccf6b48,me-1557.jpg,~/ml4img/f4dficimg/dif_MRItumor/me-1557.jpg,static/img/2dc4ca9381b0408da7027153dccf6b48_me-1557.jpg
6199,36633435f3dd4d7bb65b42a5acbd87ce,me-1558.jpg,~/ml4img/f4dficimg/dif_MRItumor/me-1558.jpg,static/img/36633435f3dd4d7bb65b42a5acbd87ce_me-1558.jpg
6200,991887ace8874586bc7306ccd2b01a98,me-1565.jpg,~/ml4img/f4dficimg/dif_MRItumor/me-1565.jpg,static/img/991887ace8874586bc7306ccd2b01a98_me-1565.jpg
6201,6fcfb56f242a49fc94332118fb1192bd,me-1576.jpg,~/ml4img/f4dficimg/dif_MRItumor/me-1576.jpg,static/img/6fcfb56f242a49fc94332118fb1192bd_me-1576.jpg
6202,bbb95998f1d644edb8bad3d4db8ba919,me-1582.jpg,~/ml4img/f4dficimg/dif_MRItumor/me-1582.jpg,static/img/bbb95998f1d644edb8bad3d4db8ba919_me-1582.jpg
6203,6cddd51cd8a846a6a8518dd50be9d83f,me-1593.jpg,~/ml4img/f4dficimg/dif_MRItumor/me-1593.jpg,static/img/6cddd51cd8a846a6a8518dd50be9d83f_me-1593.jpg
6204,725e15cef703477593f0d99a98a1f681,me-1594.jpg,~/ml4img/f4dficimg/dif_MRItumor/me-1594.jpg,static/img/725e15cef703477593f0d99a98a1f681_me-1594.jpg
6205,ce53f8c9f68040bca6b818ddd650e851,me-1606.jpg,~/ml4img/f4dficimg/dif_MRItumor/me-1606.jpg,static/img/ce53f8c9f68040bca6b818ddd650e851_me-1606.jpg
6206,2d9eae6796854a2d8fb2b397c534bd2d,me-1609.jpg,~/ml4img/f4dficimg/dif_MRItumor/me-1609.jpg,static/img/2d9eae6796854a2d8fb2b397c534bd2d_me-1609.jpg
6207,81885f07e984468992143cf0f6bf7fc9,me-1612.jpg,~/ml4img/f4dficimg/dif_MRItumor/me-1612.jpg,static/img/81885f07e984468992143cf0f6bf7fc9_me-1612.jpg
6208,74d968f02cb147e492eb5d5398bbe0eb,me-1615.jpg,~/ml4img/f4dficimg/dif_MRItumor/me-1615.jpg,static/img/74d968f02cb147e492eb5d5398bbe0eb_me-1615.jpg
6209,3f60127e6ebe498ab06ef25a45f0502f,me-1617.jpg,~/ml4img/f4dficimg/dif_MRItumor/me-1617.jpg,static/img/3f60127e6ebe498ab06ef25a45f0502f_me-1617.jpg
6210,7aacc4e91b8a4e1c84d0cd2d74a9f6a8,me-1620.jpg,~/ml4img/f4dficimg/dif_MRItumor/me-1620.jpg,static/img/7aacc4e91b8a4e1c84d0cd2d74a9f6a8_me-1620.jpg
6211,c1525c2357b84f408959a0c26bead829,me-1621.jpg,~/ml4img/f4dficimg/dif_MRItumor/me-1621.jpg,static/img/c1525c2357b84f408959a0c26bead829_me-1621.jpg
6212,311f24a6c1b14b869ad2936ec5977faf,me-1634.jpg,~/ml4img/f4dficimg/dif_MRItumor/me-1634.jpg,static/img/311f24a6c1b14b869ad2936ec5977faf_me-1634.jpg
6213,76d3d0ede2af44388ecd7458bd952c9f,me-1635.jpg,~/ml4img/f4dficimg/dif_MRItumor/me-1635.jpg,static/img/76d3d0ede2af44388ecd7458bd952c9f_me-1635.jpg
6214,5253c8fe0e5647d99186e93d17acb9e3,me-1638.jpg,~/ml4img/f4dficimg/dif_MRItumor/me-1638.jpg,static/img/5253c8fe0e5647d99186e93d17acb9e3_me-1638.jpg
6215,e13a6d1e72e74698b51a2e43ab3e166b,me-1642.jpg,~/ml4img/f4dficimg/dif_MRItumor/me-1642.jpg,static/img/e13a6d1e72e74698b51a2e43ab3e166b_me-1642.jpg
6216,d952e192f598495b8f2b70b2d8aaabde,me-1644.jpg,~/ml4img/f4dficimg/dif_MRItumor/me-1644.jpg,static/img/d952e192f598495b8f2b70b2d8aaabde_me-1644.jpg
6217,472f63e1578442c88c3d81e7e6e8bf55,me-1647.jpg,~/ml4img/f4dficimg/dif_MRItumor/me-1647.jpg,static/img/472f63e1578442c88c3d81e7e6e8bf55_me-1647.jpg
6218,22fc058a69144b72948c67b2864a6999,me-1648.jpg,~/ml4img/f4dficimg/dif_MRItumor/me-1648.jpg,static/img/22fc058a69144b72948c67b2864a6999_me-1648.jpg
6219,0ae1825607084b8b9acb3c1932911f19,me-1649.jpg,~/ml4img/f4dficimg/dif_MRItumor/me-1649.jpg,static/img/0ae1825607084b8b9acb3c1932911f19_me-1649.jpg
6220,1ef530740c5740ab815b3ebd68f85c36,me-1657.jpg,~/ml4img/f4dficimg/dif_MRItumor/me-1657.jpg,static/img/1ef530740c5740ab815b3ebd68f85c36_me-1657.jpg
6221,b3f121661901414b94d1c464b4d99948,me-1658.jpg,~/ml4img/f4dficimg/dif_MRItumor/me-1658.jpg,static/img/b3f121661901414b94d1c464b4d99948_me-1658.jpg
6222,f7bfe3ce3e644444ae3ad6995a8aac44,me-1663.jpg,~/ml4img/f4dficimg/dif_MRItumor/me-1663.jpg,static/img/f7bfe3ce3e644444ae3ad6995a8aac44_me-1663.jpg
6223,d63c54b4ae834c21b753f32173a7f5fb,me-1671.jpg,~/ml4img/f4dficimg/dif_MRItumor/me-1671.jpg,static/img/d63c54b4ae834c21b753f32173a7f5fb_me-1671.jpg
6224,24ac0f40055144e1b51d03df52d06354,me-1675.jpg,~/ml4img/f4dficimg/dif_MRItumor/me-1675.jpg,static/img/24ac0f40055144e1b51d03df52d06354_me-1675.jpg
6225,a553aa0360c045b1a8b59978b3b984db,me-1680.jpg,~/ml4img/f4dficimg/dif_MRItumor/me-1680.jpg,static/img/a553aa0360c045b1a8b59978b3b984db_me-1680.jpg
6226,a894d970466b443084125f1836480e47,me-1681.jpg,~/ml4img/f4dficimg/dif_MRItumor/me-1681.jpg,static/img/a894d970466b443084125f1836480e47_me-1681.jpg
6227,7c332400f96e4ead9639984f28f0f496,me-1688.jpg,~/ml4img/f4dficimg/dif_MRItumor/me-1688.jpg,static/img/7c332400f96e4ead9639984f28f0f496_me-1688.jpg
6228,1d2ce44aca35491ab65a1d7b42363678,me-1689.jpg,~/ml4img/f4dficimg/dif_MRItumor/me-1689.jpg,static/img/1d2ce44aca35491ab65a1d7b42363678_me-1689.jpg
6229,e64de71ff2544f2b99465d99f14bcd89,me-1695.jpg,~/ml4img/f4dficimg/dif_MRItumor/me-1695.jpg,static/img/e64de71ff2544f2b99465d99f14bcd89_me-1695.jpg
6230,24df0964940c4ae2bb2a40b0b552165b,me-1696.jpg,~/ml4img/f4dficimg/dif_MRItumor/me-1696.jpg,static/img/24df0964940c4ae2bb2a40b0b552165b_me-1696.jpg
6231,270021a2867d4646a100787daf4402e6,me-1697.jpg,~/ml4img/f4dficimg/dif_MRItumor/me-1697.jpg,static/img/270021a2867d4646a100787daf4402e6_me-1697.jpg
6232,cac4f03b6833406f802a61870bb88f2a,me-1700.jpg,~/ml4img/f4dficimg/dif_MRItumor/me-1700.jpg,static/img/cac4f03b6833406f802a61870bb88f2a_me-1700.jpg
6233,658cd5461d7c4bf0ac6d4f4ba8eccb93,me-1704.jpg,~/ml4img/f4dficimg/dif_MRItumor/me-1704.jpg,static/img/658cd5461d7c4bf0ac6d4f4ba8eccb93_me-1704.jpg
6234,12c5549d1f504d46b2e41b4a62f01f48,me-1705.jpg,~/ml4img/f4dficimg/dif_MRItumor/me-1705.jpg,static/img/12c5549d1f504d46b2e41b4a62f01f48_me-1705.jpg
6235,93b5c5992e8748a0ab20144e4d94fd37,me-1706.jpg,~/ml4img/f4dficimg/dif_MRItumor/me-1706.jpg,static/img/93b5c5992e8748a0ab20144e4d94fd37_me-1706.jpg
6236,1375a63d27f344508f7b13b4e77f89db,me-1709.jpg,~/ml4img/f4dficimg/dif_MRItumor/me-1709.jpg,static/img/1375a63d27f344508f7b13b4e77f89db_me-1709.jpg
6237,524c6a22fc364a5785194470fcaceab3,me-1714.jpg,~/ml4img/f4dficimg/dif_MRItumor/me-1714.jpg,static/img/524c6a22fc364a5785194470fcaceab3_me-1714.jpg
6238,f65413a6f2c946b3be1130fe8a8578fd,me-1716.jpg,~/ml4img/f4dficimg/dif_MRItumor/me-1716.jpg,static/img/f65413a6f2c946b3be1130fe8a8578fd_me-1716.jpg
6239,d55d75b10625485aa104746e6679556d,me-1718.jpg,~/ml4img/f4dficimg/dif_MRItumor/me-1718.jpg,static/img/d55d75b10625485aa104746e6679556d_me-1718.jpg
6240,6e999eadfa0843e6a96310aa65a06b81,me-1720.jpg,~/ml4img/f4dficimg/dif_MRItumor/me-1720.jpg,static/img/6e999eadfa0843e6a96310aa65a06b81_me-1720.jpg
6241,2d35435ed5b844989356db5a3d46d2c7,me-1721.jpg,~/ml4img/f4dficimg/dif_MRItumor/me-1721.jpg,static/img/2d35435ed5b844989356db5a3d46d2c7_me-1721.jpg
6242,938ad05abc0e425fb39cbc14bd1726a8,me-1723.jpg,~/ml4img/f4dficimg/dif_MRItumor/me-1723.jpg,static/img/938ad05abc0e425fb39cbc14bd1726a8_me-1723.jpg
6243,fa331233bdf443a4b0a15fa283944c2a,me-1727.jpg,~/ml4img/f4dficimg/dif_MRItumor/me-1727.jpg,static/img/fa331233bdf443a4b0a15fa283944c2a_me-1727.jpg
6244,c73ec151bdb94c128b68c38bdee65bb7,me-1731.jpg,~/ml4img/f4dficimg/dif_MRItumor/me-1731.jpg,static/img/c73ec151bdb94c128b68c38bdee65bb7_me-1731.jpg
6245,e4a606b2ded74b64b90db55a1c6a3b43,me-1733.jpg,~/ml4img/f4dficimg/dif_MRItumor/me-1733.jpg,static/img/e4a606b2ded74b64b90db55a1c6a3b43_me-1733.jpg
6246,26488e556b624b31b5f23f4eb252eb24,me-1734.jpg,~/ml4img/f4dficimg/dif_MRItumor/me-1734.jpg,static/img/26488e556b624b31b5f23f4eb252eb24_me-1734.jpg
6247,45468fbddc414f329054a8b37319eb2d,me-1736.jpg,~/ml4img/f4dficimg/dif_MRItumor/me-1736.jpg,static/img/45468fbddc414f329054a8b37319eb2d_me-1736.jpg
6248,85e92ccef82b4f958c03c6d1ffff56d5,me-1742.jpg,~/ml4img/f4dficimg/dif_MRItumor/me-1742.jpg,static/img/85e92ccef82b4f958c03c6d1ffff56d5_me-1742.jpg
6249,699ac68e76044b9caf910671a4ee1d97,me-1748.jpg,~/ml4img/f4dficimg/dif_MRItumor/me-1748.jpg,static/img/699ac68e76044b9caf910671a4ee1d97_me-1748.jpg
6250,26ca1bea9fe04e93a41f32dc06d6109d,me-1749.jpg,~/ml4img/f4dficimg/dif_MRItumor/me-1749.jpg,static/img/26ca1bea9fe04e93a41f32dc06d6109d_me-1749.jpg
6251,7be606419cc4441a9308c9fdd66cac5e,me-1750.jpg,~/ml4img/f4dficimg/dif_MRItumor/me-1750.jpg,static/img/7be606419cc4441a9308c9fdd66cac5e_me-1750.jpg
6252,85555af0beeb48d8af9405e93317900c,me-1751.jpg,~/ml4img/f4dficimg/dif_MRItumor/me-1751.jpg,static/img/85555af0beeb48d8af9405e93317900c_me-1751.jpg
6253,0f641949a4b147ceb291cf2f13c5dac3,me-1753.jpg,~/ml4img/f4dficimg/dif_MRItumor/me-1753.jpg,static/img/0f641949a4b147ceb291cf2f13c5dac3_me-1753.jpg
6254,730d8f8e906442f3959710b8aae6471d,me-1759.jpg,~/ml4img/f4dficimg/dif_MRItumor/me-1759.jpg,static/img/730d8f8e906442f3959710b8aae6471d_me-1759.jpg
6255,b9427d2800d947fdbe72c79b3681fcd0,me-1760.jpg,~/ml4img/f4dficimg/dif_MRItumor/me-1760.jpg,static/img/b9427d2800d947fdbe72c79b3681fcd0_me-1760.jpg
6256,37394b454edd4c43b34a31db45d0eb53,me-1761.jpg,~/ml4img/f4dficimg/dif_MRItumor/me-1761.jpg,static/img/37394b454edd4c43b34a31db45d0eb53_me-1761.jpg
6257,09f3c7e7e144423f90a8051a0d2836e1,me-1762.jpg,~/ml4img/f4dficimg/dif_MRItumor/me-1762.jpg,static/img/09f3c7e7e144423f90a8051a0d2836e1_me-1762.jpg
6258,e886db35f10146fb8a0987b0d1c1a5f3,me-1766.jpg,~/ml4img/f4dficimg/dif_MRItumor/me-1766.jpg,static/img/e886db35f10146fb8a0987b0d1c1a5f3_me-1766.jpg
6259,22864c67bb0546eba68f26e43a80fbb7,me-1768.jpg,~/ml4img/f4dficimg/dif_MRItumor/me-1768.jpg,static/img/22864c67bb0546eba68f26e43a80fbb7_me-1768.jpg
6260,3b32a1122c354eb1a8b0e97e90a2c32b,me-1770.jpg,~/ml4img/f4dficimg/dif_MRItumor/me-1770.jpg,static/img/3b32a1122c354eb1a8b0e97e90a2c32b_me-1770.jpg
6261,b6ed72d475114c40ad0f8911cbc93a65,me-1771.jpg,~/ml4img/f4dficimg/dif_MRItumor/me-1771.jpg,static/img/b6ed72d475114c40ad0f8911cbc93a65_me-1771.jpg
6262,10e920dc6aae48c3917941309964c4e0,no-0005.jpg,~/ml4img/f4dficimg/dif_MRItumor/no-0005.jpg,static/img/10e920dc6aae48c3917941309964c4e0_no-0005.jpg
6263,ec08a37e0fd947edbd4850892a81f4e3,no-0007.jpg,~/ml4img/f4dficimg/dif_MRItumor/no-0007.jpg,static/img/ec08a37e0fd947edbd4850892a81f4e3_no-0007.jpg
6264,8e2068be28a64a6581b1b761c9b7fbb4,no-0008.jpg,~/ml4img/f4dficimg/dif_MRItumor/no-0008.jpg,static/img/8e2068be28a64a6581b1b761c9b7fbb4_no-0008.jpg
6265,055fad6c3c434f42aa500b36bb27c659,no-0017.jpg,~/ml4img/f4dficimg/dif_MRItumor/no-0017.jpg,static/img/055fad6c3c434f42aa500b36bb27c659_no-0017.jpg
6266,ac0b4496b3fa4d9fb89056867ce2c4d9,no-0023.jpg,~/ml4img/f4dficimg/dif_MRItumor/no-0023.jpg,static/img/ac0b4496b3fa4d9fb89056867ce2c4d9_no-0023.jpg
6267,fa03a3d30274435ab046d8342518ce51,no-0027.jpg,~/ml4img/f4dficimg/dif_MRItumor/no-0027.jpg,static/img/fa03a3d30274435ab046d8342518ce51_no-0027.jpg
6268,8039a9abfb864818a0ba9c8596fb0b19,no-0031.jpg,~/ml4img/f4dficimg/dif_MRItumor/no-0031.jpg,static/img/8039a9abfb864818a0ba9c8596fb0b19_no-0031.jpg
6269,3e31005da6b94c89a0aab9251b3adde1,no-0035.jpg,~/ml4img/f4dficimg/dif_MRItumor/no-0035.jpg,static/img/3e31005da6b94c89a0aab9251b3adde1_no-0035.jpg
6270,5d81a388d89b4d1baad8bffbd77e249c,no-0048.jpg,~/ml4img/f4dficimg/dif_MRItumor/no-0048.jpg,static/img/5d81a388d89b4d1baad8bffbd77e249c_no-0048.jpg
6271,1ef075c3c270432f972a01c7e57ce756,no-0056.jpg,~/ml4img/f4dficimg/dif_MRItumor/no-0056.jpg,static/img/1ef075c3c270432f972a01c7e57ce756_no-0056.jpg
6272,69dddca57bdd488a96ad94d79b0cda8c,no-0066.jpg,~/ml4img/f4dficimg/dif_MRItumor/no-0066.jpg,static/img/69dddca57bdd488a96ad94d79b0cda8c_no-0066.jpg
6273,e10e542a42ce468abc48009cf9c6426d,no-0067.jpg,~/ml4img/f4dficimg/dif_MRItumor/no-0067.jpg,static/img/e10e542a42ce468abc48009cf9c6426d_no-0067.jpg
6274,b9ed5252627647578bb74b4be9a1f83c,no-0075.jpg,~/ml4img/f4dficimg/dif_MRItumor/no-0075.jpg,static/img/b9ed5252627647578bb74b4be9a1f83c_no-0075.jpg
6275,eb5308821a6d446cbb214e42cee162f3,no-0076.jpg,~/ml4img/f4dficimg/dif_MRItumor/no-0076.jpg,static/img/eb5308821a6d446cbb214e42cee162f3_no-0076.jpg
6276,08d62013c6be4b1ab67321dd1c6ff192,no-0082.jpg,~/ml4img/f4dficimg/dif_MRItumor/no-0082.jpg,static/img/08d62013c6be4b1ab67321dd1c6ff192_no-0082.jpg
6277,a6c0e100f59d48519b878f16f7e0b4f9,no-0120.jpg,~/ml4img/f4dficimg/dif_MRItumor/no-0120.jpg,static/img/a6c0e100f59d48519b878f16f7e0b4f9_no-0120.jpg
6278,e5293eaef086463bb053260dac5a9d87,no-0121.jpg,~/ml4img/f4dficimg/dif_MRItumor/no-0121.jpg,static/img/e5293eaef086463bb053260dac5a9d87_no-0121.jpg
6279,edd739281d80410eb87305ce3463f428,no-0124.jpg,~/ml4img/f4dficimg/dif_MRItumor/no-0124.jpg,static/img/edd739281d80410eb87305ce3463f428_no-0124.jpg
6280,79b43ef7cd38497c9e98f3e147f19dc5,no-0130.jpg,~/ml4img/f4dficimg/dif_MRItumor/no-0130.jpg,static/img/79b43ef7cd38497c9e98f3e147f19dc5_no-0130.jpg
6281,d3b5c1b7b90f4cd3aca963bc7d3493c1,no-0132.jpg,~/ml4img/f4dficimg/dif_MRItumor/no-0132.jpg,static/img/d3b5c1b7b90f4cd3aca963bc7d3493c1_no-0132.jpg
6282,ef6c8c90e368494590ccaf68a1bf73f5,no-0136.jpg,~/ml4img/f4dficimg/dif_MRItumor/no-0136.jpg,static/img/ef6c8c90e368494590ccaf68a1bf73f5_no-0136.jpg
6283,7ce98058b20f4761850ed1f9845716b7,no-0144.jpg,~/ml4img/f4dficimg/dif_MRItumor/no-0144.jpg,static/img/7ce98058b20f4761850ed1f9845716b7_no-0144.jpg
6284,95c747496419435ea6e2061d0cd7364d,no-0146.jpg,~/ml4img/f4dficimg/dif_MRItumor/no-0146.jpg,static/img/95c747496419435ea6e2061d0cd7364d_no-0146.jpg
6285,292014bf9a8f4e01b845d9dabfc55a6c,no-0151.jpg,~/ml4img/f4dficimg/dif_MRItumor/no-0151.jpg,static/img/292014bf9a8f4e01b845d9dabfc55a6c_no-0151.jpg
6286,e653d79a5a304fd1bbf1d1d69fc598db,no-0168.jpg,~/ml4img/f4dficimg/dif_MRItumor/no-0168.jpg,static/img/e653d79a5a304fd1bbf1d1d69fc598db_no-0168.jpg
6287,eba5a429109349559001b870859d2cfa,no-0171.jpg,~/ml4img/f4dficimg/dif_MRItumor/no-0171.jpg,static/img/eba5a429109349559001b870859d2cfa_no-0171.jpg
6288,e1e714603bdd4a95bdf3b48d6069e0a0,no-0193.jpg,~/ml4img/f4dficimg/dif_MRItumor/no-0193.jpg,static/img/e1e714603bdd4a95bdf3b48d6069e0a0_no-0193.jpg
6289,d62f83a97ada4eb988b99a2ea28b859d,no-0200.jpg,~/ml4img/f4dficimg/dif_MRItumor/no-0200.jpg,static/img/d62f83a97ada4eb988b99a2ea28b859d_no-0200.jpg
6290,4c49ae33f9ab4c309dc0d5471b136c8a,no-0201.jpg,~/ml4img/f4dficimg/dif_MRItumor/no-0201.jpg,static/img/4c49ae33f9ab4c309dc0d5471b136c8a_no-0201.jpg
6291,b3e75545218a408bb7fceae566be5245,no-0204.jpg,~/ml4img/f4dficimg/dif_MRItumor/no-0204.jpg,static/img/b3e75545218a408bb7fceae566be5245_no-0204.jpg
6292,baebec77712745dea628c4aa21e7f7f7,no-0205.jpg,~/ml4img/f4dficimg/dif_MRItumor/no-0205.jpg,static/img/baebec77712745dea628c4aa21e7f7f7_no-0205.jpg
6293,e22b7b1fef484661b3ed8ea8503a133b,no-0207.jpg,~/ml4img/f4dficimg/dif_MRItumor/no-0207.jpg,static/img/e22b7b1fef484661b3ed8ea8503a133b_no-0207.jpg
6294,d3c8fb90d5764dc3a6545c7d22472d65,no-0208.jpg,~/ml4img/f4dficimg/dif_MRItumor/no-0208.jpg,static/img/d3c8fb90d5764dc3a6545c7d22472d65_no-0208.jpg
6295,46721e5d11dc415b96ae7c1e2b0f42ee,no-0210.jpg,~/ml4img/f4dficimg/dif_MRItumor/no-0210.jpg,static/img/46721e5d11dc415b96ae7c1e2b0f42ee_no-0210.jpg
6296,9a38cb10604142588bdbaf865987077c,no-0211.jpg,~/ml4img/f4dficimg/dif_MRItumor/no-0211.jpg,static/img/9a38cb10604142588bdbaf865987077c_no-0211.jpg
6297,4df0a0a3c45b486e854df5c68a9a5667,no-0227.jpg,~/ml4img/f4dficimg/dif_MRItumor/no-0227.jpg,static/img/4df0a0a3c45b486e854df5c68a9a5667_no-0227.jpg
6298,ebf58107b1a546209c14e17abb5c9f89,no-0231.jpg,~/ml4img/f4dficimg/dif_MRItumor/no-0231.jpg,static/img/ebf58107b1a546209c14e17abb5c9f89_no-0231.jpg
6299,2340c41533974118a7a16d2a6fa3dc03,no-0234.jpg,~/ml4img/f4dficimg/dif_MRItumor/no-0234.jpg,static/img/2340c41533974118a7a16d2a6fa3dc03_no-0234.jpg
6300,3bbdb7dda945499cbc9536566ef04be1,no-0237.jpg,~/ml4img/f4dficimg/dif_MRItumor/no-0237.jpg,static/img/3bbdb7dda945499cbc9536566ef04be1_no-0237.jpg
6301,3e352232d2b04580b539439e1cd1b5c0,no-0238.jpg,~/ml4img/f4dficimg/dif_MRItumor/no-0238.jpg,static/img/3e352232d2b04580b539439e1cd1b5c0_no-0238.jpg
6302,64afbc4ab6354c16975f11bc5132e482,no-0300.jpg,~/ml4img/f4dficimg/dif_MRItumor/no-0300.jpg,static/img/64afbc4ab6354c16975f11bc5132e482_no-0300.jpg
6303,0c7e860e58704078b244d9c70aed72cf,no-0305.jpg,~/ml4img/f4dficimg/dif_MRItumor/no-0305.jpg,static/img/0c7e860e58704078b244d9c70aed72cf_no-0305.jpg
6304,af641bbf98c64fc68912eb3ec1ba175d,no-0309.jpg,~/ml4img/f4dficimg/dif_MRItumor/no-0309.jpg,static/img/af641bbf98c64fc68912eb3ec1ba175d_no-0309.jpg
6305,ffeec2360125467a95585c4f205f8108,no-0319.jpg,~/ml4img/f4dficimg/dif_MRItumor/no-0319.jpg,static/img/ffeec2360125467a95585c4f205f8108_no-0319.jpg
6306,9323d38538a34946b47394e817349637,no-0321.jpg,~/ml4img/f4dficimg/dif_MRItumor/no-0321.jpg,static/img/9323d38538a34946b47394e817349637_no-0321.jpg
6307,51b9fb4f80e04bcb8d5a171ce060f9e9,no-0356.jpg,~/ml4img/f4dficimg/dif_MRItumor/no-0356.jpg,static/img/51b9fb4f80e04bcb8d5a171ce060f9e9_no-0356.jpg
6308,c4f5f0ec7f5242bc93b35669eee6df38,no-0362.jpg,~/ml4img/f4dficimg/dif_MRItumor/no-0362.jpg,static/img/c4f5f0ec7f5242bc93b35669eee6df38_no-0362.jpg
6309,907ab161b05c42998d4c10a304a1615c,no-0390.jpg,~/ml4img/f4dficimg/dif_MRItumor/no-0390.jpg,static/img/907ab161b05c42998d4c10a304a1615c_no-0390.jpg
6310,8580a90981d14b869b473d5dacaccd04,no-0397.jpg,~/ml4img/f4dficimg/dif_MRItumor/no-0397.jpg,static/img/8580a90981d14b869b473d5dacaccd04_no-0397.jpg
6311,cd886085e3d64cc889d3adc73cfe8066,no-0400.jpg,~/ml4img/f4dficimg/dif_MRItumor/no-0400.jpg,static/img/cd886085e3d64cc889d3adc73cfe8066_no-0400.jpg
6312,bccdf9371c0b42ff9c2f3a4e5642c978,no-0409.jpg,~/ml4img/f4dficimg/dif_MRItumor/no-0409.jpg,static/img/bccdf9371c0b42ff9c2f3a4e5642c978_no-0409.jpg
6313,64eecc09a78c4681a89c220fb5a34294,no-0415.jpg,~/ml4img/f4dficimg/dif_MRItumor/no-0415.jpg,static/img/64eecc09a78c4681a89c220fb5a34294_no-0415.jpg
6314,f78813e65aae430598c112a618c81438,no-0418.jpg,~/ml4img/f4dficimg/dif_MRItumor/no-0418.jpg,static/img/f78813e65aae430598c112a618c81438_no-0418.jpg
6315,54e96972e645474686fc3d20984089c9,no-0420.jpg,~/ml4img/f4dficimg/dif_MRItumor/no-0420.jpg,static/img/54e96972e645474686fc3d20984089c9_no-0420.jpg
6316,00c0239d45bb4232914c1815974a4505,no-0424.jpg,~/ml4img/f4dficimg/dif_MRItumor/no-0424.jpg,static/img/00c0239d45bb4232914c1815974a4505_no-0424.jpg
6317,0176962f456546d38bf169e71ebe8246,no-0430.jpg,~/ml4img/f4dficimg/dif_MRItumor/no-0430.jpg,static/img/0176962f456546d38bf169e71ebe8246_no-0430.jpg
6318,79882e02075640b0b37f04f6617e9cb3,no-0443.jpg,~/ml4img/f4dficimg/dif_MRItumor/no-0443.jpg,static/img/79882e02075640b0b37f04f6617e9cb3_no-0443.jpg
6319,f2138cdba77b4915a63a8bbb3aa81a8f,no-0445.jpg,~/ml4img/f4dficimg/dif_MRItumor/no-0445.jpg,static/img/f2138cdba77b4915a63a8bbb3aa81a8f_no-0445.jpg
6320,3c66184404fc4a9097309c4980d0355f,no-0461.jpg,~/ml4img/f4dficimg/dif_MRItumor/no-0461.jpg,static/img/3c66184404fc4a9097309c4980d0355f_no-0461.jpg
6321,ddb459018e6d442d995dbc6e7e463838,no-0463.jpg,~/ml4img/f4dficimg/dif_MRItumor/no-0463.jpg,static/img/ddb459018e6d442d995dbc6e7e463838_no-0463.jpg
6322,16e39b0923df4737ac031416d1b75c8e,no-0468.jpg,~/ml4img/f4dficimg/dif_MRItumor/no-0468.jpg,static/img/16e39b0923df4737ac031416d1b75c8e_no-0468.jpg
6323,bac9cb29c4bd42b39f8b85474a23d391,no-0471.jpg,~/ml4img/f4dficimg/dif_MRItumor/no-0471.jpg,static/img/bac9cb29c4bd42b39f8b85474a23d391_no-0471.jpg
6324,35824251385040afb0a1a11522eb6f4e,no-0480.jpg,~/ml4img/f4dficimg/dif_MRItumor/no-0480.jpg,static/img/35824251385040afb0a1a11522eb6f4e_no-0480.jpg
6325,33b5c1c1c08d432b9ea2d26da2374288,no-0483.jpg,~/ml4img/f4dficimg/dif_MRItumor/no-0483.jpg,static/img/33b5c1c1c08d432b9ea2d26da2374288_no-0483.jpg
6326,6c8a0694717d43b0a0afa3c7c438deae,no-0489.jpg,~/ml4img/f4dficimg/dif_MRItumor/no-0489.jpg,static/img/6c8a0694717d43b0a0afa3c7c438deae_no-0489.jpg
6327,91c6a84774994aef8a021fdae0299745,no-0491.jpg,~/ml4img/f4dficimg/dif_MRItumor/no-0491.jpg,static/img/91c6a84774994aef8a021fdae0299745_no-0491.jpg
6328,63ea1d0b985743c5bdb985fb36ce22b9,no-0493.jpg,~/ml4img/f4dficimg/dif_MRItumor/no-0493.jpg,static/img/63ea1d0b985743c5bdb985fb36ce22b9_no-0493.jpg
6329,2cc1dea0d92244bfbd22544282f0e157,no-0497.jpg,~/ml4img/f4dficimg/dif_MRItumor/no-0497.jpg,static/img/2cc1dea0d92244bfbd22544282f0e157_no-0497.jpg
6330,0c0e944bdaa64252a178ec00cf4b4ef6,no-0498.jpg,~/ml4img/f4dficimg/dif_MRItumor/no-0498.jpg,static/img/0c0e944bdaa64252a178ec00cf4b4ef6_no-0498.jpg
6331,38fd93ddd8a3423cb42a09642d3ec7c9,no-0500.jpg,~/ml4img/f4dficimg/dif_MRItumor/no-0500.jpg,static/img/38fd93ddd8a3423cb42a09642d3ec7c9_no-0500.jpg
6332,2db05cb9479c450db59bce96e8d8219c,no-0531.jpg,~/ml4img/f4dficimg/dif_MRItumor/no-0531.jpg,static/img/2db05cb9479c450db59bce96e8d8219c_no-0531.jpg
6333,7f47c6ec005849208c9a61e0bead0267,no-0536.jpg,~/ml4img/f4dficimg/dif_MRItumor/no-0536.jpg,static/img/7f47c6ec005849208c9a61e0bead0267_no-0536.jpg
6334,2ff14081d8cb47c894153d6dd2489fc5,no-0551.jpg,~/ml4img/f4dficimg/dif_MRItumor/no-0551.jpg,static/img/2ff14081d8cb47c894153d6dd2489fc5_no-0551.jpg
6335,e7bda8aa82dc443fb5959cee9ffe5ef4,no-0558.jpg,~/ml4img/f4dficimg/dif_MRItumor/no-0558.jpg,static/img/e7bda8aa82dc443fb5959cee9ffe5ef4_no-0558.jpg
6336,aa4f2f4ba9f548ab8705b73deb923554,no-0559.jpg,~/ml4img/f4dficimg/dif_MRItumor/no-0559.jpg,static/img/aa4f2f4ba9f548ab8705b73deb923554_no-0559.jpg
6337,27600968d25c42f99aa7bb58901b4ba1,no-0560.jpg,~/ml4img/f4dficimg/dif_MRItumor/no-0560.jpg,static/img/27600968d25c42f99aa7bb58901b4ba1_no-0560.jpg
6338,87520a6c888449b9a3b3c7e0db3275c0,no-0561.jpg,~/ml4img/f4dficimg/dif_MRItumor/no-0561.jpg,static/img/87520a6c888449b9a3b3c7e0db3275c0_no-0561.jpg
6339,cdf7893acc2c4cdfa059c5cb9999565e,no-0570.jpg,~/ml4img/f4dficimg/dif_MRItumor/no-0570.jpg,static/img/cdf7893acc2c4cdfa059c5cb9999565e_no-0570.jpg
6340,f7700783b75e4f1cb8323262d5c312e1,no-0580.jpg,~/ml4img/f4dficimg/dif_MRItumor/no-0580.jpg,static/img/f7700783b75e4f1cb8323262d5c312e1_no-0580.jpg
6341,36f0ff1a3c5641e0bc67078c548ba6fa,no-0593.jpg,~/ml4img/f4dficimg/dif_MRItumor/no-0593.jpg,static/img/36f0ff1a3c5641e0bc67078c548ba6fa_no-0593.jpg
6342,5a85132d71114141b446b5be3b88dd2f,no-0594.jpg,~/ml4img/f4dficimg/dif_MRItumor/no-0594.jpg,static/img/5a85132d71114141b446b5be3b88dd2f_no-0594.jpg
6343,1eaf915d01d54c3cb76f0b0e32a8f19d,no-0599.jpg,~/ml4img/f4dficimg/dif_MRItumor/no-0599.jpg,static/img/1eaf915d01d54c3cb76f0b0e32a8f19d_no-0599.jpg
6344,59c5acf3164f405799f5b11a5ecef568,no-0600.jpg,~/ml4img/f4dficimg/dif_MRItumor/no-0600.jpg,static/img/59c5acf3164f405799f5b11a5ecef568_no-0600.jpg
6345,79431dd3e7624e06bec57133af004c69,no-0608.jpg,~/ml4img/f4dficimg/dif_MRItumor/no-0608.jpg,static/img/79431dd3e7624e06bec57133af004c69_no-0608.jpg
6346,0d5b14ebd28c43808b45c9cfaa36b0ba,no-0612.jpg,~/ml4img/f4dficimg/dif_MRItumor/no-0612.jpg,static/img/0d5b14ebd28c43808b45c9cfaa36b0ba_no-0612.jpg
6347,752557bf1bbb4235b2af109d564c47b6,no-0615.jpg,~/ml4img/f4dficimg/dif_MRItumor/no-0615.jpg,static/img/752557bf1bbb4235b2af109d564c47b6_no-0615.jpg
6348,604eca8b3ef5414d93ac93c92bbf5cb2,no-0618.jpg,~/ml4img/f4dficimg/dif_MRItumor/no-0618.jpg,static/img/604eca8b3ef5414d93ac93c92bbf5cb2_no-0618.jpg
6349,4df816dfa50648b2a2faa2bfe894a4f8,no-0619.jpg,~/ml4img/f4dficimg/dif_MRItumor/no-0619.jpg,static/img/4df816dfa50648b2a2faa2bfe894a4f8_no-0619.jpg
6350,48ffe7597cf64120a8c2c0bb54e63a36,no-0622.jpg,~/ml4img/f4dficimg/dif_MRItumor/no-0622.jpg,static/img/48ffe7597cf64120a8c2c0bb54e63a36_no-0622.jpg
6351,2386f507f22148009b58e7e6e848adec,no-0624.jpg,~/ml4img/f4dficimg/dif_MRItumor/no-0624.jpg,static/img/2386f507f22148009b58e7e6e848adec_no-0624.jpg
6352,126ac3668e5c472d8eabd172da207b47,no-0628.jpg,~/ml4img/f4dficimg/dif_MRItumor/no-0628.jpg,static/img/126ac3668e5c472d8eabd172da207b47_no-0628.jpg
6353,6eb483f303964bdf8935c9691047a929,no-0634.jpg,~/ml4img/f4dficimg/dif_MRItumor/no-0634.jpg,static/img/6eb483f303964bdf8935c9691047a929_no-0634.jpg
6354,e0d1dd7bccee447aa1817d2bffcd4d00,no-0640.jpg,~/ml4img/f4dficimg/dif_MRItumor/no-0640.jpg,static/img/e0d1dd7bccee447aa1817d2bffcd4d00_no-0640.jpg
6355,3dc471840d9c4ec2aabc093af1df15ed,no-0644.jpg,~/ml4img/f4dficimg/dif_MRItumor/no-0644.jpg,static/img/3dc471840d9c4ec2aabc093af1df15ed_no-0644.jpg
6356,f6219b961bb54b9baaae961617038976,no-0645.jpg,~/ml4img/f4dficimg/dif_MRItumor/no-0645.jpg,static/img/f6219b961bb54b9baaae961617038976_no-0645.jpg
6357,717f9eb83de548a58fda4b19fcafb2bf,no-0649.jpg,~/ml4img/f4dficimg/dif_MRItumor/no-0649.jpg,static/img/717f9eb83de548a58fda4b19fcafb2bf_no-0649.jpg
6358,e1a3ddbf2ddc4a338e4aead55035655f,no-0652.jpg,~/ml4img/f4dficimg/dif_MRItumor/no-0652.jpg,static/img/e1a3ddbf2ddc4a338e4aead55035655f_no-0652.jpg
6359,30203a08d9e2488796aed05a2088c64e,no-0656.jpg,~/ml4img/f4dficimg/dif_MRItumor/no-0656.jpg,static/img/30203a08d9e2488796aed05a2088c64e_no-0656.jpg
6360,db15ac69b70946b098ef5cb7d3205f3c,no-0670.jpg,~/ml4img/f4dficimg/dif_MRItumor/no-0670.jpg,static/img/db15ac69b70946b098ef5cb7d3205f3c_no-0670.jpg
6361,ec394a8771a54b6898249c469a7d98d5,no-0693.jpg,~/ml4img/f4dficimg/dif_MRItumor/no-0693.jpg,static/img/ec394a8771a54b6898249c469a7d98d5_no-0693.jpg
6362,7bca2794d26f49bb918dfb1ed3c9209c,no-0698.jpg,~/ml4img/f4dficimg/dif_MRItumor/no-0698.jpg,static/img/7bca2794d26f49bb918dfb1ed3c9209c_no-0698.jpg
6363,858e5fd1fef74fc8b4cae554d7889c5f,no-0702.jpg,~/ml4img/f4dficimg/dif_MRItumor/no-0702.jpg,static/img/858e5fd1fef74fc8b4cae554d7889c5f_no-0702.jpg
6364,f82aa9f03f8a41c5a0f5ee56972d97f7,no-0713.jpg,~/ml4img/f4dficimg/dif_MRItumor/no-0713.jpg,static/img/f82aa9f03f8a41c5a0f5ee56972d97f7_no-0713.jpg
6365,943e96f659ec4bc892dd8f30f23f3dcf,no-0715.jpg,~/ml4img/f4dficimg/dif_MRItumor/no-0715.jpg,static/img/943e96f659ec4bc892dd8f30f23f3dcf_no-0715.jpg
6366,151f9b3cfe624ef592499c485913259e,no-0716.jpg,~/ml4img/f4dficimg/dif_MRItumor/no-0716.jpg,static/img/151f9b3cfe624ef592499c485913259e_no-0716.jpg
6367,f769885652a94210a53da9db710b53a2,no-0723.jpg,~/ml4img/f4dficimg/dif_MRItumor/no-0723.jpg,static/img/f769885652a94210a53da9db710b53a2_no-0723.jpg
6368,7987403fbbab467a8646661073789d9b,no-0724.jpg,~/ml4img/f4dficimg/dif_MRItumor/no-0724.jpg,static/img/7987403fbbab467a8646661073789d9b_no-0724.jpg
6369,3a33216dc1a049b1b8e5c57a4fbbaa5c,no-0726.jpg,~/ml4img/f4dficimg/dif_MRItumor/no-0726.jpg,static/img/3a33216dc1a049b1b8e5c57a4fbbaa5c_no-0726.jpg
6370,01d31111c4a0489fb344ad5956089c9b,no-0737.jpg,~/ml4img/f4dficimg/dif_MRItumor/no-0737.jpg,static/img/01d31111c4a0489fb344ad5956089c9b_no-0737.jpg
6371,1215945c6b554e7c866bfb2cb31957a5,no-0738.jpg,~/ml4img/f4dficimg/dif_MRItumor/no-0738.jpg,static/img/1215945c6b554e7c866bfb2cb31957a5_no-0738.jpg
6372,d89654de5e3e470f9f9892a210430785,no-0740.jpg,~/ml4img/f4dficimg/dif_MRItumor/no-0740.jpg,static/img/d89654de5e3e470f9f9892a210430785_no-0740.jpg
6373,6e2a337d81764a488342235d2c408a9c,no-0742.jpg,~/ml4img/f4dficimg/dif_MRItumor/no-0742.jpg,static/img/6e2a337d81764a488342235d2c408a9c_no-0742.jpg
6374,53d3356ea82c4d9d9e0e5f20d21fc6b7,no-0753.jpg,~/ml4img/f4dficimg/dif_MRItumor/no-0753.jpg,static/img/53d3356ea82c4d9d9e0e5f20d21fc6b7_no-0753.jpg
6375,82c5f6f072e14e448996911e8f2773dc,no-0757.jpg,~/ml4img/f4dficimg/dif_MRItumor/no-0757.jpg,static/img/82c5f6f072e14e448996911e8f2773dc_no-0757.jpg
6376,749e095b32734acdb61231690ad399c6,no-0769.jpg,~/ml4img/f4dficimg/dif_MRItumor/no-0769.jpg,static/img/749e095b32734acdb61231690ad399c6_no-0769.jpg
6377,9e800caec18842b8837cc992d6b79335,no-0798.jpg,~/ml4img/f4dficimg/dif_MRItumor/no-0798.jpg,static/img/9e800caec18842b8837cc992d6b79335_no-0798.jpg
6378,6c59a49b54a346eba7ad3954b72ac9b5,no-0805.jpg,~/ml4img/f4dficimg/dif_MRItumor/no-0805.jpg,static/img/6c59a49b54a346eba7ad3954b72ac9b5_no-0805.jpg
6379,ef8a75226c5042fbba6e72b084389a76,no-0811.jpg,~/ml4img/f4dficimg/dif_MRItumor/no-0811.jpg,static/img/ef8a75226c5042fbba6e72b084389a76_no-0811.jpg
6380,fefd798fe71c4bffb1f1d36d343d967c,no-0856.jpg,~/ml4img/f4dficimg/dif_MRItumor/no-0856.jpg,static/img/fefd798fe71c4bffb1f1d36d343d967c_no-0856.jpg
6381,da51015c368042c892fed136af264d1c,no-0857.jpg,~/ml4img/f4dficimg/dif_MRItumor/no-0857.jpg,static/img/da51015c368042c892fed136af264d1c_no-0857.jpg
6382,8ade6850b3ce40e09fc1817a44d8aedd,no-0865.jpg,~/ml4img/f4dficimg/dif_MRItumor/no-0865.jpg,static/img/8ade6850b3ce40e09fc1817a44d8aedd_no-0865.jpg
6383,8c0921a8006f4b17bcb2f2a8279565fe,no-0866.jpg,~/ml4img/f4dficimg/dif_MRItumor/no-0866.jpg,static/img/8c0921a8006f4b17bcb2f2a8279565fe_no-0866.jpg
6384,d611b2ddf8d142f085fbdd9f782ec7fe,no-0877.jpg,~/ml4img/f4dficimg/dif_MRItumor/no-0877.jpg,static/img/d611b2ddf8d142f085fbdd9f782ec7fe_no-0877.jpg
6385,28d9e860e1db403e94f4db88b82678d2,no-0896.jpg,~/ml4img/f4dficimg/dif_MRItumor/no-0896.jpg,static/img/28d9e860e1db403e94f4db88b82678d2_no-0896.jpg
6386,20465d899420459e8bfdea822f9a58e1,no-0901.jpg,~/ml4img/f4dficimg/dif_MRItumor/no-0901.jpg,static/img/20465d899420459e8bfdea822f9a58e1_no-0901.jpg
6387,c60f980d138447dcb78ae745fd9b3d79,no-0904.jpg,~/ml4img/f4dficimg/dif_MRItumor/no-0904.jpg,static/img/c60f980d138447dcb78ae745fd9b3d79_no-0904.jpg
6388,30a9db77af9c49ababe9c263002bed65,no-0910.jpg,~/ml4img/f4dficimg/dif_MRItumor/no-0910.jpg,static/img/30a9db77af9c49ababe9c263002bed65_no-0910.jpg
6389,3ba8eea9a3644e33a747cd939e876bfa,no-0919.jpg,~/ml4img/f4dficimg/dif_MRItumor/no-0919.jpg,static/img/3ba8eea9a3644e33a747cd939e876bfa_no-0919.jpg
6390,e3ba59bc0e5b4cce92ec5f3e0384a90b,no-0932.jpg,~/ml4img/f4dficimg/dif_MRItumor/no-0932.jpg,static/img/e3ba59bc0e5b4cce92ec5f3e0384a90b_no-0932.jpg
6391,5a61c2d90498471e92b5d944af123325,no-0955.jpg,~/ml4img/f4dficimg/dif_MRItumor/no-0955.jpg,static/img/5a61c2d90498471e92b5d944af123325_no-0955.jpg
6392,e6b4992406664dfcaaf4d884a8a579b1,no-0969.jpg,~/ml4img/f4dficimg/dif_MRItumor/no-0969.jpg,static/img/e6b4992406664dfcaaf4d884a8a579b1_no-0969.jpg
6393,e350e1cb16e14b389d4e6ddbd4df6922,no-0973.jpg,~/ml4img/f4dficimg/dif_MRItumor/no-0973.jpg,static/img/e350e1cb16e14b389d4e6ddbd4df6922_no-0973.jpg
6394,a5f23b0a920a45719d21681ceb79506c,no-0974.jpg,~/ml4img/f4dficimg/dif_MRItumor/no-0974.jpg,static/img/a5f23b0a920a45719d21681ceb79506c_no-0974.jpg
6395,89c6701f36c841e69fe734261d2036a3,no-0984.jpg,~/ml4img/f4dficimg/dif_MRItumor/no-0984.jpg,static/img/89c6701f36c841e69fe734261d2036a3_no-0984.jpg
6396,c42fe98d75634d3aaf94e17bc37eb954,no-0986.jpg,~/ml4img/f4dficimg/dif_MRItumor/no-0986.jpg,static/img/c42fe98d75634d3aaf94e17bc37eb954_no-0986.jpg
6397,cb3198c7f2314f49b7ff4dd2bdbd4333,no-0993.jpg,~/ml4img/f4dficimg/dif_MRItumor/no-0993.jpg,static/img/cb3198c7f2314f49b7ff4dd2bdbd4333_no-0993.jpg
6398,950e5c07efbc4405a1107d1120bb7a5d,no-0995.jpg,~/ml4img/f4dficimg/dif_MRItumor/no-0995.jpg,static/img/950e5c07efbc4405a1107d1120bb7a5d_no-0995.jpg
6399,df75f19007b14f5aaf4c760100d201e2,no-1002.jpg,~/ml4img/f4dficimg/dif_MRItumor/no-1002.jpg,static/img/df75f19007b14f5aaf4c760100d201e2_no-1002.jpg
6400,a9bbeda6f66044aca1222c1c53da6ca4,no-1018.jpg,~/ml4img/f4dficimg/dif_MRItumor/no-1018.jpg,static/img/a9bbeda6f66044aca1222c1c53da6ca4_no-1018.jpg
6401,15361db2a2df41cda9ee80566e33e71c,no-1038.jpg,~/ml4img/f4dficimg/dif_MRItumor/no-1038.jpg,static/img/15361db2a2df41cda9ee80566e33e71c_no-1038.jpg
6402,e821898367cc447eaafcd42239fcbe5c,no-1047.jpg,~/ml4img/f4dficimg/dif_MRItumor/no-1047.jpg,static/img/e821898367cc447eaafcd42239fcbe5c_no-1047.jpg
6403,cc869a81244a4f0095a640d376fa0d03,no-1076.jpg,~/ml4img/f4dficimg/dif_MRItumor/no-1076.jpg,static/img/cc869a81244a4f0095a640d376fa0d03_no-1076.jpg
6404,ecebfe764d8d42d78eedf21ac652db05,no-1077.jpg,~/ml4img/f4dficimg/dif_MRItumor/no-1077.jpg,static/img/ecebfe764d8d42d78eedf21ac652db05_no-1077.jpg
6405,f020858e13664e5fbf0f9608cd49285e,no-1089.jpg,~/ml4img/f4dficimg/dif_MRItumor/no-1089.jpg,static/img/f020858e13664e5fbf0f9608cd49285e_no-1089.jpg
6406,647d1003fe54462387e91775c9ed52b8,no-1091.jpg,~/ml4img/f4dficimg/dif_MRItumor/no-1091.jpg,static/img/647d1003fe54462387e91775c9ed52b8_no-1091.jpg
6407,080fc627113142469a9fb0781bf3d3a3,no-1092.jpg,~/ml4img/f4dficimg/dif_MRItumor/no-1092.jpg,static/img/080fc627113142469a9fb0781bf3d3a3_no-1092.jpg
6408,bcc66ca181e84c8886141161e37c91b8,no-1093.jpg,~/ml4img/f4dficimg/dif_MRItumor/no-1093.jpg,static/img/bcc66ca181e84c8886141161e37c91b8_no-1093.jpg
6409,a84efd3232c34bcbbaf6c62b2fa113f6,no-1096.jpg,~/ml4img/f4dficimg/dif_MRItumor/no-1096.jpg,static/img/a84efd3232c34bcbbaf6c62b2fa113f6_no-1096.jpg
6410,05838a4a830d4055a65e5e29f1c8b70b,no-1103.jpg,~/ml4img/f4dficimg/dif_MRItumor/no-1103.jpg,static/img/05838a4a830d4055a65e5e29f1c8b70b_no-1103.jpg
6411,97508226ccad467b9b31091c37a05612,no-1144.jpg,~/ml4img/f4dficimg/dif_MRItumor/no-1144.jpg,static/img/97508226ccad467b9b31091c37a05612_no-1144.jpg
6412,106adfbad8b1482cbb26095865862889,no-1156.jpg,~/ml4img/f4dficimg/dif_MRItumor/no-1156.jpg,static/img/106adfbad8b1482cbb26095865862889_no-1156.jpg
6413,cb521b43fb3143ffa588cc4c94e13b90,no-1167.jpg,~/ml4img/f4dficimg/dif_MRItumor/no-1167.jpg,static/img/cb521b43fb3143ffa588cc4c94e13b90_no-1167.jpg
6414,7f523580484d4166b9b6e41234712e4a,no-1183.jpg,~/ml4img/f4dficimg/dif_MRItumor/no-1183.jpg,static/img/7f523580484d4166b9b6e41234712e4a_no-1183.jpg
6415,08e04c2130f94f65945d0727e1d55129,no-1184.jpg,~/ml4img/f4dficimg/dif_MRItumor/no-1184.jpg,static/img/08e04c2130f94f65945d0727e1d55129_no-1184.jpg
6416,8de1a852fed9496e8424a00af651d372,no-1185.jpg,~/ml4img/f4dficimg/dif_MRItumor/no-1185.jpg,static/img/8de1a852fed9496e8424a00af651d372_no-1185.jpg
6417,8f377104a2c24b3eb32df59aaae8c450,no-1187.jpg,~/ml4img/f4dficimg/dif_MRItumor/no-1187.jpg,static/img/8f377104a2c24b3eb32df59aaae8c450_no-1187.jpg
6418,c017c27c482b4b3eb0df22e52b33db5a,no-1194.jpg,~/ml4img/f4dficimg/dif_MRItumor/no-1194.jpg,static/img/c017c27c482b4b3eb0df22e52b33db5a_no-1194.jpg
6419,094b86ab8f9e4df0b97ed54ba5cee515,no-1199.jpg,~/ml4img/f4dficimg/dif_MRItumor/no-1199.jpg,static/img/094b86ab8f9e4df0b97ed54ba5cee515_no-1199.jpg
6420,fce6f24f43ed4447b179dd0e0d85247f,no-1208.jpg,~/ml4img/f4dficimg/dif_MRItumor/no-1208.jpg,static/img/fce6f24f43ed4447b179dd0e0d85247f_no-1208.jpg
6421,90083cb582574e2d8e75b5fe354a723c,no-1220.jpg,~/ml4img/f4dficimg/dif_MRItumor/no-1220.jpg,static/img/90083cb582574e2d8e75b5fe354a723c_no-1220.jpg
6422,4e69d3ba2eee4cbe8245c5b26a7f3f54,no-1221.jpg,~/ml4img/f4dficimg/dif_MRItumor/no-1221.jpg,static/img/4e69d3ba2eee4cbe8245c5b26a7f3f54_no-1221.jpg
6423,26b2a5c2afa54ccfbbf947359080db8c,no-1232.jpg,~/ml4img/f4dficimg/dif_MRItumor/no-1232.jpg,static/img/26b2a5c2afa54ccfbbf947359080db8c_no-1232.jpg
6424,50b8136a965e4d65bb14cd92ba64f696,no-1244.jpg,~/ml4img/f4dficimg/dif_MRItumor/no-1244.jpg,static/img/50b8136a965e4d65bb14cd92ba64f696_no-1244.jpg
6425,6b85b345b47d49f19cb5f69ac3193ef5,no-1280.jpg,~/ml4img/f4dficimg/dif_MRItumor/no-1280.jpg,static/img/6b85b345b47d49f19cb5f69ac3193ef5_no-1280.jpg
6426,f824515d77c84c51aeed4bfef2cc03ef,no-1281.jpg,~/ml4img/f4dficimg/dif_MRItumor/no-1281.jpg,static/img/f824515d77c84c51aeed4bfef2cc03ef_no-1281.jpg
6427,b3bf0ceb1a334a43a956f5b5c473240c,no-1283.jpg,~/ml4img/f4dficimg/dif_MRItumor/no-1283.jpg,static/img/b3bf0ceb1a334a43a956f5b5c473240c_no-1283.jpg
6428,d7c0cb17223e4974950abbb76c06d2d6,no-1287.jpg,~/ml4img/f4dficimg/dif_MRItumor/no-1287.jpg,static/img/d7c0cb17223e4974950abbb76c06d2d6_no-1287.jpg
6429,f460c4ec29d74d918f0f952fda97211c,no-1290.jpg,~/ml4img/f4dficimg/dif_MRItumor/no-1290.jpg,static/img/f460c4ec29d74d918f0f952fda97211c_no-1290.jpg
6430,e0eda923adcd4340a380157551494fca,no-1312.jpg,~/ml4img/f4dficimg/dif_MRItumor/no-1312.jpg,static/img/e0eda923adcd4340a380157551494fca_no-1312.jpg
6431,83b7b4d21c0649be8c6283f2d800c3e2,no-1314.jpg,~/ml4img/f4dficimg/dif_MRItumor/no-1314.jpg,static/img/83b7b4d21c0649be8c6283f2d800c3e2_no-1314.jpg
6432,fcf90b5a3f3b4b0c8342d008a92086ba,no-1315.jpg,~/ml4img/f4dficimg/dif_MRItumor/no-1315.jpg,static/img/fcf90b5a3f3b4b0c8342d008a92086ba_no-1315.jpg
6433,7a9b565113b7411880b0974253d6512a,no-1331.jpg,~/ml4img/f4dficimg/dif_MRItumor/no-1331.jpg,static/img/7a9b565113b7411880b0974253d6512a_no-1331.jpg
6434,9e29ee61ee6a44f3aa4730c404840e08,no-1347.jpg,~/ml4img/f4dficimg/dif_MRItumor/no-1347.jpg,static/img/9e29ee61ee6a44f3aa4730c404840e08_no-1347.jpg
6435,28d5aad741b440178d398ff93da1dd17,no-1356.jpg,~/ml4img/f4dficimg/dif_MRItumor/no-1356.jpg,static/img/28d5aad741b440178d398ff93da1dd17_no-1356.jpg
6436,4e8e6a2f7ff5459ba8d407dc555b7d0c,no-1366.jpg,~/ml4img/f4dficimg/dif_MRItumor/no-1366.jpg,static/img/4e8e6a2f7ff5459ba8d407dc555b7d0c_no-1366.jpg
6437,c44af272f72c41d48c182c6faa728899,no-1371.jpg,~/ml4img/f4dficimg/dif_MRItumor/no-1371.jpg,static/img/c44af272f72c41d48c182c6faa728899_no-1371.jpg
6438,e2d27b46e9504f5ea580cd753df4d8c0,no-1385.jpg,~/ml4img/f4dficimg/dif_MRItumor/no-1385.jpg,static/img/e2d27b46e9504f5ea580cd753df4d8c0_no-1385.jpg
6439,42914578c4b545178f9e6532c8ac02b1,no-1391.jpg,~/ml4img/f4dficimg/dif_MRItumor/no-1391.jpg,static/img/42914578c4b545178f9e6532c8ac02b1_no-1391.jpg
6440,cf2a23f34a74495cb4bddbf1ce90fb71,no-1396.jpg,~/ml4img/f4dficimg/dif_MRItumor/no-1396.jpg,static/img/cf2a23f34a74495cb4bddbf1ce90fb71_no-1396.jpg
6441,0582793f04a646dfacc04970c8c90544,no-1397.jpg,~/ml4img/f4dficimg/dif_MRItumor/no-1397.jpg,static/img/0582793f04a646dfacc04970c8c90544_no-1397.jpg
6442,ee440134f99c48dc815fe6c84ea0345f,no-1399.jpg,~/ml4img/f4dficimg/dif_MRItumor/no-1399.jpg,static/img/ee440134f99c48dc815fe6c84ea0345f_no-1399.jpg
6443,8b730699ffd445d980901ca4c4a223e0,no-1403.jpg,~/ml4img/f4dficimg/dif_MRItumor/no-1403.jpg,static/img/8b730699ffd445d980901ca4c4a223e0_no-1403.jpg
6444,08f5dcf9934f4fd6b5ad90da916bf8e2,no-1411.jpg,~/ml4img/f4dficimg/dif_MRItumor/no-1411.jpg,static/img/08f5dcf9934f4fd6b5ad90da916bf8e2_no-1411.jpg
6445,ead39dc77a5a487b9533bb363d9a37b6,no-1412.jpg,~/ml4img/f4dficimg/dif_MRItumor/no-1412.jpg,static/img/ead39dc77a5a487b9533bb363d9a37b6_no-1412.jpg
6446,15b498553255423a90dc07a1a2c461d2,no-1416.jpg,~/ml4img/f4dficimg/dif_MRItumor/no-1416.jpg,static/img/15b498553255423a90dc07a1a2c461d2_no-1416.jpg
6447,ddc018c5b10c4bb9be856cb52f92f410,no-1417.jpg,~/ml4img/f4dficimg/dif_MRItumor/no-1417.jpg,static/img/ddc018c5b10c4bb9be856cb52f92f410_no-1417.jpg
6448,f7068da5c7c74bb2addea372d2d0fff6,no-1419.jpg,~/ml4img/f4dficimg/dif_MRItumor/no-1419.jpg,static/img/f7068da5c7c74bb2addea372d2d0fff6_no-1419.jpg
6449,fd5c5e71f0034e329e35e9008d6b538f,no-1425.jpg,~/ml4img/f4dficimg/dif_MRItumor/no-1425.jpg,static/img/fd5c5e71f0034e329e35e9008d6b538f_no-1425.jpg
6450,8db2f73cd3da4cef94679f40859f249e,no-1429.jpg,~/ml4img/f4dficimg/dif_MRItumor/no-1429.jpg,static/img/8db2f73cd3da4cef94679f40859f249e_no-1429.jpg
6451,6d238ffde6a142fe905d270dc1673360,no-1445.jpg,~/ml4img/f4dficimg/dif_MRItumor/no-1445.jpg,static/img/6d238ffde6a142fe905d270dc1673360_no-1445.jpg
6452,727f975142a546c3a9efa204a2c80612,no-1450.jpg,~/ml4img/f4dficimg/dif_MRItumor/no-1450.jpg,static/img/727f975142a546c3a9efa204a2c80612_no-1450.jpg
6453,5a1db3e77e42447aa4c44005d9cbd7f6,no-1452.jpg,~/ml4img/f4dficimg/dif_MRItumor/no-1452.jpg,static/img/5a1db3e77e42447aa4c44005d9cbd7f6_no-1452.jpg
6454,bd4ef3156669417994ec3ca6ef2618d8,no-1455.jpg,~/ml4img/f4dficimg/dif_MRItumor/no-1455.jpg,static/img/bd4ef3156669417994ec3ca6ef2618d8_no-1455.jpg
6455,7d507f9a8e8c4fcfb56caba913c5fb7e,no-1460.jpg,~/ml4img/f4dficimg/dif_MRItumor/no-1460.jpg,static/img/7d507f9a8e8c4fcfb56caba913c5fb7e_no-1460.jpg
6456,08110a4431d24d679bced1d9b22c9a91,no-1461.jpg,~/ml4img/f4dficimg/dif_MRItumor/no-1461.jpg,static/img/08110a4431d24d679bced1d9b22c9a91_no-1461.jpg
6457,00acfb597b024a199904c93231390e93,no-1465.jpg,~/ml4img/f4dficimg/dif_MRItumor/no-1465.jpg,static/img/00acfb597b024a199904c93231390e93_no-1465.jpg
6458,0b334316a5814c36a7cbb91bdfcf0a3b,no-1476.jpg,~/ml4img/f4dficimg/dif_MRItumor/no-1476.jpg,static/img/0b334316a5814c36a7cbb91bdfcf0a3b_no-1476.jpg
6459,4fce3cca13ee4584b55731c0d466f055,no-1483.jpg,~/ml4img/f4dficimg/dif_MRItumor/no-1483.jpg,static/img/4fce3cca13ee4584b55731c0d466f055_no-1483.jpg
6460,a993db1b3f124320b81d2e441f3710c5,no-1485.jpg,~/ml4img/f4dficimg/dif_MRItumor/no-1485.jpg,static/img/a993db1b3f124320b81d2e441f3710c5_no-1485.jpg
6461,930b9917077b42859abaaffdd2700afe,no-1514.jpg,~/ml4img/f4dficimg/dif_MRItumor/no-1514.jpg,static/img/930b9917077b42859abaaffdd2700afe_no-1514.jpg
6462,9ab435a9970546579eb07063cea9fe9d,no-1525.jpg,~/ml4img/f4dficimg/dif_MRItumor/no-1525.jpg,static/img/9ab435a9970546579eb07063cea9fe9d_no-1525.jpg
6463,236d5f2f3ceb4cb09ed1ed94caa3f0b8,no-1536.jpg,~/ml4img/f4dficimg/dif_MRItumor/no-1536.jpg,static/img/236d5f2f3ceb4cb09ed1ed94caa3f0b8_no-1536.jpg
6464,3589113c4a5c47edb2506c48ef8238ee,no-1549.jpg,~/ml4img/f4dficimg/dif_MRItumor/no-1549.jpg,static/img/3589113c4a5c47edb2506c48ef8238ee_no-1549.jpg
6465,23e3e6cbac4848468fa6a78d5c7bf7d1,no-1560.jpg,~/ml4img/f4dficimg/dif_MRItumor/no-1560.jpg,static/img/23e3e6cbac4848468fa6a78d5c7bf7d1_no-1560.jpg
6466,a49d342fdb6d48769e9d36f536fe1815,no-1562.jpg,~/ml4img/f4dficimg/dif_MRItumor/no-1562.jpg,static/img/a49d342fdb6d48769e9d36f536fe1815_no-1562.jpg
6467,280e9de2522844d49ed989f4b9fb7799,no-1573.jpg,~/ml4img/f4dficimg/dif_MRItumor/no-1573.jpg,static/img/280e9de2522844d49ed989f4b9fb7799_no-1573.jpg
6468,d371908bccda45f38feca413dfdc7bdf,no-1589.jpg,~/ml4img/f4dficimg/dif_MRItumor/no-1589.jpg,static/img/d371908bccda45f38feca413dfdc7bdf_no-1589.jpg
6469,6aace9691b934e93a5bf15e2dd6b0881,no-1597.jpg,~/ml4img/f4dficimg/dif_MRItumor/no-1597.jpg,static/img/6aace9691b934e93a5bf15e2dd6b0881_no-1597.jpg
6470,700dff0698014edd9fe1b9e5dc9b0e99,no-1599.jpg,~/ml4img/f4dficimg/dif_MRItumor/no-1599.jpg,static/img/700dff0698014edd9fe1b9e5dc9b0e99_no-1599.jpg
6471,85b8084659b34b9b9fffb42ecae02269,no-1601.jpg,~/ml4img/f4dficimg/dif_MRItumor/no-1601.jpg,static/img/85b8084659b34b9b9fffb42ecae02269_no-1601.jpg
6472,d50378df16d6468da073c4cd71012e5c,no-1606.jpg,~/ml4img/f4dficimg/dif_MRItumor/no-1606.jpg,static/img/d50378df16d6468da073c4cd71012e5c_no-1606.jpg
6473,2fd9bbbe23844758ba39d27324eefce0,no-1608.jpg,~/ml4img/f4dficimg/dif_MRItumor/no-1608.jpg,static/img/2fd9bbbe23844758ba39d27324eefce0_no-1608.jpg
6474,f09d092c634041f9b47e2afb9f93358e,no-1614.jpg,~/ml4img/f4dficimg/dif_MRItumor/no-1614.jpg,static/img/f09d092c634041f9b47e2afb9f93358e_no-1614.jpg
6475,7480443aa6464c79b43cd1fefe6678fb,no-1625.jpg,~/ml4img/f4dficimg/dif_MRItumor/no-1625.jpg,static/img/7480443aa6464c79b43cd1fefe6678fb_no-1625.jpg
6476,f59a15c841554272b8a044a441477c2a,no-1626.jpg,~/ml4img/f4dficimg/dif_MRItumor/no-1626.jpg,static/img/f59a15c841554272b8a044a441477c2a_no-1626.jpg
6477,02d82763514b4ead802800b129d64f50,no-1643.jpg,~/ml4img/f4dficimg/dif_MRItumor/no-1643.jpg,static/img/02d82763514b4ead802800b129d64f50_no-1643.jpg
6478,6e26a69434ae488197e764631273ed31,no-1652.jpg,~/ml4img/f4dficimg/dif_MRItumor/no-1652.jpg,static/img/6e26a69434ae488197e764631273ed31_no-1652.jpg
6479,501e3940045a4c9d95fc21302fcf51a6,no-1656.jpg,~/ml4img/f4dficimg/dif_MRItumor/no-1656.jpg,static/img/501e3940045a4c9d95fc21302fcf51a6_no-1656.jpg
6480,effe5522e0d04b749540b3cafafb6ffe,no-1673.jpg,~/ml4img/f4dficimg/dif_MRItumor/no-1673.jpg,static/img/effe5522e0d04b749540b3cafafb6ffe_no-1673.jpg
6481,0c69623d6bbd4daa98957624a2f4819e,no-1683.jpg,~/ml4img/f4dficimg/dif_MRItumor/no-1683.jpg,static/img/0c69623d6bbd4daa98957624a2f4819e_no-1683.jpg
6482,1edeaccdf7674c93a67706700fd55254,no-1687.jpg,~/ml4img/f4dficimg/dif_MRItumor/no-1687.jpg,static/img/1edeaccdf7674c93a67706700fd55254_no-1687.jpg
6483,b368d032889145e686a034b2c72dfd20,no-1689.jpg,~/ml4img/f4dficimg/dif_MRItumor/no-1689.jpg,static/img/b368d032889145e686a034b2c72dfd20_no-1689.jpg
6484,ca5f4ac618004e31af84de1d7cd52841,no-1699.jpg,~/ml4img/f4dficimg/dif_MRItumor/no-1699.jpg,static/img/ca5f4ac618004e31af84de1d7cd52841_no-1699.jpg
6485,e2c7eb7721b94c0ba6808d712375a38f,no-1701.jpg,~/ml4img/f4dficimg/dif_MRItumor/no-1701.jpg,static/img/e2c7eb7721b94c0ba6808d712375a38f_no-1701.jpg
6486,5bf73773cdfb4420ba3434a2739ae98e,no-1704.jpg,~/ml4img/f4dficimg/dif_MRItumor/no-1704.jpg,static/img/5bf73773cdfb4420ba3434a2739ae98e_no-1704.jpg
6487,f05bce3a9a3f4ff6a57a5c11a68c62d0,no-1707.jpg,~/ml4img/f4dficimg/dif_MRItumor/no-1707.jpg,static/img/f05bce3a9a3f4ff6a57a5c11a68c62d0_no-1707.jpg
6488,3d0d949ee9b848fd975457460ab3f173,no-1712.jpg,~/ml4img/f4dficimg/dif_MRItumor/no-1712.jpg,static/img/3d0d949ee9b848fd975457460ab3f173_no-1712.jpg
6489,3b908526b2f54aabafcd2a4fe765aa9b,no-1729.jpg,~/ml4img/f4dficimg/dif_MRItumor/no-1729.jpg,static/img/3b908526b2f54aabafcd2a4fe765aa9b_no-1729.jpg
6490,54e88c6bcb884cd18b39d3e4a106d04c,no-1734.jpg,~/ml4img/f4dficimg/dif_MRItumor/no-1734.jpg,static/img/54e88c6bcb884cd18b39d3e4a106d04c_no-1734.jpg
6491,de7fcd293d7d418580d1e9f98a395b1e,no-1735.jpg,~/ml4img/f4dficimg/dif_MRItumor/no-1735.jpg,static/img/de7fcd293d7d418580d1e9f98a395b1e_no-1735.jpg
6492,e2b73fb21ba241ccba201a602bd77b84,no-1743.jpg,~/ml4img/f4dficimg/dif_MRItumor/no-1743.jpg,static/img/e2b73fb21ba241ccba201a602bd77b84_no-1743.jpg
6493,f00290f28d2b41219eac9dacee0c88ee,no-1769.jpg,~/ml4img/f4dficimg/dif_MRItumor/no-1769.jpg,static/img/f00290f28d2b41219eac9dacee0c88ee_no-1769.jpg
6494,d6106fe7f76d4924bb398c6a041aa77e,no-1770.jpg,~/ml4img/f4dficimg/dif_MRItumor/no-1770.jpg,static/img/d6106fe7f76d4924bb398c6a041aa77e_no-1770.jpg
6495,b7914dd4ee20483387d24a0bc1baa519,no-1775.jpg,~/ml4img/f4dficimg/dif_MRItumor/no-1775.jpg,static/img/b7914dd4ee20483387d24a0bc1baa519_no-1775.jpg
6496,2d31225ff54c457fbdb9f21e5498680e,no-1796.jpg,~/ml4img/f4dficimg/dif_MRItumor/no-1796.jpg,static/img/2d31225ff54c457fbdb9f21e5498680e_no-1796.jpg
6497,7405d2d9ddc643528b1d8a01e7321be6,no-1802.jpg,~/ml4img/f4dficimg/dif_MRItumor/no-1802.jpg,static/img/7405d2d9ddc643528b1d8a01e7321be6_no-1802.jpg
6498,d64e9c2b8fdb41f492a900936a72287a,no-1823.jpg,~/ml4img/f4dficimg/dif_MRItumor/no-1823.jpg,static/img/d64e9c2b8fdb41f492a900936a72287a_no-1823.jpg
6499,829e2bb657b942b588b9bef0bd959422,no-1826.jpg,~/ml4img/f4dficimg/dif_MRItumor/no-1826.jpg,static/img/829e2bb657b942b588b9bef0bd959422_no-1826.jpg
6500,a7d7e056864b4cd49bd22d9433552bee,no-1843.jpg,~/ml4img/f4dficimg/dif_MRItumor/no-1843.jpg,static/img/a7d7e056864b4cd49bd22d9433552bee_no-1843.jpg
6501,d0ff4c0d3fff41cfb324f4ba13d30d09,no-1853.jpg,~/ml4img/f4dficimg/dif_MRItumor/no-1853.jpg,static/img/d0ff4c0d3fff41cfb324f4ba13d30d09_no-1853.jpg
6502,5de3c77a44884d03a11a5dc70caa497e,no-1876.jpg,~/ml4img/f4dficimg/dif_MRItumor/no-1876.jpg,static/img/5de3c77a44884d03a11a5dc70caa497e_no-1876.jpg
6503,7809a9d15d734f688fda012bbfe88287,no-1883.jpg,~/ml4img/f4dficimg/dif_MRItumor/no-1883.jpg,static/img/7809a9d15d734f688fda012bbfe88287_no-1883.jpg
6504,9307b2387ff84c2fbb64fe689ad8a96a,no-1884.jpg,~/ml4img/f4dficimg/dif_MRItumor/no-1884.jpg,static/img/9307b2387ff84c2fbb64fe689ad8a96a_no-1884.jpg
6505,00855316dada413dad08454d20f7e2ea,no-1890.jpg,~/ml4img/f4dficimg/dif_MRItumor/no-1890.jpg,static/img/00855316dada413dad08454d20f7e2ea_no-1890.jpg
6506,593be72e5e424838b868c432439bdd9d,no-1896.jpg,~/ml4img/f4dficimg/dif_MRItumor/no-1896.jpg,static/img/593be72e5e424838b868c432439bdd9d_no-1896.jpg
6507,5c43ce34d65b466cb0f17087533f8c33,no-1911.jpg,~/ml4img/f4dficimg/dif_MRItumor/no-1911.jpg,static/img/5c43ce34d65b466cb0f17087533f8c33_no-1911.jpg
6508,ec6327d3118a43c38276194f6c755adf,no-1913.jpg,~/ml4img/f4dficimg/dif_MRItumor/no-1913.jpg,static/img/ec6327d3118a43c38276194f6c755adf_no-1913.jpg
6509,2b61c6273ae64c3e8ac66754efd2233c,no-1919.jpg,~/ml4img/f4dficimg/dif_MRItumor/no-1919.jpg,static/img/2b61c6273ae64c3e8ac66754efd2233c_no-1919.jpg
6510,c8a8042fe0db4dd4b2424a58210d6cef,no-1920.jpg,~/ml4img/f4dficimg/dif_MRItumor/no-1920.jpg,static/img/c8a8042fe0db4dd4b2424a58210d6cef_no-1920.jpg
6511,f6161d48aec44b3cae2b9b9ebecb2032,no-1923.jpg,~/ml4img/f4dficimg/dif_MRItumor/no-1923.jpg,static/img/f6161d48aec44b3cae2b9b9ebecb2032_no-1923.jpg
6512,17d103ebb9524c5f99d7ccc1fd298ae0,no-1924.jpg,~/ml4img/f4dficimg/dif_MRItumor/no-1924.jpg,static/img/17d103ebb9524c5f99d7ccc1fd298ae0_no-1924.jpg
6513,6d9a34dfafa049968f71899e8465218e,no-1925.jpg,~/ml4img/f4dficimg/dif_MRItumor/no-1925.jpg,static/img/6d9a34dfafa049968f71899e8465218e_no-1925.jpg
6514,b96f410e01694de38eed63a84bf50718,no-1927.jpg,~/ml4img/f4dficimg/dif_MRItumor/no-1927.jpg,static/img/b96f410e01694de38eed63a84bf50718_no-1927.jpg
6515,b87223d2fde64b7b8cb301316baa55a9,no-1931.jpg,~/ml4img/f4dficimg/dif_MRItumor/no-1931.jpg,static/img/b87223d2fde64b7b8cb301316baa55a9_no-1931.jpg
6516,d5502d62258447aa8e6a47b0414824cf,no-1932.jpg,~/ml4img/f4dficimg/dif_MRItumor/no-1932.jpg,static/img/d5502d62258447aa8e6a47b0414824cf_no-1932.jpg
6517,ccc15edee4c647b1886a2c1d9596fa7b,no-1935.jpg,~/ml4img/f4dficimg/dif_MRItumor/no-1935.jpg,static/img/ccc15edee4c647b1886a2c1d9596fa7b_no-1935.jpg
6518,a600f663a36d4713864e2c63015a4e9e,no-1937.jpg,~/ml4img/f4dficimg/dif_MRItumor/no-1937.jpg,static/img/a600f663a36d4713864e2c63015a4e9e_no-1937.jpg
6519,2bdeb01e9db942df88241d97cdb54979,no-1952.jpg,~/ml4img/f4dficimg/dif_MRItumor/no-1952.jpg,static/img/2bdeb01e9db942df88241d97cdb54979_no-1952.jpg
6520,3959749398e8453593781251b73317e8,no-1988.jpg,~/ml4img/f4dficimg/dif_MRItumor/no-1988.jpg,static/img/3959749398e8453593781251b73317e8_no-1988.jpg
6521,0ac14beecde54db2a92292ac373d985f,no-1998.jpg,~/ml4img/f4dficimg/dif_MRItumor/no-1998.jpg,static/img/0ac14beecde54db2a92292ac373d985f_no-1998.jpg
6522,a3ce7b83c31b402cb54f0d7d0f4ed0f9,pi-0008.jpg,~/ml4img/f4dficimg/dif_MRItumor/pi-0008.jpg,static/img/a3ce7b83c31b402cb54f0d7d0f4ed0f9_pi-0008.jpg
6523,3c58e58396de48d6b9497850fb654394,pi-0010.jpg,~/ml4img/f4dficimg/dif_MRItumor/pi-0010.jpg,static/img/3c58e58396de48d6b9497850fb654394_pi-0010.jpg
6524,a9ed746181dc49709f30137dd3e90fde,pi-0018.jpg,~/ml4img/f4dficimg/dif_MRItumor/pi-0018.jpg,static/img/a9ed746181dc49709f30137dd3e90fde_pi-0018.jpg
6525,bdfae337653542af8e765e89a89ba16f,pi-0024.jpg,~/ml4img/f4dficimg/dif_MRItumor/pi-0024.jpg,static/img/bdfae337653542af8e765e89a89ba16f_pi-0024.jpg
6526,9d7ff193764148eda9f81919d4ca7e1e,pi-0026.jpg,~/ml4img/f4dficimg/dif_MRItumor/pi-0026.jpg,static/img/9d7ff193764148eda9f81919d4ca7e1e_pi-0026.jpg
6527,50468d372748422ebfef4c590512668d,pi-0030.jpg,~/ml4img/f4dficimg/dif_MRItumor/pi-0030.jpg,static/img/50468d372748422ebfef4c590512668d_pi-0030.jpg
6528,d782e7f0362446d89001a5743849b6c8,pi-0031.jpg,~/ml4img/f4dficimg/dif_MRItumor/pi-0031.jpg,static/img/d782e7f0362446d89001a5743849b6c8_pi-0031.jpg
6529,ba20fb89ce284d12a42dd83bf2955644,pi-0033.jpg,~/ml4img/f4dficimg/dif_MRItumor/pi-0033.jpg,static/img/ba20fb89ce284d12a42dd83bf2955644_pi-0033.jpg
6530,548a83e79457439da2ba4e56556d50b2,pi-0036.jpg,~/ml4img/f4dficimg/dif_MRItumor/pi-0036.jpg,static/img/548a83e79457439da2ba4e56556d50b2_pi-0036.jpg
6531,fff50253e3d64441b8ca34af1bdc1231,pi-0041.jpg,~/ml4img/f4dficimg/dif_MRItumor/pi-0041.jpg,static/img/fff50253e3d64441b8ca34af1bdc1231_pi-0041.jpg
6532,fd8674c28def4edab3e553bac8121c51,pi-0046.jpg,~/ml4img/f4dficimg/dif_MRItumor/pi-0046.jpg,static/img/fd8674c28def4edab3e553bac8121c51_pi-0046.jpg
6533,0b410c9abdf94056acb0c6faad9cc7f5,pi-0048.jpg,~/ml4img/f4dficimg/dif_MRItumor/pi-0048.jpg,static/img/0b410c9abdf94056acb0c6faad9cc7f5_pi-0048.jpg
6534,9b949819ce874e95a2962c6dcaa5d397,pi-0056.jpg,~/ml4img/f4dficimg/dif_MRItumor/pi-0056.jpg,static/img/9b949819ce874e95a2962c6dcaa5d397_pi-0056.jpg
6535,8c262262592642d9aa066d84c57448e3,pi-0061.jpg,~/ml4img/f4dficimg/dif_MRItumor/pi-0061.jpg,static/img/8c262262592642d9aa066d84c57448e3_pi-0061.jpg
6536,122b157550c64b3197a9cd6196ece25b,pi-0062.jpg,~/ml4img/f4dficimg/dif_MRItumor/pi-0062.jpg,static/img/122b157550c64b3197a9cd6196ece25b_pi-0062.jpg
6537,33a04e309ba84e2aa09b3a070f9870dd,pi-0063.jpg,~/ml4img/f4dficimg/dif_MRItumor/pi-0063.jpg,static/img/33a04e309ba84e2aa09b3a070f9870dd_pi-0063.jpg
6538,b03a49ecc714441589dc8f0c255638eb,pi-0064.jpg,~/ml4img/f4dficimg/dif_MRItumor/pi-0064.jpg,static/img/b03a49ecc714441589dc8f0c255638eb_pi-0064.jpg
6539,531d6f8e541443dfbbffd6809e1984fb,pi-0065.jpg,~/ml4img/f4dficimg/dif_MRItumor/pi-0065.jpg,static/img/531d6f8e541443dfbbffd6809e1984fb_pi-0065.jpg
6540,3a66a1080e744adc9d6c8081d84f0d95,pi-0066.jpg,~/ml4img/f4dficimg/dif_MRItumor/pi-0066.jpg,static/img/3a66a1080e744adc9d6c8081d84f0d95_pi-0066.jpg
6541,286b941d36fe4e149c5d0450ab8fbc0c,pi-0089.jpg,~/ml4img/f4dficimg/dif_MRItumor/pi-0089.jpg,static/img/286b941d36fe4e149c5d0450ab8fbc0c_pi-0089.jpg
6542,a1fa81d500a0424f9cbc7c436d65ee7e,pi-0094.jpg,~/ml4img/f4dficimg/dif_MRItumor/pi-0094.jpg,static/img/a1fa81d500a0424f9cbc7c436d65ee7e_pi-0094.jpg
6543,1872ffc00ba24bfabedbda6981945e73,pi-0096.jpg,~/ml4img/f4dficimg/dif_MRItumor/pi-0096.jpg,static/img/1872ffc00ba24bfabedbda6981945e73_pi-0096.jpg
6544,30c6f4887c6440f9924b9032002a60da,pi-0100.jpg,~/ml4img/f4dficimg/dif_MRItumor/pi-0100.jpg,static/img/30c6f4887c6440f9924b9032002a60da_pi-0100.jpg
6545,57d0a273428842cdb9d0727169ab1b83,pi-0114.jpg,~/ml4img/f4dficimg/dif_MRItumor/pi-0114.jpg,static/img/57d0a273428842cdb9d0727169ab1b83_pi-0114.jpg
6546,57cee8f1fc684d179f1d3ff4c431602a,pi-0117.jpg,~/ml4img/f4dficimg/dif_MRItumor/pi-0117.jpg,static/img/57cee8f1fc684d179f1d3ff4c431602a_pi-0117.jpg
6547,397ff661133f417e83c28e4cd1d7ae33,pi-0118.jpg,~/ml4img/f4dficimg/dif_MRItumor/pi-0118.jpg,static/img/397ff661133f417e83c28e4cd1d7ae33_pi-0118.jpg
6548,9393a5e1fbcf4105b84f63c07d355d70,pi-0124.jpg,~/ml4img/f4dficimg/dif_MRItumor/pi-0124.jpg,static/img/9393a5e1fbcf4105b84f63c07d355d70_pi-0124.jpg
6549,d050ecbd059946aca4b0644b0217f51b,pi-0127.jpg,~/ml4img/f4dficimg/dif_MRItumor/pi-0127.jpg,static/img/d050ecbd059946aca4b0644b0217f51b_pi-0127.jpg
6550,f7b5c796bcdf48f8a841ca53201a3644,pi-0137.jpg,~/ml4img/f4dficimg/dif_MRItumor/pi-0137.jpg,static/img/f7b5c796bcdf48f8a841ca53201a3644_pi-0137.jpg
6551,cdcfcb6ed80c47ccb02bedd47676c4f4,pi-0138.jpg,~/ml4img/f4dficimg/dif_MRItumor/pi-0138.jpg,static/img/cdcfcb6ed80c47ccb02bedd47676c4f4_pi-0138.jpg
6552,617c85c2b98548c69c5f9b9d0a49b682,pi-0139.jpg,~/ml4img/f4dficimg/dif_MRItumor/pi-0139.jpg,static/img/617c85c2b98548c69c5f9b9d0a49b682_pi-0139.jpg
6553,fa895008900d4ab5a281a66d1ae804ce,pi-0144.jpg,~/ml4img/f4dficimg/dif_MRItumor/pi-0144.jpg,static/img/fa895008900d4ab5a281a66d1ae804ce_pi-0144.jpg
6554,e8b4628ee1184047b9bfb35d414a4409,pi-0149.jpg,~/ml4img/f4dficimg/dif_MRItumor/pi-0149.jpg,static/img/e8b4628ee1184047b9bfb35d414a4409_pi-0149.jpg
6555,6ef7500210084be58b6167eea52cfbe0,pi-0151.jpg,~/ml4img/f4dficimg/dif_MRItumor/pi-0151.jpg,static/img/6ef7500210084be58b6167eea52cfbe0_pi-0151.jpg
6556,6bbe71d4a4c6417e8b81c2444f0dbb09,pi-0154.jpg,~/ml4img/f4dficimg/dif_MRItumor/pi-0154.jpg,static/img/6bbe71d4a4c6417e8b81c2444f0dbb09_pi-0154.jpg
6557,0f61cf4286244ea1be3ad0e8c4a62ced,pi-0155.jpg,~/ml4img/f4dficimg/dif_MRItumor/pi-0155.jpg,static/img/0f61cf4286244ea1be3ad0e8c4a62ced_pi-0155.jpg
6558,c84288376401432b885b3616833c1e3f,pi-0159.jpg,~/ml4img/f4dficimg/dif_MRItumor/pi-0159.jpg,static/img/c84288376401432b885b3616833c1e3f_pi-0159.jpg
6559,44883413871f449c834f253b2c1275b7,pi-0160.jpg,~/ml4img/f4dficimg/dif_MRItumor/pi-0160.jpg,static/img/44883413871f449c834f253b2c1275b7_pi-0160.jpg
6560,fb68bbcd3c954f25908cbbb36bcac31a,pi-0198.jpg,~/ml4img/f4dficimg/dif_MRItumor/pi-0198.jpg,static/img/fb68bbcd3c954f25908cbbb36bcac31a_pi-0198.jpg
6561,ad8b1ecb73a344c0bfb13db9f0415d43,pi-0205.jpg,~/ml4img/f4dficimg/dif_MRItumor/pi-0205.jpg,static/img/ad8b1ecb73a344c0bfb13db9f0415d43_pi-0205.jpg
6562,2a3c524489664ee4a9058e8bd70a6a44,pi-0226.jpg,~/ml4img/f4dficimg/dif_MRItumor/pi-0226.jpg,static/img/2a3c524489664ee4a9058e8bd70a6a44_pi-0226.jpg
6563,30d7335a165c43cd8790a67287b9157f,pi-0239.jpg,~/ml4img/f4dficimg/dif_MRItumor/pi-0239.jpg,static/img/30d7335a165c43cd8790a67287b9157f_pi-0239.jpg
6564,04ebc5b5dee340518a04c520cdf15b1d,pi-0248.jpg,~/ml4img/f4dficimg/dif_MRItumor/pi-0248.jpg,static/img/04ebc5b5dee340518a04c520cdf15b1d_pi-0248.jpg
6565,a5fbc6a5886b4c9b830fa9fb52c08218,pi-0249.jpg,~/ml4img/f4dficimg/dif_MRItumor/pi-0249.jpg,static/img/a5fbc6a5886b4c9b830fa9fb52c08218_pi-0249.jpg
6566,7326d300496c496e9ba1605aed6a0907,pi-0251.jpg,~/ml4img/f4dficimg/dif_MRItumor/pi-0251.jpg,static/img/7326d300496c496e9ba1605aed6a0907_pi-0251.jpg
6567,384fd3715a0242be99591ebdccb30141,pi-0260.jpg,~/ml4img/f4dficimg/dif_MRItumor/pi-0260.jpg,static/img/384fd3715a0242be99591ebdccb30141_pi-0260.jpg
6568,c426445ebb3244999f5c5a85ed148ae7,pi-0275.jpg,~/ml4img/f4dficimg/dif_MRItumor/pi-0275.jpg,static/img/c426445ebb3244999f5c5a85ed148ae7_pi-0275.jpg
6569,1528d5b98451469e8b0d5923a2679a63,pi-0276.jpg,~/ml4img/f4dficimg/dif_MRItumor/pi-0276.jpg,static/img/1528d5b98451469e8b0d5923a2679a63_pi-0276.jpg
6570,7970a0bdff684eb7bd35138fb1e84c0e,pi-0279.jpg,~/ml4img/f4dficimg/dif_MRItumor/pi-0279.jpg,static/img/7970a0bdff684eb7bd35138fb1e84c0e_pi-0279.jpg
6571,580119f4729f4739be35b7f6b263d6f4,pi-0284.jpg,~/ml4img/f4dficimg/dif_MRItumor/pi-0284.jpg,static/img/580119f4729f4739be35b7f6b263d6f4_pi-0284.jpg
6572,e6ddc1e685ec4217a44a40268f919514,pi-0287.jpg,~/ml4img/f4dficimg/dif_MRItumor/pi-0287.jpg,static/img/e6ddc1e685ec4217a44a40268f919514_pi-0287.jpg
6573,3917845c0822417c87f0b2672ba07b83,pi-0296.jpg,~/ml4img/f4dficimg/dif_MRItumor/pi-0296.jpg,static/img/3917845c0822417c87f0b2672ba07b83_pi-0296.jpg
6574,77301387002a491ca1c80733695bb2c2,pi-0304.jpg,~/ml4img/f4dficimg/dif_MRItumor/pi-0304.jpg,static/img/77301387002a491ca1c80733695bb2c2_pi-0304.jpg
6575,f6506162b8134dae9aaa273fdd971192,pi-0311.jpg,~/ml4img/f4dficimg/dif_MRItumor/pi-0311.jpg,static/img/f6506162b8134dae9aaa273fdd971192_pi-0311.jpg
6576,cf7330d5d47f43798a724cdb7785bd4b,pi-0312.jpg,~/ml4img/f4dficimg/dif_MRItumor/pi-0312.jpg,static/img/cf7330d5d47f43798a724cdb7785bd4b_pi-0312.jpg
6577,7d61f82a45ef4fc486dc20b8f1d8bc52,pi-0318.jpg,~/ml4img/f4dficimg/dif_MRItumor/pi-0318.jpg,static/img/7d61f82a45ef4fc486dc20b8f1d8bc52_pi-0318.jpg
6578,41ae3324c9c4462fa9be309b0721fce9,pi-0335.jpg,~/ml4img/f4dficimg/dif_MRItumor/pi-0335.jpg,static/img/41ae3324c9c4462fa9be309b0721fce9_pi-0335.jpg
6579,a2d98b00f12841cfb3ee42e955c1166d,pi-0337.jpg,~/ml4img/f4dficimg/dif_MRItumor/pi-0337.jpg,static/img/a2d98b00f12841cfb3ee42e955c1166d_pi-0337.jpg
6580,594641c489424dee9bac470e1a73511e,pi-0351.jpg,~/ml4img/f4dficimg/dif_MRItumor/pi-0351.jpg,static/img/594641c489424dee9bac470e1a73511e_pi-0351.jpg
6581,2dc37d2543dc488ea12592c9591cce89,pi-0353.jpg,~/ml4img/f4dficimg/dif_MRItumor/pi-0353.jpg,static/img/2dc37d2543dc488ea12592c9591cce89_pi-0353.jpg
6582,fd82ed5c1e10424aa9301d82d0661d0b,pi-0357.jpg,~/ml4img/f4dficimg/dif_MRItumor/pi-0357.jpg,static/img/fd82ed5c1e10424aa9301d82d0661d0b_pi-0357.jpg
6583,2788e8a01c6e4542b79a8056537e1cdf,pi-0368.jpg,~/ml4img/f4dficimg/dif_MRItumor/pi-0368.jpg,static/img/2788e8a01c6e4542b79a8056537e1cdf_pi-0368.jpg
6584,9e36aec6ba7c47e4b5c1120621e50ace,pi-0369.jpg,~/ml4img/f4dficimg/dif_MRItumor/pi-0369.jpg,static/img/9e36aec6ba7c47e4b5c1120621e50ace_pi-0369.jpg
6585,81f3118da02d49d196bf35ec0792c8d3,pi-0373.jpg,~/ml4img/f4dficimg/dif_MRItumor/pi-0373.jpg,static/img/81f3118da02d49d196bf35ec0792c8d3_pi-0373.jpg
6586,a8affcb53fa741beb72feff2dd71ead8,pi-0374.jpg,~/ml4img/f4dficimg/dif_MRItumor/pi-0374.jpg,static/img/a8affcb53fa741beb72feff2dd71ead8_pi-0374.jpg
6587,e9de287ba86c42f5ac85924982404bcc,pi-0384.jpg,~/ml4img/f4dficimg/dif_MRItumor/pi-0384.jpg,static/img/e9de287ba86c42f5ac85924982404bcc_pi-0384.jpg
6588,6bfac2c28b9d455a8941850aefb228bd,pi-0391.jpg,~/ml4img/f4dficimg/dif_MRItumor/pi-0391.jpg,static/img/6bfac2c28b9d455a8941850aefb228bd_pi-0391.jpg
6589,ee93224318cb43779af14294db22187c,pi-0393.jpg,~/ml4img/f4dficimg/dif_MRItumor/pi-0393.jpg,static/img/ee93224318cb43779af14294db22187c_pi-0393.jpg
6590,a0a13eee38834c4682418b63a30ef451,pi-0403.jpg,~/ml4img/f4dficimg/dif_MRItumor/pi-0403.jpg,static/img/a0a13eee38834c4682418b63a30ef451_pi-0403.jpg
6591,75cbc6cf22a24c58bcb5d6e317e66af2,pi-0405.jpg,~/ml4img/f4dficimg/dif_MRItumor/pi-0405.jpg,static/img/75cbc6cf22a24c58bcb5d6e317e66af2_pi-0405.jpg
6592,56a1612c84064f2c9cf05898b4a32a3f,pi-0411.jpg,~/ml4img/f4dficimg/dif_MRItumor/pi-0411.jpg,static/img/56a1612c84064f2c9cf05898b4a32a3f_pi-0411.jpg
6593,fe1d243f174e4d449018cc22e6feefc8,pi-0414.jpg,~/ml4img/f4dficimg/dif_MRItumor/pi-0414.jpg,static/img/fe1d243f174e4d449018cc22e6feefc8_pi-0414.jpg
6594,385c6d45e76b4daf9c21279306182537,pi-0415.jpg,~/ml4img/f4dficimg/dif_MRItumor/pi-0415.jpg,static/img/385c6d45e76b4daf9c21279306182537_pi-0415.jpg
6595,9b916af291b34b1090d8f08b12b4c848,pi-0425.jpg,~/ml4img/f4dficimg/dif_MRItumor/pi-0425.jpg,static/img/9b916af291b34b1090d8f08b12b4c848_pi-0425.jpg
6596,5cf6dbbba3424030834b7e3da474777e,pi-0432.jpg,~/ml4img/f4dficimg/dif_MRItumor/pi-0432.jpg,static/img/5cf6dbbba3424030834b7e3da474777e_pi-0432.jpg
6597,221505266cb74f69ae74ef8511c8e4d6,pi-0435.jpg,~/ml4img/f4dficimg/dif_MRItumor/pi-0435.jpg,static/img/221505266cb74f69ae74ef8511c8e4d6_pi-0435.jpg
6598,1a9f2df3c0ad45e2b47e3a6ae864543b,pi-0436.jpg,~/ml4img/f4dficimg/dif_MRItumor/pi-0436.jpg,static/img/1a9f2df3c0ad45e2b47e3a6ae864543b_pi-0436.jpg
6599,0a69412c395f4ecf986d9048f1ab7ac7,pi-0444.jpg,~/ml4img/f4dficimg/dif_MRItumor/pi-0444.jpg,static/img/0a69412c395f4ecf986d9048f1ab7ac7_pi-0444.jpg
6600,6a88cf5662f34d0980bb2e9e6b924083,pi-0457.jpg,~/ml4img/f4dficimg/dif_MRItumor/pi-0457.jpg,static/img/6a88cf5662f34d0980bb2e9e6b924083_pi-0457.jpg
6601,98a0d0ad19394501aa33fe6dad95d1d9,pi-0460.jpg,~/ml4img/f4dficimg/dif_MRItumor/pi-0460.jpg,static/img/98a0d0ad19394501aa33fe6dad95d1d9_pi-0460.jpg
6602,b9b944b048b141d983d30e6678c17c0a,pi-0467.jpg,~/ml4img/f4dficimg/dif_MRItumor/pi-0467.jpg,static/img/b9b944b048b141d983d30e6678c17c0a_pi-0467.jpg
6603,4f273cc7aa094b2889c49e8071169658,pi-0473.jpg,~/ml4img/f4dficimg/dif_MRItumor/pi-0473.jpg,static/img/4f273cc7aa094b2889c49e8071169658_pi-0473.jpg
6604,b390b08c4db549c1be7bd473c950ad17,pi-0474.jpg,~/ml4img/f4dficimg/dif_MRItumor/pi-0474.jpg,static/img/b390b08c4db549c1be7bd473c950ad17_pi-0474.jpg
6605,6839cd4834b6487f973b396daf5fe97a,pi-0478.jpg,~/ml4img/f4dficimg/dif_MRItumor/pi-0478.jpg,static/img/6839cd4834b6487f973b396daf5fe97a_pi-0478.jpg
6606,a7180e370d6c4cd491a444420e86f612,pi-0488.jpg,~/ml4img/f4dficimg/dif_MRItumor/pi-0488.jpg,static/img/a7180e370d6c4cd491a444420e86f612_pi-0488.jpg
6607,ad8d7fd007734cf38fdb5d21c44dd1b6,pi-0491.jpg,~/ml4img/f4dficimg/dif_MRItumor/pi-0491.jpg,static/img/ad8d7fd007734cf38fdb5d21c44dd1b6_pi-0491.jpg
6608,ec385287c08a42a185d34fe1afcedc98,pi-0505.jpg,~/ml4img/f4dficimg/dif_MRItumor/pi-0505.jpg,static/img/ec385287c08a42a185d34fe1afcedc98_pi-0505.jpg
6609,2719f6891e15495ea7659eac9a163bcf,pi-0506.jpg,~/ml4img/f4dficimg/dif_MRItumor/pi-0506.jpg,static/img/2719f6891e15495ea7659eac9a163bcf_pi-0506.jpg
6610,3fe34413d01a4f4fb4073c021c30986e,pi-0508.jpg,~/ml4img/f4dficimg/dif_MRItumor/pi-0508.jpg,static/img/3fe34413d01a4f4fb4073c021c30986e_pi-0508.jpg
6611,615d1c5f3a194c4c90817cb1391fa1fd,pi-0514.jpg,~/ml4img/f4dficimg/dif_MRItumor/pi-0514.jpg,static/img/615d1c5f3a194c4c90817cb1391fa1fd_pi-0514.jpg
6612,5eb3c92185b04afcaf9f28392990d99c,pi-0518.jpg,~/ml4img/f4dficimg/dif_MRItumor/pi-0518.jpg,static/img/5eb3c92185b04afcaf9f28392990d99c_pi-0518.jpg
6613,c40c788c4f0d458cbc3ad2c0f7192ed6,pi-0521.jpg,~/ml4img/f4dficimg/dif_MRItumor/pi-0521.jpg,static/img/c40c788c4f0d458cbc3ad2c0f7192ed6_pi-0521.jpg
6614,7d7bfa5d0b7845ea9c9762b31eed8d73,pi-0523.jpg,~/ml4img/f4dficimg/dif_MRItumor/pi-0523.jpg,static/img/7d7bfa5d0b7845ea9c9762b31eed8d73_pi-0523.jpg
6615,a6ea8288340e4c26bbbaca8eafe2027b,pi-0536.jpg,~/ml4img/f4dficimg/dif_MRItumor/pi-0536.jpg,static/img/a6ea8288340e4c26bbbaca8eafe2027b_pi-0536.jpg
6616,daeb17f4dccb4b61b0ade785391227a1,pi-0539.jpg,~/ml4img/f4dficimg/dif_MRItumor/pi-0539.jpg,static/img/daeb17f4dccb4b61b0ade785391227a1_pi-0539.jpg
6617,618009aebf4b4b4e88ffb5f885c27de8,pi-0553.jpg,~/ml4img/f4dficimg/dif_MRItumor/pi-0553.jpg,static/img/618009aebf4b4b4e88ffb5f885c27de8_pi-0553.jpg
6618,cdd5e0a3ee6d45d0954c926723e5915e,pi-0570.jpg,~/ml4img/f4dficimg/dif_MRItumor/pi-0570.jpg,static/img/cdd5e0a3ee6d45d0954c926723e5915e_pi-0570.jpg
6619,e6d1f4f1caa3428798952cf045a7186c,pi-0576.jpg,~/ml4img/f4dficimg/dif_MRItumor/pi-0576.jpg,static/img/e6d1f4f1caa3428798952cf045a7186c_pi-0576.jpg
6620,3506d275402e4fb4b3022c874bc34e0a,pi-0579.jpg,~/ml4img/f4dficimg/dif_MRItumor/pi-0579.jpg,static/img/3506d275402e4fb4b3022c874bc34e0a_pi-0579.jpg
6621,ddf1bc9de1964dedbee55aac43aeef2e,pi-0581.jpg,~/ml4img/f4dficimg/dif_MRItumor/pi-0581.jpg,static/img/ddf1bc9de1964dedbee55aac43aeef2e_pi-0581.jpg
6622,b5ef6642f8184a2f96602a5693c82ab0,pi-0586.jpg,~/ml4img/f4dficimg/dif_MRItumor/pi-0586.jpg,static/img/b5ef6642f8184a2f96602a5693c82ab0_pi-0586.jpg
6623,0ebe37ab069849df899a10250ebcee26,pi-0590.jpg,~/ml4img/f4dficimg/dif_MRItumor/pi-0590.jpg,static/img/0ebe37ab069849df899a10250ebcee26_pi-0590.jpg
6624,f94e3f51dfb3434ead2365b49c49bd51,pi-0595.jpg,~/ml4img/f4dficimg/dif_MRItumor/pi-0595.jpg,static/img/f94e3f51dfb3434ead2365b49c49bd51_pi-0595.jpg
6625,eb16a4156515498e8e0a745e6478eb12,pi-0597.jpg,~/ml4img/f4dficimg/dif_MRItumor/pi-0597.jpg,static/img/eb16a4156515498e8e0a745e6478eb12_pi-0597.jpg
6626,283cdd9efb30453e84e141415d4c00f6,pi-0608.jpg,~/ml4img/f4dficimg/dif_MRItumor/pi-0608.jpg,static/img/283cdd9efb30453e84e141415d4c00f6_pi-0608.jpg
6627,cf396aaa20584567af7e046b3ae489ed,pi-0620.jpg,~/ml4img/f4dficimg/dif_MRItumor/pi-0620.jpg,static/img/cf396aaa20584567af7e046b3ae489ed_pi-0620.jpg
6628,3d6977c2ea4d4691b2f9dcb0b412ac2c,pi-0622.jpg,~/ml4img/f4dficimg/dif_MRItumor/pi-0622.jpg,static/img/3d6977c2ea4d4691b2f9dcb0b412ac2c_pi-0622.jpg
6629,2e8acfa78a9a491d87b3b332e1ab4129,pi-0629.jpg,~/ml4img/f4dficimg/dif_MRItumor/pi-0629.jpg,static/img/2e8acfa78a9a491d87b3b332e1ab4129_pi-0629.jpg
6630,ebb3d6789aa74a7599265f38276983f2,pi-0654.jpg,~/ml4img/f4dficimg/dif_MRItumor/pi-0654.jpg,static/img/ebb3d6789aa74a7599265f38276983f2_pi-0654.jpg
6631,12577c739cd1498384238626606f7c4c,pi-0658.jpg,~/ml4img/f4dficimg/dif_MRItumor/pi-0658.jpg,static/img/12577c739cd1498384238626606f7c4c_pi-0658.jpg
6632,f96aafdf30394fe689e4c9d44827dad1,pi-0661.jpg,~/ml4img/f4dficimg/dif_MRItumor/pi-0661.jpg,static/img/f96aafdf30394fe689e4c9d44827dad1_pi-0661.jpg
6633,880549d5f5d64b7990e9746f8ce12257,pi-0665.jpg,~/ml4img/f4dficimg/dif_MRItumor/pi-0665.jpg,static/img/880549d5f5d64b7990e9746f8ce12257_pi-0665.jpg
6634,1aa64f5a3a244894b8b4f308f532e58c,pi-0667.jpg,~/ml4img/f4dficimg/dif_MRItumor/pi-0667.jpg,static/img/1aa64f5a3a244894b8b4f308f532e58c_pi-0667.jpg
6635,0c7361eab2994848b312fb503287b944,pi-0672.jpg,~/ml4img/f4dficimg/dif_MRItumor/pi-0672.jpg,static/img/0c7361eab2994848b312fb503287b944_pi-0672.jpg
6636,c289eb60df93457fa40f0f365886000b,pi-0678.jpg,~/ml4img/f4dficimg/dif_MRItumor/pi-0678.jpg,static/img/c289eb60df93457fa40f0f365886000b_pi-0678.jpg
6637,00084fbe9e1149818757eb215f7dccab,pi-0689.jpg,~/ml4img/f4dficimg/dif_MRItumor/pi-0689.jpg,static/img/00084fbe9e1149818757eb215f7dccab_pi-0689.jpg
6638,e9bd24773ff34ca4827558accff1bed9,pi-0695.jpg,~/ml4img/f4dficimg/dif_MRItumor/pi-0695.jpg,static/img/e9bd24773ff34ca4827558accff1bed9_pi-0695.jpg
6639,d3effcef4903483e82dd97ef39aec8ca,pi-0697.jpg,~/ml4img/f4dficimg/dif_MRItumor/pi-0697.jpg,static/img/d3effcef4903483e82dd97ef39aec8ca_pi-0697.jpg
6640,3dca428bd20a433db268520057e7c14c,pi-0699.jpg,~/ml4img/f4dficimg/dif_MRItumor/pi-0699.jpg,static/img/3dca428bd20a433db268520057e7c14c_pi-0699.jpg
6641,8962200df2e348b4abfee98e7e1db5e7,pi-0714.jpg,~/ml4img/f4dficimg/dif_MRItumor/pi-0714.jpg,static/img/8962200df2e348b4abfee98e7e1db5e7_pi-0714.jpg
6642,35fe0fbcf54a4d0f96a4cf7863e3b327,pi-0720.jpg,~/ml4img/f4dficimg/dif_MRItumor/pi-0720.jpg,static/img/35fe0fbcf54a4d0f96a4cf7863e3b327_pi-0720.jpg
6643,4b261ae664614a7c8d11ffdc1704d2b2,pi-0730.jpg,~/ml4img/f4dficimg/dif_MRItumor/pi-0730.jpg,static/img/4b261ae664614a7c8d11ffdc1704d2b2_pi-0730.jpg
6644,5538e8936a3f4dcc81eca1491bd5595f,pi-0738.jpg,~/ml4img/f4dficimg/dif_MRItumor/pi-0738.jpg,static/img/5538e8936a3f4dcc81eca1491bd5595f_pi-0738.jpg
6645,131c69e0fcff49fc9ee29e9d79064f35,pi-0739.jpg,~/ml4img/f4dficimg/dif_MRItumor/pi-0739.jpg,static/img/131c69e0fcff49fc9ee29e9d79064f35_pi-0739.jpg
6646,f0b86aa1bdce4db595733a7d8f9ab6b2,pi-0745.jpg,~/ml4img/f4dficimg/dif_MRItumor/pi-0745.jpg,static/img/f0b86aa1bdce4db595733a7d8f9ab6b2_pi-0745.jpg
6647,880f5519cb5b47219d055ec9c8ba8cbe,pi-0747.jpg,~/ml4img/f4dficimg/dif_MRItumor/pi-0747.jpg,static/img/880f5519cb5b47219d055ec9c8ba8cbe_pi-0747.jpg
6648,a2bae65a72624b52bf70fb1d8fa1e0e5,pi-0755.jpg,~/ml4img/f4dficimg/dif_MRItumor/pi-0755.jpg,static/img/a2bae65a72624b52bf70fb1d8fa1e0e5_pi-0755.jpg
6649,4e894184146d43bdb911abb2942336ab,pi-0765.jpg,~/ml4img/f4dficimg/dif_MRItumor/pi-0765.jpg,static/img/4e894184146d43bdb911abb2942336ab_pi-0765.jpg
6650,3e12671e712b4b228fe27b47de65cc20,pi-0768.jpg,~/ml4img/f4dficimg/dif_MRItumor/pi-0768.jpg,static/img/3e12671e712b4b228fe27b47de65cc20_pi-0768.jpg
6651,3c7b5fa7833247e5b4d87e4d713f9e66,pi-0775.jpg,~/ml4img/f4dficimg/dif_MRItumor/pi-0775.jpg,static/img/3c7b5fa7833247e5b4d87e4d713f9e66_pi-0775.jpg
6652,d8b5534c9f864567adeb509579b4f4e1,pi-0777.jpg,~/ml4img/f4dficimg/dif_MRItumor/pi-0777.jpg,static/img/d8b5534c9f864567adeb509579b4f4e1_pi-0777.jpg
6653,c1ba845f8e90439fb18661fe71c77be2,pi-0779.jpg,~/ml4img/f4dficimg/dif_MRItumor/pi-0779.jpg,static/img/c1ba845f8e90439fb18661fe71c77be2_pi-0779.jpg
6654,4bd2745888be498383cb73479a8f1c57,pi-0785.jpg,~/ml4img/f4dficimg/dif_MRItumor/pi-0785.jpg,static/img/4bd2745888be498383cb73479a8f1c57_pi-0785.jpg
6655,235268648bf1429ab9e96012c5ab01b6,pi-0786.jpg,~/ml4img/f4dficimg/dif_MRItumor/pi-0786.jpg,static/img/235268648bf1429ab9e96012c5ab01b6_pi-0786.jpg
6656,a3bc9e5b5fbe4d469a8f19bbffd9ed83,pi-0788.jpg,~/ml4img/f4dficimg/dif_MRItumor/pi-0788.jpg,static/img/a3bc9e5b5fbe4d469a8f19bbffd9ed83_pi-0788.jpg
6657,4e94de34ed2942f4a75799fc16a331b3,pi-0793.jpg,~/ml4img/f4dficimg/dif_MRItumor/pi-0793.jpg,static/img/4e94de34ed2942f4a75799fc16a331b3_pi-0793.jpg
6658,06adb2a150454f90927fb3dabac6a5fb,pi-0803.jpg,~/ml4img/f4dficimg/dif_MRItumor/pi-0803.jpg,static/img/06adb2a150454f90927fb3dabac6a5fb_pi-0803.jpg
6659,f2d4520c6158414b9e4cf8a6559f56c8,pi-0809.jpg,~/ml4img/f4dficimg/dif_MRItumor/pi-0809.jpg,static/img/f2d4520c6158414b9e4cf8a6559f56c8_pi-0809.jpg
6660,03742524f01d49f4bf68fdc36c249361,pi-0815.jpg,~/ml4img/f4dficimg/dif_MRItumor/pi-0815.jpg,static/img/03742524f01d49f4bf68fdc36c249361_pi-0815.jpg
6661,39eb86de3af84b0e8901816c9f5c6db6,pi-0827.jpg,~/ml4img/f4dficimg/dif_MRItumor/pi-0827.jpg,static/img/39eb86de3af84b0e8901816c9f5c6db6_pi-0827.jpg
6662,354010d99f2f4d51a0acd79503a534fd,pi-0830.jpg,~/ml4img/f4dficimg/dif_MRItumor/pi-0830.jpg,static/img/354010d99f2f4d51a0acd79503a534fd_pi-0830.jpg
6663,80f16930493f4ac0a4274a6bcf7b8cc3,pi-0838.jpg,~/ml4img/f4dficimg/dif_MRItumor/pi-0838.jpg,static/img/80f16930493f4ac0a4274a6bcf7b8cc3_pi-0838.jpg
6664,3775d8f7ce65444d886025af31e8e9ed,pi-0842.jpg,~/ml4img/f4dficimg/dif_MRItumor/pi-0842.jpg,static/img/3775d8f7ce65444d886025af31e8e9ed_pi-0842.jpg
6665,d78bf986198048138a19b15a5972755b,pi-0845.jpg,~/ml4img/f4dficimg/dif_MRItumor/pi-0845.jpg,static/img/d78bf986198048138a19b15a5972755b_pi-0845.jpg
6666,65c488cf2d324d69a7f7a63c9b62cb28,pi-0849.jpg,~/ml4img/f4dficimg/dif_MRItumor/pi-0849.jpg,static/img/65c488cf2d324d69a7f7a63c9b62cb28_pi-0849.jpg
6667,230d17edbcff4fed984ba556ceafdc43,pi-0852.jpg,~/ml4img/f4dficimg/dif_MRItumor/pi-0852.jpg,static/img/230d17edbcff4fed984ba556ceafdc43_pi-0852.jpg
6668,0179f455632c4070b6d37d70c5d26467,pi-0855.jpg,~/ml4img/f4dficimg/dif_MRItumor/pi-0855.jpg,static/img/0179f455632c4070b6d37d70c5d26467_pi-0855.jpg
6669,3b65ef9a16ae49b1ace89600596d8180,pi-0857.jpg,~/ml4img/f4dficimg/dif_MRItumor/pi-0857.jpg,static/img/3b65ef9a16ae49b1ace89600596d8180_pi-0857.jpg
6670,2b972c4c7cce4a698dcf16bfbd5f2284,pi-0864.jpg,~/ml4img/f4dficimg/dif_MRItumor/pi-0864.jpg,static/img/2b972c4c7cce4a698dcf16bfbd5f2284_pi-0864.jpg
6671,9eaf7df74c9245df8649fce9c644038f,pi-0866.jpg,~/ml4img/f4dficimg/dif_MRItumor/pi-0866.jpg,static/img/9eaf7df74c9245df8649fce9c644038f_pi-0866.jpg
6672,13d5ec7cbf3a4beca21f3591aba318fb,pi-0868.jpg,~/ml4img/f4dficimg/dif_MRItumor/pi-0868.jpg,static/img/13d5ec7cbf3a4beca21f3591aba318fb_pi-0868.jpg
6673,3d8084b4d0334a84a23127ebfe6f314a,pi-0872.jpg,~/ml4img/f4dficimg/dif_MRItumor/pi-0872.jpg,static/img/3d8084b4d0334a84a23127ebfe6f314a_pi-0872.jpg
6674,5e347d2bb4334878ab506aa80b50f86e,pi-0878.jpg,~/ml4img/f4dficimg/dif_MRItumor/pi-0878.jpg,static/img/5e347d2bb4334878ab506aa80b50f86e_pi-0878.jpg
6675,95e2228d5ad44a3e8cd8ac3e373c69b5,pi-0882.jpg,~/ml4img/f4dficimg/dif_MRItumor/pi-0882.jpg,static/img/95e2228d5ad44a3e8cd8ac3e373c69b5_pi-0882.jpg
6676,674703c94dcd450797e0f28cc1119b6f,pi-0887.jpg,~/ml4img/f4dficimg/dif_MRItumor/pi-0887.jpg,static/img/674703c94dcd450797e0f28cc1119b6f_pi-0887.jpg
6677,b81f608d8459494fb0569a609fb1466e,pi-0899.jpg,~/ml4img/f4dficimg/dif_MRItumor/pi-0899.jpg,static/img/b81f608d8459494fb0569a609fb1466e_pi-0899.jpg
6678,a7203b38351c4190b5e194d6b42e7ec5,pi-0902.jpg,~/ml4img/f4dficimg/dif_MRItumor/pi-0902.jpg,static/img/a7203b38351c4190b5e194d6b42e7ec5_pi-0902.jpg
6679,e2468eefd595479c817711df52b3c149,pi-0910.jpg,~/ml4img/f4dficimg/dif_MRItumor/pi-0910.jpg,static/img/e2468eefd595479c817711df52b3c149_pi-0910.jpg
6680,cddc7e22514e447ba9050393fa247bbc,pi-0911.jpg,~/ml4img/f4dficimg/dif_MRItumor/pi-0911.jpg,static/img/cddc7e22514e447ba9050393fa247bbc_pi-0911.jpg
6681,cac3b84871284afeb787f5ed0eeaf29f,pi-0938.jpg,~/ml4img/f4dficimg/dif_MRItumor/pi-0938.jpg,static/img/cac3b84871284afeb787f5ed0eeaf29f_pi-0938.jpg
6682,74a27abed0d447c48253743fc81fad2c,pi-0947.jpg,~/ml4img/f4dficimg/dif_MRItumor/pi-0947.jpg,static/img/74a27abed0d447c48253743fc81fad2c_pi-0947.jpg
6683,b7575cf722ab47ab9024d4c30bbd0601,pi-0949.jpg,~/ml4img/f4dficimg/dif_MRItumor/pi-0949.jpg,static/img/b7575cf722ab47ab9024d4c30bbd0601_pi-0949.jpg
6684,45b94d5ba503413b973c00d3ebd3ad79,pi-0955.jpg,~/ml4img/f4dficimg/dif_MRItumor/pi-0955.jpg,static/img/45b94d5ba503413b973c00d3ebd3ad79_pi-0955.jpg
6685,c104321ef43e432190894f49a479e959,pi-0956.jpg,~/ml4img/f4dficimg/dif_MRItumor/pi-0956.jpg,static/img/c104321ef43e432190894f49a479e959_pi-0956.jpg
6686,d07013bd954f4701ac26a766111939a9,pi-0965.jpg,~/ml4img/f4dficimg/dif_MRItumor/pi-0965.jpg,static/img/d07013bd954f4701ac26a766111939a9_pi-0965.jpg
6687,58cd6764be394c1990f4a1f6566a68ef,pi-0980.jpg,~/ml4img/f4dficimg/dif_MRItumor/pi-0980.jpg,static/img/58cd6764be394c1990f4a1f6566a68ef_pi-0980.jpg
6688,b1d59ecc49ef47b19e5cf16af2ac8728,pi-0998.jpg,~/ml4img/f4dficimg/dif_MRItumor/pi-0998.jpg,static/img/b1d59ecc49ef47b19e5cf16af2ac8728_pi-0998.jpg
6689,2b27dce696f54a0c827e194d9256ca10,pi-0999.jpg,~/ml4img/f4dficimg/dif_MRItumor/pi-0999.jpg,static/img/2b27dce696f54a0c827e194d9256ca10_pi-0999.jpg
6690,10377935f5e4402a9b1b6ad3b786d9e1,pi-1002.jpg,~/ml4img/f4dficimg/dif_MRItumor/pi-1002.jpg,static/img/10377935f5e4402a9b1b6ad3b786d9e1_pi-1002.jpg
6691,b94d0a71107f42c3a67604585438657b,pi-1007.jpg,~/ml4img/f4dficimg/dif_MRItumor/pi-1007.jpg,static/img/b94d0a71107f42c3a67604585438657b_pi-1007.jpg
6692,86384ed28cde4bad98c934185a963001,pi-1008.jpg,~/ml4img/f4dficimg/dif_MRItumor/pi-1008.jpg,static/img/86384ed28cde4bad98c934185a963001_pi-1008.jpg
6693,9d14736ebb09411db2c98dd9538d5091,pi-1009.jpg,~/ml4img/f4dficimg/dif_MRItumor/pi-1009.jpg,static/img/9d14736ebb09411db2c98dd9538d5091_pi-1009.jpg
6694,bd639db2452f4261b1bd754bb03dacb3,pi-1024.jpg,~/ml4img/f4dficimg/dif_MRItumor/pi-1024.jpg,static/img/bd639db2452f4261b1bd754bb03dacb3_pi-1024.jpg
6695,8ef3c79ad188471aa22aa6a950619423,pi-1029.jpg,~/ml4img/f4dficimg/dif_MRItumor/pi-1029.jpg,static/img/8ef3c79ad188471aa22aa6a950619423_pi-1029.jpg
6696,8aaeb2cc81694ce88bcdd3797957a18b,pi-1034.jpg,~/ml4img/f4dficimg/dif_MRItumor/pi-1034.jpg,static/img/8aaeb2cc81694ce88bcdd3797957a18b_pi-1034.jpg
6697,0a9fc50e84934a1489bbe9a5d604daed,pi-1036.jpg,~/ml4img/f4dficimg/dif_MRItumor/pi-1036.jpg,static/img/0a9fc50e84934a1489bbe9a5d604daed_pi-1036.jpg
6698,07d0fba086fc411b83f5f737719b9414,pi-1044.jpg,~/ml4img/f4dficimg/dif_MRItumor/pi-1044.jpg,static/img/07d0fba086fc411b83f5f737719b9414_pi-1044.jpg
6699,35a5e3fa811d46589edf7c703491673e,pi-1045.jpg,~/ml4img/f4dficimg/dif_MRItumor/pi-1045.jpg,static/img/35a5e3fa811d46589edf7c703491673e_pi-1045.jpg
6700,323e45e1de97426aa032ac8c7ddf1091,pi-1065.jpg,~/ml4img/f4dficimg/dif_MRItumor/pi-1065.jpg,static/img/323e45e1de97426aa032ac8c7ddf1091_pi-1065.jpg
6701,5acb6308e6a143268cd65a2f2cc8b46a,pi-1068.jpg,~/ml4img/f4dficimg/dif_MRItumor/pi-1068.jpg,static/img/5acb6308e6a143268cd65a2f2cc8b46a_pi-1068.jpg
6702,b6caab83efaa4df6a50634cfb060acc6,pi-1076.jpg,~/ml4img/f4dficimg/dif_MRItumor/pi-1076.jpg,static/img/b6caab83efaa4df6a50634cfb060acc6_pi-1076.jpg
6703,c70c10b60c8b42d1b50d552b1f297abb,pi-1077.jpg,~/ml4img/f4dficimg/dif_MRItumor/pi-1077.jpg,static/img/c70c10b60c8b42d1b50d552b1f297abb_pi-1077.jpg
6704,e6e0f0818b8b40e3bd3cfc5fcc2b4018,pi-1091.jpg,~/ml4img/f4dficimg/dif_MRItumor/pi-1091.jpg,static/img/e6e0f0818b8b40e3bd3cfc5fcc2b4018_pi-1091.jpg
6705,40c1fd2f02d9487ea45f61f8167a8314,pi-1092.jpg,~/ml4img/f4dficimg/dif_MRItumor/pi-1092.jpg,static/img/40c1fd2f02d9487ea45f61f8167a8314_pi-1092.jpg
6706,15b244961d154d64bc4263cfc7d7d213,pi-1096.jpg,~/ml4img/f4dficimg/dif_MRItumor/pi-1096.jpg,static/img/15b244961d154d64bc4263cfc7d7d213_pi-1096.jpg
6707,e8abe92f9c48466baafb9df8d53cae18,pi-1117.jpg,~/ml4img/f4dficimg/dif_MRItumor/pi-1117.jpg,static/img/e8abe92f9c48466baafb9df8d53cae18_pi-1117.jpg
6708,50af3b54a7e2472d87d98722f3e5bb1f,pi-1126.jpg,~/ml4img/f4dficimg/dif_MRItumor/pi-1126.jpg,static/img/50af3b54a7e2472d87d98722f3e5bb1f_pi-1126.jpg
6709,1ee76718d25d48ceb09fea1b7b137db2,pi-1129.jpg,~/ml4img/f4dficimg/dif_MRItumor/pi-1129.jpg,static/img/1ee76718d25d48ceb09fea1b7b137db2_pi-1129.jpg
6710,cc2cc721f8d84e45905638a203a78f1f,pi-1149.jpg,~/ml4img/f4dficimg/dif_MRItumor/pi-1149.jpg,static/img/cc2cc721f8d84e45905638a203a78f1f_pi-1149.jpg
6711,27c93c023d5346ed913aee66abbefb0b,pi-1153.jpg,~/ml4img/f4dficimg/dif_MRItumor/pi-1153.jpg,static/img/27c93c023d5346ed913aee66abbefb0b_pi-1153.jpg
6712,39bafdd5b28443f99c5e1bf4a4ee69f5,pi-1165.jpg,~/ml4img/f4dficimg/dif_MRItumor/pi-1165.jpg,static/img/39bafdd5b28443f99c5e1bf4a4ee69f5_pi-1165.jpg
6713,d91d0cd40a8b486cb2d7068606fbd634,pi-1182.jpg,~/ml4img/f4dficimg/dif_MRItumor/pi-1182.jpg,static/img/d91d0cd40a8b486cb2d7068606fbd634_pi-1182.jpg
6714,b12f0373b38d461fb419698070972bdc,pi-1186.jpg,~/ml4img/f4dficimg/dif_MRItumor/pi-1186.jpg,static/img/b12f0373b38d461fb419698070972bdc_pi-1186.jpg
6715,fe7fbd5c14364227a9a6a411ec117014,pi-1192.jpg,~/ml4img/f4dficimg/dif_MRItumor/pi-1192.jpg,static/img/fe7fbd5c14364227a9a6a411ec117014_pi-1192.jpg
6716,048defcf4e014c55bc73d83e8bff0681,pi-1194.jpg,~/ml4img/f4dficimg/dif_MRItumor/pi-1194.jpg,static/img/048defcf4e014c55bc73d83e8bff0681_pi-1194.jpg
6717,1e215af7973c4d8c8eaab81c80d3c941,pi-1200.jpg,~/ml4img/f4dficimg/dif_MRItumor/pi-1200.jpg,static/img/1e215af7973c4d8c8eaab81c80d3c941_pi-1200.jpg
6718,302c193ea89c40fb84748b4a64db2a62,pi-1211.jpg,~/ml4img/f4dficimg/dif_MRItumor/pi-1211.jpg,static/img/302c193ea89c40fb84748b4a64db2a62_pi-1211.jpg
6719,ac0ada7ed6254cc3936ff3ce4e46234d,pi-1222.jpg,~/ml4img/f4dficimg/dif_MRItumor/pi-1222.jpg,static/img/ac0ada7ed6254cc3936ff3ce4e46234d_pi-1222.jpg
6720,03dfe32f4bf948e7bf6b0612ab717328,pi-1225.jpg,~/ml4img/f4dficimg/dif_MRItumor/pi-1225.jpg,static/img/03dfe32f4bf948e7bf6b0612ab717328_pi-1225.jpg
6721,0f0b337d3ad04e02950982e72e859212,pi-1242.jpg,~/ml4img/f4dficimg/dif_MRItumor/pi-1242.jpg,static/img/0f0b337d3ad04e02950982e72e859212_pi-1242.jpg
6722,25ef96ac4ec6423dbd0b10772881ca4c,pi-1256.jpg,~/ml4img/f4dficimg/dif_MRItumor/pi-1256.jpg,static/img/25ef96ac4ec6423dbd0b10772881ca4c_pi-1256.jpg
6723,ab943748c58e48198758c302c83c800e,pi-1259.jpg,~/ml4img/f4dficimg/dif_MRItumor/pi-1259.jpg,static/img/ab943748c58e48198758c302c83c800e_pi-1259.jpg
6724,91786f69312c43228c585afa075fb8b3,pi-1261.jpg,~/ml4img/f4dficimg/dif_MRItumor/pi-1261.jpg,static/img/91786f69312c43228c585afa075fb8b3_pi-1261.jpg
6725,6cc193083b8b46b6b8f8cc8ce8f9deca,pi-1278.jpg,~/ml4img/f4dficimg/dif_MRItumor/pi-1278.jpg,static/img/6cc193083b8b46b6b8f8cc8ce8f9deca_pi-1278.jpg
6726,35b4e01ba1394afe9b2605f6f65c8365,pi-1312.jpg,~/ml4img/f4dficimg/dif_MRItumor/pi-1312.jpg,static/img/35b4e01ba1394afe9b2605f6f65c8365_pi-1312.jpg
6727,17437419b5dc47b281d6adb58f7b95be,pi-1313.jpg,~/ml4img/f4dficimg/dif_MRItumor/pi-1313.jpg,static/img/17437419b5dc47b281d6adb58f7b95be_pi-1313.jpg
6728,264b49b3e02d4c22bc29a54d6716847e,pi-1315.jpg,~/ml4img/f4dficimg/dif_MRItumor/pi-1315.jpg,static/img/264b49b3e02d4c22bc29a54d6716847e_pi-1315.jpg
6729,725710e84eda437087b631ce2b5161f4,pi-1316.jpg,~/ml4img/f4dficimg/dif_MRItumor/pi-1316.jpg,static/img/725710e84eda437087b631ce2b5161f4_pi-1316.jpg
6730,47b60487fe7740189dc5a9a10b1dd72b,pi-1319.jpg,~/ml4img/f4dficimg/dif_MRItumor/pi-1319.jpg,static/img/47b60487fe7740189dc5a9a10b1dd72b_pi-1319.jpg
6731,3656d38ff5044cb0aee35f4f24d8046a,pi-1321.jpg,~/ml4img/f4dficimg/dif_MRItumor/pi-1321.jpg,static/img/3656d38ff5044cb0aee35f4f24d8046a_pi-1321.jpg
6732,5e3bd85cd23d4958b0c0cf228755529a,pi-1322.jpg,~/ml4img/f4dficimg/dif_MRItumor/pi-1322.jpg,static/img/5e3bd85cd23d4958b0c0cf228755529a_pi-1322.jpg
6733,615dac4b75604a5ba6b471ec4ebb82b6,pi-1329.jpg,~/ml4img/f4dficimg/dif_MRItumor/pi-1329.jpg,static/img/615dac4b75604a5ba6b471ec4ebb82b6_pi-1329.jpg
6734,637c855d7a70479398c1fe0b5ed66aa1,pi-1330.jpg,~/ml4img/f4dficimg/dif_MRItumor/pi-1330.jpg,static/img/637c855d7a70479398c1fe0b5ed66aa1_pi-1330.jpg
6735,411ee60719fb46ddab31562ea33320b6,pi-1334.jpg,~/ml4img/f4dficimg/dif_MRItumor/pi-1334.jpg,static/img/411ee60719fb46ddab31562ea33320b6_pi-1334.jpg
6736,98a8611c0e8c4b509f48628717f5524b,pi-1335.jpg,~/ml4img/f4dficimg/dif_MRItumor/pi-1335.jpg,static/img/98a8611c0e8c4b509f48628717f5524b_pi-1335.jpg
6737,07eb65f776494feaa1983d349f1eee0b,pi-1357.jpg,~/ml4img/f4dficimg/dif_MRItumor/pi-1357.jpg,static/img/07eb65f776494feaa1983d349f1eee0b_pi-1357.jpg
6738,cdffb03503c746e19c755c8ce0e5ea68,pi-1372.jpg,~/ml4img/f4dficimg/dif_MRItumor/pi-1372.jpg,static/img/cdffb03503c746e19c755c8ce0e5ea68_pi-1372.jpg
6739,cb35a68eba724039a5412ce938e464a0,pi-1379.jpg,~/ml4img/f4dficimg/dif_MRItumor/pi-1379.jpg,static/img/cb35a68eba724039a5412ce938e464a0_pi-1379.jpg
6740,5e13724b149149d4a4ac9de402806dd0,pi-1385.jpg,~/ml4img/f4dficimg/dif_MRItumor/pi-1385.jpg,static/img/5e13724b149149d4a4ac9de402806dd0_pi-1385.jpg
6741,e056c862072147e48d831fde23723a53,pi-1408.jpg,~/ml4img/f4dficimg/dif_MRItumor/pi-1408.jpg,static/img/e056c862072147e48d831fde23723a53_pi-1408.jpg
6742,5a369f40f0c1434bbf0e353f98b39563,pi-1411.jpg,~/ml4img/f4dficimg/dif_MRItumor/pi-1411.jpg,static/img/5a369f40f0c1434bbf0e353f98b39563_pi-1411.jpg
6743,0e5c0b3d567c4e3ab1088514d55d33a6,pi-1422.jpg,~/ml4img/f4dficimg/dif_MRItumor/pi-1422.jpg,static/img/0e5c0b3d567c4e3ab1088514d55d33a6_pi-1422.jpg
6744,52d027afef7d42adb6f8a1b730260d83,pi-1425.jpg,~/ml4img/f4dficimg/dif_MRItumor/pi-1425.jpg,static/img/52d027afef7d42adb6f8a1b730260d83_pi-1425.jpg
6745,43fd34c970c54c79abe2e0563919c340,pi-1426.jpg,~/ml4img/f4dficimg/dif_MRItumor/pi-1426.jpg,static/img/43fd34c970c54c79abe2e0563919c340_pi-1426.jpg
6746,b4b47c55eea241958c2c4a8079f64605,pi-1435.jpg,~/ml4img/f4dficimg/dif_MRItumor/pi-1435.jpg,static/img/b4b47c55eea241958c2c4a8079f64605_pi-1435.jpg
6747,e39e3c3f22c34c87992dbb63da61c3c2,pi-1442.jpg,~/ml4img/f4dficimg/dif_MRItumor/pi-1442.jpg,static/img/e39e3c3f22c34c87992dbb63da61c3c2_pi-1442.jpg
6748,0e69061242b54cfca5275f936a953dfb,pi-1445.jpg,~/ml4img/f4dficimg/dif_MRItumor/pi-1445.jpg,static/img/0e69061242b54cfca5275f936a953dfb_pi-1445.jpg
6749,94886305c4264404a88f987883b4d170,pi-1446.jpg,~/ml4img/f4dficimg/dif_MRItumor/pi-1446.jpg,static/img/94886305c4264404a88f987883b4d170_pi-1446.jpg
6750,32ebac35c55b401f88b95c4f4fe9426a,pi-1450.jpg,~/ml4img/f4dficimg/dif_MRItumor/pi-1450.jpg,static/img/32ebac35c55b401f88b95c4f4fe9426a_pi-1450.jpg
6751,6e28edb6b6ff4e5b805856222d638818,pi-1454.jpg,~/ml4img/f4dficimg/dif_MRItumor/pi-1454.jpg,static/img/6e28edb6b6ff4e5b805856222d638818_pi-1454.jpg
6752,adf0fd3814434376a1c6e1170f504eaa,pi-1458.jpg,~/ml4img/f4dficimg/dif_MRItumor/pi-1458.jpg,static/img/adf0fd3814434376a1c6e1170f504eaa_pi-1458.jpg
6753,90cf62c5c13647cbbe9711de7ae63f51,pi-1465.jpg,~/ml4img/f4dficimg/dif_MRItumor/pi-1465.jpg,static/img/90cf62c5c13647cbbe9711de7ae63f51_pi-1465.jpg
6754,5ec2c84cd8fb4bed909bd0f05d33b01b,pi-1479.jpg,~/ml4img/f4dficimg/dif_MRItumor/pi-1479.jpg,static/img/5ec2c84cd8fb4bed909bd0f05d33b01b_pi-1479.jpg
6755,74aa1c43396b447ab2e757b34b0f69f7,pi-1487.jpg,~/ml4img/f4dficimg/dif_MRItumor/pi-1487.jpg,static/img/74aa1c43396b447ab2e757b34b0f69f7_pi-1487.jpg
6756,3cc8231aca6e4c5ea293da5f5496d058,pi-1506.jpg,~/ml4img/f4dficimg/dif_MRItumor/pi-1506.jpg,static/img/3cc8231aca6e4c5ea293da5f5496d058_pi-1506.jpg
6757,abc824ea963d417abb0dd1985c1c3b9e,pi-1507.jpg,~/ml4img/f4dficimg/dif_MRItumor/pi-1507.jpg,static/img/abc824ea963d417abb0dd1985c1c3b9e_pi-1507.jpg
6758,2072f33368d44805a1c99842645c8134,pi-1520.jpg,~/ml4img/f4dficimg/dif_MRItumor/pi-1520.jpg,static/img/2072f33368d44805a1c99842645c8134_pi-1520.jpg
6759,40577f62e1b04fdb85f032a55a261ff1,pi-1525.jpg,~/ml4img/f4dficimg/dif_MRItumor/pi-1525.jpg,static/img/40577f62e1b04fdb85f032a55a261ff1_pi-1525.jpg
6760,b043080dba04400a805cb564986094ae,pi-1527.jpg,~/ml4img/f4dficimg/dif_MRItumor/pi-1527.jpg,static/img/b043080dba04400a805cb564986094ae_pi-1527.jpg
6761,23338d71f5cc4cd1b96a31903f572123,pi-1531.jpg,~/ml4img/f4dficimg/dif_MRItumor/pi-1531.jpg,static/img/23338d71f5cc4cd1b96a31903f572123_pi-1531.jpg
6762,ccf85a0962774406ad66e02310c1e121,pi-1536.jpg,~/ml4img/f4dficimg/dif_MRItumor/pi-1536.jpg,static/img/ccf85a0962774406ad66e02310c1e121_pi-1536.jpg
6763,ec307b69e05e41748af39644284bebd5,pi-1544.jpg,~/ml4img/f4dficimg/dif_MRItumor/pi-1544.jpg,static/img/ec307b69e05e41748af39644284bebd5_pi-1544.jpg
6764,b79b00847c14425c91d0cbffee3f10df,pi-1551.jpg,~/ml4img/f4dficimg/dif_MRItumor/pi-1551.jpg,static/img/b79b00847c14425c91d0cbffee3f10df_pi-1551.jpg
6765,e8753776378947d6a69c5d4fb5fb93b9,pi-1563.jpg,~/ml4img/f4dficimg/dif_MRItumor/pi-1563.jpg,static/img/e8753776378947d6a69c5d4fb5fb93b9_pi-1563.jpg
6766,9284daf3b78844f88e05abd290d7fdbc,pi-1565.jpg,~/ml4img/f4dficimg/dif_MRItumor/pi-1565.jpg,static/img/9284daf3b78844f88e05abd290d7fdbc_pi-1565.jpg
6767,a4fb55db69894c0aa7a69ed2d6390582,pi-1572.jpg,~/ml4img/f4dficimg/dif_MRItumor/pi-1572.jpg,static/img/a4fb55db69894c0aa7a69ed2d6390582_pi-1572.jpg
6768,724e531fa5724e10993dd427f4574388,pi-1574.jpg,~/ml4img/f4dficimg/dif_MRItumor/pi-1574.jpg,static/img/724e531fa5724e10993dd427f4574388_pi-1574.jpg
6769,673e48add1e742f7b0a219ac082bcc6c,pi-1579.jpg,~/ml4img/f4dficimg/dif_MRItumor/pi-1579.jpg,static/img/673e48add1e742f7b0a219ac082bcc6c_pi-1579.jpg
6770,e41d553d6b6e46879857e7f6afb8c84d,pi-1593.jpg,~/ml4img/f4dficimg/dif_MRItumor/pi-1593.jpg,static/img/e41d553d6b6e46879857e7f6afb8c84d_pi-1593.jpg
6771,c114ce0006114cf78334945641f0b578,pi-1596.jpg,~/ml4img/f4dficimg/dif_MRItumor/pi-1596.jpg,static/img/c114ce0006114cf78334945641f0b578_pi-1596.jpg
6772,3c61bcbd6a664070a059f938484c0a02,pi-1603.jpg,~/ml4img/f4dficimg/dif_MRItumor/pi-1603.jpg,static/img/3c61bcbd6a664070a059f938484c0a02_pi-1603.jpg
6773,a601ca9dc0514ac994656315f88fa4ff,pi-1612.jpg,~/ml4img/f4dficimg/dif_MRItumor/pi-1612.jpg,static/img/a601ca9dc0514ac994656315f88fa4ff_pi-1612.jpg
6774,6fa8b801f27741ad96e5fcacf03bed7c,pi-1617.jpg,~/ml4img/f4dficimg/dif_MRItumor/pi-1617.jpg,static/img/6fa8b801f27741ad96e5fcacf03bed7c_pi-1617.jpg
6775,5b70b8fd25044f1bba2161300eb58d2f,pi-1619.jpg,~/ml4img/f4dficimg/dif_MRItumor/pi-1619.jpg,static/img/5b70b8fd25044f1bba2161300eb58d2f_pi-1619.jpg
6776,b528395ef8de421688cfa21feab254f0,pi-1632.jpg,~/ml4img/f4dficimg/dif_MRItumor/pi-1632.jpg,static/img/b528395ef8de421688cfa21feab254f0_pi-1632.jpg
6777,ac89e8739a624daea4c95a84da383a7a,pi-1633.jpg,~/ml4img/f4dficimg/dif_MRItumor/pi-1633.jpg,static/img/ac89e8739a624daea4c95a84da383a7a_pi-1633.jpg
6778,58328c485829475a88fe08617c9f995e,pi-1634.jpg,~/ml4img/f4dficimg/dif_MRItumor/pi-1634.jpg,static/img/58328c485829475a88fe08617c9f995e_pi-1634.jpg
6779,199dbd8a1ccc4285b519ed6214e804a0,pi-1642.jpg,~/ml4img/f4dficimg/dif_MRItumor/pi-1642.jpg,static/img/199dbd8a1ccc4285b519ed6214e804a0_pi-1642.jpg
6780,b53c2f8cbd204d1baf17b16bb2a63e70,pi-1645.jpg,~/ml4img/f4dficimg/dif_MRItumor/pi-1645.jpg,static/img/b53c2f8cbd204d1baf17b16bb2a63e70_pi-1645.jpg
6781,e4cec8f8cb5e414890ac1bbdf6eac366,pi-1646.jpg,~/ml4img/f4dficimg/dif_MRItumor/pi-1646.jpg,static/img/e4cec8f8cb5e414890ac1bbdf6eac366_pi-1646.jpg
6782,988a2b63ccca41d59dffb4861e587be2,pi-1660.jpg,~/ml4img/f4dficimg/dif_MRItumor/pi-1660.jpg,static/img/988a2b63ccca41d59dffb4861e587be2_pi-1660.jpg
6783,a559114974234efbaa5266030f4175ef,pi-1665.jpg,~/ml4img/f4dficimg/dif_MRItumor/pi-1665.jpg,static/img/a559114974234efbaa5266030f4175ef_pi-1665.jpg
6784,5b3a3bcf1797421f8a64805c528fd986,pi-1680.jpg,~/ml4img/f4dficimg/dif_MRItumor/pi-1680.jpg,static/img/5b3a3bcf1797421f8a64805c528fd986_pi-1680.jpg
6785,df9077fcd88349a08a8bcc3e482812ae,pi-1685.jpg,~/ml4img/f4dficimg/dif_MRItumor/pi-1685.jpg,static/img/df9077fcd88349a08a8bcc3e482812ae_pi-1685.jpg
6786,b71d23c4cf27483185d91b84ab944b42,pi-1695.jpg,~/ml4img/f4dficimg/dif_MRItumor/pi-1695.jpg,static/img/b71d23c4cf27483185d91b84ab944b42_pi-1695.jpg
6787,f6493951204c406b99fda2540d266e1f,pi-1698.jpg,~/ml4img/f4dficimg/dif_MRItumor/pi-1698.jpg,static/img/f6493951204c406b99fda2540d266e1f_pi-1698.jpg
6788,0754ac6629864762b808d040a7622f03,pi-1699.jpg,~/ml4img/f4dficimg/dif_MRItumor/pi-1699.jpg,static/img/0754ac6629864762b808d040a7622f03_pi-1699.jpg
6789,759c9e1a91ba4cf2b5f36c392ece23ba,pi-1709.jpg,~/ml4img/f4dficimg/dif_MRItumor/pi-1709.jpg,static/img/759c9e1a91ba4cf2b5f36c392ece23ba_pi-1709.jpg
6790,04488fc4781442de8b738fde3ef234ff,pi-1719.jpg,~/ml4img/f4dficimg/dif_MRItumor/pi-1719.jpg,static/img/04488fc4781442de8b738fde3ef234ff_pi-1719.jpg
6791,e9ec57c476b8481885a62a3636b0973b,pi-1723.jpg,~/ml4img/f4dficimg/dif_MRItumor/pi-1723.jpg,static/img/e9ec57c476b8481885a62a3636b0973b_pi-1723.jpg
6792,4372d0270d704191b89318c13b95a741,pi-1726.jpg,~/ml4img/f4dficimg/dif_MRItumor/pi-1726.jpg,static/img/4372d0270d704191b89318c13b95a741_pi-1726.jpg
6793,4fd0fa143401494089ee2526f8e13ebd,pi-1730.jpg,~/ml4img/f4dficimg/dif_MRItumor/pi-1730.jpg,static/img/4fd0fa143401494089ee2526f8e13ebd_pi-1730.jpg
6794,faadb00c0351498f98eee1b6d3c0c9e6,pi-1733.jpg,~/ml4img/f4dficimg/dif_MRItumor/pi-1733.jpg,static/img/faadb00c0351498f98eee1b6d3c0c9e6_pi-1733.jpg
6795,5eb9893111b14f7e91d50f5365ebbe5a,pi-1739.jpg,~/ml4img/f4dficimg/dif_MRItumor/pi-1739.jpg,static/img/5eb9893111b14f7e91d50f5365ebbe5a_pi-1739.jpg
6796,40178f92a85a425eaf9807bb2faf1a1a,pi-1744.jpg,~/ml4img/f4dficimg/dif_MRItumor/pi-1744.jpg,static/img/40178f92a85a425eaf9807bb2faf1a1a_pi-1744.jpg
6797,5bf4105338964dcf9d4958e28ed2414a,pi-1747.jpg,~/ml4img/f4dficimg/dif_MRItumor/pi-1747.jpg,static/img/5bf4105338964dcf9d4958e28ed2414a_pi-1747.jpg
6798,7771f512fcda460c85897836835bbe45,pi-1752.jpg,~/ml4img/f4dficimg/dif_MRItumor/pi-1752.jpg,static/img/7771f512fcda460c85897836835bbe45_pi-1752.jpg
6799,f75549abc8fc475ab80416f6c88b323d,pi-1757.jpg,~/ml4img/f4dficimg/dif_MRItumor/pi-1757.jpg,static/img/f75549abc8fc475ab80416f6c88b323d_pi-1757.jpg
